credito_total,ingreso_mensual,frecuencia_ahorro,nivel_endeudamiento,pago_mensual_deudas,tipo,fecha,descripcion,tipoPago,monto,meses_a_deber,categoria
37329.86,9267.75,NULA,1,276.81,Egreso,2025-04-05,Transaction at IRCTC,Debito,20666.49,0,Travel
42943.28,5169.78,ALTA,12,1362.36,Egreso,2025-12-06,Transaction at Myntra,Transferencia,1919.05,0,Online Shopping
25891.94,5464.42,NULA,6,102.99,Egreso,2025-06-20,Transaction at BigBazaar,Debito,2837.68,0,Grocery
47081.72,3684.23,BAJA,45,1372.29,Egreso,2025-04-23,Transaction at Property Tax Online,Transferencia,1071.04,0,Bills
48412.98,7471.89,BAJA,93,157.84,Egreso,2025-03-06,Transaction at Asus Store,Debito,10722.8,0,Electronics
40332.44,6797.05,NULA,83,409.67,Egreso,2025-10-30,Transaction at Max Fashion,Debito,3502.77,0,Clothing
22713.22,9025.64,BAJA,60,776.84,Egreso,2025-06-11,Transaction at Property Tax Online,Credito,5334.34,5,Bills
43350.48,1053.39,NULA,5,1815.77,Egreso,2025-01-03,Transaction at Airtel,Transferencia,1472.58,0,Bills
25600.57,6138.63,BAJA,7,946.98,Egreso,2025-07-27,Transaction at Wrogn,Credito,1965.86,7,Clothing
39502.29,4130.55,NULA,37,957.83,Egreso,2025-08-16,Transaction at Aha,Credito,250.69,7,Entertainment
29084.73,7195.68,MEDIA,54,116.93,Egreso,2025-03-04,Transaction at Airtel,Debito,3989.88,0,Bills
37839.11,1282.9,NULA,96,1529.61,Egreso,2025-06-23,Transaction at Cream Stone,Credito,525.94,4,Food
9525.27,7876.07,BAJA,64,1975.71,Egreso,2025-06-24,Transaction at Cream Stone,Transferencia,393.35,0,Food
48276.95,1122.77,BAJA,95,199.81,Egreso,2025-05-10,Transaction at IndiGo,Transferencia,24147.34,0,Travel
39669.76,9909.7,ALTA,81,1794.72,Egreso,2025-07-28,Transaction at Nilgiris,Transferencia,1295.25,0,Grocery
49801.39,5377.62,ALTA,69,1688.03,Egreso,2025-04-26,Transaction at TSRTC,Transferencia,1287.28,0,Transport
18721.63,4288.28,ALTA,9,477.61,Egreso,2025-02-11,Transaction at Metro Rail,Debito,723.54,0,Transport
40838.53,7052.65,MEDIA,37,1003.54,Egreso,2025-05-03,Transaction at IRCTC,Credito,11324.06,10,Travel
41453.74,3091.33,ALTA,54,456.98,Egreso,2025-06-27,Transaction at Ajio,Credito,6989.5,7,Online Shopping
49527.9,4149.67,BAJA,30,1386.67,Egreso,2025-12-27,Transaction at Nilgiris,Transferencia,1436.49,0,Grocery
14467.38,3485.96,MEDIA,56,1396.43,Egreso,2025-11-10,Transaction at Nykaa,Transferencia,16470.71,0,Online Shopping
5136.19,7517.29,NULA,97,1301.48,Egreso,2025-05-21,Transaction at Dominos,Debito,851.8,0,Food
39682.78,9230.18,ALTA,4,854.23,Egreso,2025-03-08,Transaction at AirAsia,Debito,20599.36,0,Travel
38283.68,2703.77,NULA,15,684.34,Egreso,2025-11-30,Transaction at KFC,Credito,1260.41,9,Food
49684.91,1978.89,BAJA,85,1210.32,Egreso,2025-08-25,Transaction at Netflix,Transferencia,828.75,0,Entertainment
24963.66,1001.83,BAJA,35,228.84,Egreso,2025-05-29,Transaction at Apple Store,Transferencia,131786.69,0,Electronics
27833.95,1306.23,MEDIA,85,1767.06,Egreso,2025-02-06,Transaction at Spotify,Transferencia,177.44,0,Entertainment
33435.65,8882.89,BAJA,23,1102.88,Egreso,2025-03-09,Transaction at Water Board,Transferencia,2367.05,0,Bills
5678.84,2406.07,MEDIA,24,1752.26,Egreso,2025-02-27,Transaction at Vodafone Idea,Transferencia,4047.44,0,Bills
26502.18,1518.52,MEDIA,73,988.46,Egreso,2025-05-20,Transaction at Zara,Transferencia,7133.34,0,Clothing
41698.83,5124.44,MEDIA,35,1414.19,Egreso,2025-12-27,Transaction at Ajio,Debito,6351.17,0,Online Shopping
23935.18,2736.56,BAJA,64,1973.81,Egreso,2025-05-20,Transaction at Boat Lifestyle,Debito,128424.24,0,Electronics
41588.52,2944.36,BAJA,86,651.63,Egreso,2025-02-08,Transaction at Aster,Transferencia,17253.66,0,Healthcare
29801.14,3319.17,BAJA,28,573.8,Egreso,2025-09-23,Transaction at OnePlus,Transferencia,134214.53,0,Electronics
20980.47,6859.39,NULA,63,956.73,Egreso,2025-09-25,Transaction at Adidas,Debito,7195.3,0,Clothing
30248.46,1215.75,MEDIA,90,1570.35,Egreso,2025-03-27,Transaction at CloudNine,Debito,18022.92,0,Healthcare
39150.46,5280.59,MEDIA,68,1879.81,Egreso,2025-02-06,Transaction at Taco Bell,Credito,1158.63,11,Food
10277.28,9632.34,ALTA,4,265.55,Egreso,2025-05-26,Transaction at Metro Rail,Transferencia,982.63,0,Transport
14238.87,1466.52,BAJA,35,603.49,Egreso,2025-10-04,Transaction at JioMart,Credito,552.08,11,Grocery
21838.6,7213.1,BAJA,28,409.14,Egreso,2025-05-07,Transaction at Zara,Transferencia,7654.25,0,Clothing
35423.34,6655.04,ALTA,39,1530.22,Egreso,2025-04-10,Transaction at Apple Store,Transferencia,111005.98,0,Electronics
10539.01,4900.16,ALTA,88,887.73,Egreso,2025-05-27,Transaction at Barbeque Nation,Transferencia,610.2,0,Food
27094.13,5455.98,ALTA,86,1865.61,Egreso,2025-11-03,Transaction at BigBazaar,Debito,2051.12,0,Grocery
17041.12,4630.81,BAJA,68,234.84,Egreso,2025-02-25,Transaction at Rapido,Transferencia,601.33,0,Transport
12967.24,8273.55,ALTA,25,1381.39,Egreso,2025-12-13,Transaction at Hotstar,Transferencia,850.41,0,Entertainment
10165.43,7967.01,MEDIA,38,760.41,Egreso,2025-10-05,Transaction at Snapdeal,Debito,17659.33,0,Online Shopping
23980.55,1551.07,ALTA,33,169.68,Egreso,2025-06-20,Transaction at Allen Solly,Debito,6845.1,0,Clothing
36455.53,2225.45,NULA,11,241.27,Egreso,2025-01-22,Transaction at 1mg,Credito,10543.34,5,Healthcare
11206.22,9892.54,BAJA,56,1877.94,Egreso,2025-09-16,Transaction at Biba,Transferencia,1592.02,0,Clothing
12172.0,2294.6,BAJA,28,1672.72,Egreso,2025-08-03,Transaction at Ola,Transferencia,1456.02,0,Transport
43667.59,3920.72,ALTA,11,1440.87,Egreso,2025-05-11,Transaction at Asus Store,Credito,39285.05,10,Electronics
11306.11,2449.06,MEDIA,73,133.96,Egreso,2025-11-30,Transaction at PharmEasy,Transferencia,14997.81,0,Healthcare
11233.57,2086.15,ALTA,30,1025.84,Egreso,2025-05-27,Transaction at Airtel,Transferencia,5491.42,0,Bills
26594.24,8267.84,BAJA,67,1774.18,Egreso,2025-10-17,Transaction at Hotstar,Transferencia,271.2,0,Entertainment
25713.72,8480.9,BAJA,22,305.37,Egreso,2025-06-21,Transaction at IndiGo,Transferencia,18720.15,0,Travel
17842.18,7342.25,ALTA,66,731.67,Egreso,2025-12-14,Transaction at Apollo Pharmacy,Debito,15857.73,0,Healthcare
16722.73,5938.64,BAJA,17,468.94,Egreso,2025-10-02,Transaction at A2B,Transferencia,606.98,0,Food
27045.71,3204.56,NULA,13,1243.97,Egreso,2025-06-01,Transaction at Taco Bell,Transferencia,866.89,0,Food
9931.02,7978.71,NULA,54,1940.59,Egreso,2025-09-24,Transaction at Uber,Transferencia,930.7,0,Transport
49155.84,3604.66,BAJA,55,619.78,Egreso,2025-06-12,Transaction at IndiGo,Credito,19578.06,11,Travel
47144.08,2430.6,MEDIA,57,1437.29,Egreso,2025-05-27,Transaction at Croma,Transferencia,102800.65,0,Electronics
23625.87,4137.15,MEDIA,73,870.58,Egreso,2025-05-15,Transaction at US Polo,Credito,7247.1,10,Clothing
45003.53,8993.55,BAJA,81,218.54,Egreso,2025-04-29,Transaction at DMart,Transferencia,1809.33,0,Grocery
17679.21,2901.06,BAJA,70,1295.46,Egreso,2025-11-24,Transaction at Ajio,Credito,3187.72,5,Online Shopping
39212.01,1123.29,MEDIA,99,386.68,Egreso,2025-11-03,Transaction at Biba,Transferencia,4245.61,0,Clothing
23915.46,1030.87,NULA,2,1626.56,Egreso,2025-05-08,Transaction at Nykaa,Credito,16580.74,7,Online Shopping
33281.22,5385.74,NULA,75,999.41,Egreso,2025-11-28,Transaction at IRCTC,Debito,24587.69,0,Travel
7591.87,8007.63,ALTA,87,1938.36,Egreso,2025-02-15,Transaction at Goibibo,Credito,18246.21,1,Travel
24768.68,6153.44,NULA,92,892.84,Egreso,2025-05-16,Transaction at Croma,Transferencia,114729.44,0,Electronics
47585.59,7053.57,MEDIA,47,1171.91,Egreso,2025-12-24,Transaction at Aster,Transferencia,2573.77,0,Healthcare
40573.0,3952.59,NULA,46,192.68,Egreso,2025-11-03,Transaction at Ajio,Transferencia,12783.42,0,Online Shopping
48728.81,5367.68,MEDIA,86,951.46,Egreso,2025-05-11,Transaction at Netmeds,Transferencia,8942.95,0,Healthcare
12103.24,4143.03,MEDIA,4,271.13,Egreso,2025-01-04,Transaction at Jio Fiber,Credito,1317.31,9,Bills
47424.28,8400.23,BAJA,82,1405.41,Egreso,2025-01-06,Transaction at AirAsia,Transferencia,18249.98,0,Travel
9798.42,6398.39,BAJA,2,823.5,Egreso,2025-05-28,Transaction at SonyLiv,Debito,180.09,0,Entertainment
29765.66,5720.31,NULA,85,725.05,Egreso,2025-12-23,Transaction at Snapdeal,Credito,3790.59,10,Online Shopping
46186.36,3708.96,ALTA,47,1799.38,Egreso,2025-09-09,Transaction at Amazon,Credito,7246.88,2,Online Shopping
37568.51,1554.52,BAJA,32,1559.38,Egreso,2025-05-12,Transaction at Boat Lifestyle,Debito,81586.75,0,Electronics
26897.63,3583.45,MEDIA,31,1044.11,Egreso,2025-09-03,Transaction at Wrogn,Credito,3214.92,5,Clothing
6451.43,7387.95,BAJA,58,1905.9,Egreso,2025-01-28,Transaction at Uber,Transferencia,288.69,0,Transport
40206.85,4785.98,BAJA,2,1744.42,Egreso,2025-07-09,Transaction at Apollo Hospital,Debito,14951.4,0,Healthcare
16268.49,2871.28,BAJA,56,1231.56,Egreso,2025-06-03,Transaction at BigBazaar,Credito,3397.54,2,Grocery
18086.23,7015.11,ALTA,59,548.68,Egreso,2025-07-08,Transaction at Nilgiris,Transferencia,1139.88,0,Grocery
38664.51,8345.63,NULA,38,613.55,Egreso,2025-08-03,Transaction at Gaana,Transferencia,342.63,0,Entertainment
20768.61,1882.59,NULA,94,871.15,Egreso,2025-08-15,Transaction at TSRTC,Credito,892.7,7,Transport
33394.63,1774.72,NULA,18,1431.47,Egreso,2025-06-12,Transaction at Gaana,Transferencia,968.55,0,Entertainment
31667.55,5743.32,MEDIA,69,283.83,Egreso,2025-01-10,Transaction at Max Fashion,Transferencia,4490.07,0,Clothing
35538.71,5628.92,BAJA,49,1144.08,Egreso,2025-07-15,Transaction at Pizza Hut,Transferencia,1157.6,0,Food
35637.39,4010.83,BAJA,48,353.75,Egreso,2025-12-07,Transaction at 1mg,Credito,8764.35,4,Healthcare
8792.44,7656.34,BAJA,24,1682.0,Egreso,2025-01-26,Transaction at BMTC,Transferencia,1547.07,0,Transport
5151.39,5727.22,MEDIA,33,1560.54,Egreso,2025-08-28,Transaction at Ajio,Transferencia,8146.38,0,Online Shopping
13946.47,2057.58,NULA,78,639.03,Egreso,2025-02-05,Transaction at Meru Cabs,Credito,1920.03,9,Transport
38779.41,7285.11,BAJA,40,1162.11,Egreso,2025-10-06,Transaction at Max Fashion,Credito,1721.41,10,Clothing
42716.11,1779.57,MEDIA,74,1540.32,Egreso,2025-05-29,Transaction at Aster,Transferencia,14813.92,0,Healthcare
42158.76,5603.31,ALTA,99,1895.39,Egreso,2025-05-05,Transaction at ACT Fibernet,Debito,319.22,0,Bills
25544.1,6471.96,NULA,57,1588.1,Egreso,2025-04-27,Transaction at Water Board,Transferencia,2338.4,0,Bills
25425.87,1490.24,BAJA,28,388.76,Egreso,2025-09-02,Transaction at Vivo Store,Credito,61980.42,1,Electronics
26265.84,6914.36,MEDIA,5,1747.91,Egreso,2025-02-23,Transaction at Ola,Debito,822.4,0,Transport
42741.14,8640.07,NULA,78,1485.35,Egreso,2025-02-26,Transaction at YouTube Premium,Transferencia,184.47,0,Entertainment
7328.39,7486.41,NULA,37,1746.85,Egreso,2025-10-08,Transaction at Aster,Transferencia,4255.27,0,Healthcare
37038.69,9813.2,ALTA,30,466.62,Egreso,2025-11-14,Transaction at Pizza Hut,Transferencia,565.33,0,Food
17493.84,1700.4,NULA,17,1334.33,Egreso,2025-11-04,Transaction at BSNL,Transferencia,448.88,0,Bills
28114.11,4375.33,ALTA,19,1255.5,Egreso,2025-02-17,Transaction at Apollo Pharmacy,Transferencia,18445.07,0,Healthcare
35517.37,5314.92,BAJA,28,450.01,Egreso,2025-03-28,Transaction at Water Board,Transferencia,4260.5,0,Bills
30854.71,1663.64,NULA,0,857.64,Egreso,2025-04-16,Transaction at Chai Point,Transferencia,589.68,0,Food
10670.86,6453.33,BAJA,69,1230.56,Egreso,2025-07-01,Transaction at Booking.com,Debito,27712.34,0,Travel
32337.16,1602.56,ALTA,24,1411.99,Egreso,2025-06-23,Transaction at Nykaa,Transferencia,13376.26,0,Online Shopping
28650.81,5432.0,MEDIA,28,1637.49,Egreso,2025-03-17,Transaction at 1mg,Transferencia,1134.99,0,Healthcare
11618.26,3774.86,NULA,42,660.43,Egreso,2025-11-25,Transaction at CloudNine,Credito,12384.61,2,Healthcare
8809.26,2070.82,MEDIA,22,1812.76,Egreso,2025-11-08,Transaction at Pantaloons,Transferencia,6929.7,0,Clothing
7916.28,7558.43,NULA,72,114.82,Egreso,2025-11-26,Transaction at Reliance Digital,Transferencia,130642.49,0,Electronics
13223.84,4400.01,ALTA,40,1161.61,Egreso,2025-06-25,Transaction at Apple Store,Transferencia,79777.72,0,Electronics
45129.07,4894.75,NULA,26,1864.95,Egreso,2025-11-30,Transaction at MedPlus,Transferencia,3370.27,0,Healthcare
14577.82,5166.37,ALTA,55,846.97,Egreso,2025-12-05,Transaction at Zee5,Credito,337.71,6,Entertainment
6832.53,3512.64,ALTA,45,1938.51,Egreso,2025-07-12,Transaction at Ajio,Transferencia,4838.78,0,Online Shopping
38077.27,6406.18,MEDIA,93,415.08,Egreso,2025-06-07,Transaction at AirAsia,Transferencia,5198.69,0,Travel
47870.14,4265.14,BAJA,93,613.44,Egreso,2025-06-11,Transaction at Aha,Transferencia,837.72,0,Entertainment
26976.21,2519.29,NULA,22,1198.74,Egreso,2025-05-18,Transaction at Vivo Store,Transferencia,77283.47,0,Electronics
11722.77,5486.33,NULA,60,1974.88,Egreso,2025-04-28,Transaction at Asus Store,Transferencia,11685.73,0,Electronics
27691.65,5811.05,MEDIA,87,1945.61,Egreso,2025-10-21,Transaction at TSRTC,Transferencia,1439.75,0,Transport
40361.88,4210.55,ALTA,22,910.44,Egreso,2025-08-05,Transaction at Uber,Transferencia,1973.48,0,Transport
26499.41,4501.42,BAJA,40,1068.61,Egreso,2025-10-06,Transaction at Nike,Transferencia,4371.85,0,Clothing
17985.19,4804.69,BAJA,50,1218.34,Egreso,2025-03-02,Transaction at MedPlus,Transferencia,1402.49,0,Healthcare
10749.35,1857.38,MEDIA,93,1636.02,Egreso,2025-10-28,Transaction at A2B,Credito,1243.48,1,Food
30288.89,2605.01,MEDIA,35,1895.43,Egreso,2025-04-13,Transaction at Noise,Credito,113889.04,4,Electronics
29834.74,4732.92,ALTA,83,925.92,Egreso,2025-06-20,Transaction at Ola,Transferencia,1257.63,0,Transport
22846.53,7135.08,BAJA,73,1752.53,Egreso,2025-01-30,Transaction at Zee5,Transferencia,933.54,0,Entertainment
22824.94,5120.4,MEDIA,10,652.22,Egreso,2025-02-08,Transaction at Starbucks,Transferencia,651.61,0,Food
14643.59,9009.52,ALTA,31,1763.74,Egreso,2025-08-09,Transaction at Fortis,Debito,10637.38,0,Healthcare
9694.93,2735.38,ALTA,5,292.14,Egreso,2025-03-07,Transaction at Reliance Digital,Debito,18244.44,0,Electronics
13777.64,2877.89,ALTA,13,1197.31,Egreso,2025-08-18,Transaction at Ola,Transferencia,1887.66,0,Transport
43090.11,7239.88,MEDIA,51,646.01,Egreso,2025-12-15,Transaction at SonyLiv,Debito,145.96,0,Entertainment
12436.24,1545.51,MEDIA,51,186.49,Egreso,2025-03-31,Transaction at Booking.com,Transferencia,12967.17,0,Travel
36310.53,7381.93,BAJA,89,1752.1,Egreso,2025-06-29,Transaction at Sony Center,Transferencia,62817.88,0,Electronics
36384.13,8768.13,NULA,46,998.71,Egreso,2025-07-29,Transaction at Biba,Debito,4148.95,0,Clothing
9152.8,9597.63,NULA,72,913.01,Egreso,2025-04-30,Transaction at JioMart,Transferencia,2506.42,0,Grocery
35022.15,1123.1,BAJA,47,1614.44,Egreso,2025-11-15,Transaction at Rapido,Transferencia,228.04,0,Transport
33000.63,4334.6,BAJA,32,1706.29,Egreso,2025-11-03,Transaction at Amazon,Transferencia,3452.95,0,Online Shopping
42047.54,1010.45,NULA,10,1970.32,Egreso,2025-02-06,Transaction at CCD,Transferencia,623.51,0,Food
31136.57,5845.2,MEDIA,55,1537.02,Egreso,2025-07-25,Transaction at AirAsia,Transferencia,9974.99,0,Travel
48512.73,3665.57,MEDIA,21,458.38,Egreso,2025-08-30,Transaction at Reliance Fresh,Debito,1624.5,0,Grocery
35812.21,8649.13,ALTA,76,849.35,Egreso,2025-10-11,Transaction at Pepperfry,Transferencia,14948.76,0,Online Shopping
49041.88,8094.21,MEDIA,1,877.21,Egreso,2025-11-04,Transaction at SonyLiv,Transferencia,685.67,0,Entertainment
31953.57,1883.68,MEDIA,92,1556.92,Egreso,2025-03-06,Transaction at Reliance Digital,Debito,91984.49,0,Electronics
46956.34,4447.26,BAJA,79,329.09,Egreso,2025-05-06,Transaction at Spencers,Debito,4302.88,0,Grocery
20017.05,7204.62,NULA,95,1660.29,Egreso,2025-07-05,Transaction at Ajio,Transferencia,16992.09,0,Online Shopping
32003.26,1157.49,NULA,44,1195.51,Egreso,2025-06-20,Transaction at PharmEasy,Transferencia,15524.65,0,Healthcare
38815.64,2937.1,NULA,76,1622.41,Egreso,2025-08-27,Transaction at Air India,Credito,27984.0,11,Travel
40786.64,6885.42,MEDIA,57,264.51,Egreso,2025-08-25,Transaction at RedBus,Transferencia,1324.57,0,Transport
49337.58,4600.85,BAJA,12,1823.58,Egreso,2025-02-06,Transaction at Subway,Debito,1429.47,0,Food
37740.67,1703.81,BAJA,92,1479.65,Egreso,2025-09-08,Transaction at IndiGo,Transferencia,7841.59,0,Travel
44362.44,5115.5,NULA,88,1729.3,Egreso,2025-12-13,Transaction at Woodland,Transferencia,7711.86,0,Clothing
27262.2,1488.43,NULA,79,1138.56,Egreso,2025-05-06,Transaction at Ola,Credito,1376.98,3,Transport
31604.3,9891.31,NULA,74,1546.93,Egreso,2025-02-04,Transaction at A2B,Credito,563.71,11,Food
31424.48,1754.7,BAJA,89,357.42,Egreso,2025-11-02,Transaction at HP World,Transferencia,9965.75,0,Electronics
25018.03,5882.93,MEDIA,78,1525.03,Egreso,2025-02-16,Transaction at Lenskart,Transferencia,2429.44,0,Online Shopping
38628.35,9581.06,NULA,33,1960.06,Egreso,2025-12-29,Transaction at IndiGo,Credito,19630.5,6,Travel
21928.99,4702.82,MEDIA,74,251.0,Egreso,2025-06-25,Transaction at Cream Stone,Debito,832.44,0,Food
38562.46,8342.62,MEDIA,42,625.48,Egreso,2025-09-02,Transaction at RedBus,Transferencia,792.61,0,Transport
39390.81,2793.14,ALTA,66,245.69,Egreso,2025-12-22,Transaction at Amazon,Debito,17765.64,0,Online Shopping
17711.55,1166.09,ALTA,30,301.41,Egreso,2025-07-30,Transaction at Gaana,Transferencia,660.53,0,Entertainment
17443.23,7718.48,NULA,14,1808.73,Egreso,2025-12-24,Transaction at Paradise Biryani,Credito,194.1,6,Food
15464.65,5146.0,BAJA,75,1198.88,Egreso,2025-06-08,Transaction at Allen Solly,Transferencia,6496.52,0,Clothing
21958.37,5959.37,ALTA,81,211.18,Egreso,2025-12-08,Transaction at Zee5,Transferencia,669.09,0,Entertainment
14644.0,4426.12,MEDIA,98,339.35,Egreso,2025-04-12,Transaction at Taco Bell,Transferencia,126.15,0,Food
47842.96,2991.22,NULA,9,1183.13,Egreso,2025-02-22,Transaction at IndiGo,Transferencia,2297.18,0,Travel
7216.31,3746.44,BAJA,14,350.95,Egreso,2025-03-02,Transaction at US Polo,Credito,7251.49,1,Clothing
13548.33,2223.72,ALTA,47,872.81,Egreso,2025-09-29,Transaction at Allen Solly,Credito,545.49,8,Clothing
42152.05,7208.9,BAJA,77,105.67,Egreso,2025-01-08,Transaction at H&M,Credito,3749.25,9,Clothing
38275.66,7355.47,ALTA,12,1487.96,Egreso,2025-08-05,Transaction at Chai Point,Transferencia,981.12,0,Food
25826.63,5163.49,MEDIA,92,1796.53,Egreso,2025-07-08,Transaction at Mi Store,Transferencia,89726.7,0,Electronics
42808.26,1832.64,MEDIA,73,967.77,Egreso,2025-03-09,Transaction at Nature's Basket,Transferencia,525.86,0,Grocery
17956.58,9155.61,BAJA,95,1312.85,Egreso,2025-02-14,Transaction at OnePlus,Debito,149197.11,0,Electronics
21042.0,7578.36,NULA,17,773.88,Egreso,2025-12-29,Transaction at Water Board,Transferencia,1766.65,0,Bills
27362.76,3483.56,NULA,36,975.72,Egreso,2025-10-25,Transaction at A2B,Credito,1268.04,1,Food
39532.72,1884.33,ALTA,42,1350.37,Egreso,2025-11-10,Transaction at Flipkart,Transferencia,15804.76,0,Online Shopping
36522.46,6443.18,NULA,22,1770.43,Egreso,2025-12-22,Transaction at Tata Cliq,Debito,709.77,0,Online Shopping
43857.29,8998.62,NULA,74,1413.9,Egreso,2025-06-13,Transaction at Subway,Transferencia,525.91,0,Food
13673.21,1123.11,MEDIA,49,159.5,Egreso,2025-09-07,Transaction at AirAsia,Transferencia,21491.65,0,Travel
9046.85,2080.64,MEDIA,92,838.79,Egreso,2025-11-12,Transaction at CloudNine,Transferencia,10150.1,0,Healthcare
22540.01,1598.2,ALTA,55,458.48,Egreso,2025-11-06,Transaction at Property Tax Online,Credito,599.75,5,Bills
44635.53,3738.58,BAJA,83,1594.13,Egreso,2025-12-19,Transaction at Netflix,Transferencia,890.56,0,Entertainment
47489.06,6102.13,BAJA,33,718.68,Egreso,2025-05-21,Transaction at Yatra,Transferencia,24867.56,0,Travel
27332.61,9113.96,BAJA,91,984.99,Egreso,2025-07-11,Transaction at Wrogn,Transferencia,7653.49,0,Clothing
38549.46,1026.53,MEDIA,60,173.24,Egreso,2025-04-01,Transaction at A2B,Transferencia,1362.74,0,Food
7587.89,5208.5,MEDIA,70,1680.27,Egreso,2025-01-06,Transaction at McDonalds,Transferencia,448.3,0,Food
11966.31,3766.05,NULA,9,1757.8,Egreso,2025-08-30,Transaction at Biba,Transferencia,4150.21,0,Clothing
19052.39,8700.27,MEDIA,36,1170.12,Egreso,2025-12-23,Transaction at Netflix,Debito,825.99,0,Entertainment
38217.95,2528.26,BAJA,79,615.51,Egreso,2025-06-27,Transaction at Ajio,Debito,17939.67,0,Online Shopping
40617.39,3103.63,BAJA,54,1413.71,Egreso,2025-08-04,Transaction at Adidas,Transferencia,5732.02,0,Clothing
25316.63,5044.12,MEDIA,30,373.98,Egreso,2025-04-10,Transaction at Myntra,Transferencia,15843.46,0,Online Shopping
44445.57,5194.17,NULA,69,1868.34,Egreso,2025-09-14,Transaction at Woodland,Credito,2849.03,8,Clothing
9351.99,3108.72,BAJA,46,679.66,Egreso,2025-09-05,Transaction at Water Board,Debito,2133.83,0,Bills
34373.24,2939.03,MEDIA,47,1458.92,Egreso,2025-09-25,Transaction at Burger King,Debito,586.87,0,Food
30392.69,6649.91,NULA,43,435.27,Egreso,2025-11-25,Transaction at Vivo Store,Credito,52603.38,4,Electronics
47019.35,2049.67,MEDIA,42,1911.53,Egreso,2025-06-14,Transaction at Ajio,Credito,5364.84,6,Online Shopping
44228.77,1429.71,BAJA,29,1062.68,Egreso,2025-03-12,Transaction at Allen Solly,Transferencia,6585.16,0,Clothing
29997.63,2516.36,MEDIA,58,957.04,Egreso,2025-06-21,Transaction at Spencers,Transferencia,988.93,0,Grocery
19266.85,5548.73,BAJA,57,972.93,Egreso,2025-04-30,Transaction at Reliance Fresh,Transferencia,4025.14,0,Grocery
17188.27,9239.7,ALTA,63,1112.34,Egreso,2025-01-02,Transaction at Dell Exclusive,Debito,6757.48,0,Electronics
15481.0,3686.53,MEDIA,1,949.56,Egreso,2025-08-25,Transaction at Apollo Hospital,Debito,9203.48,0,Healthcare
17235.51,1113.94,BAJA,86,1853.62,Egreso,2025-04-29,Transaction at Apollo Pharmacy,Credito,18768.49,5,Healthcare
43486.27,1396.91,BAJA,32,1928.25,Egreso,2025-11-17,Transaction at YouTube Premium,Transferencia,528.73,0,Entertainment
37082.57,3859.54,NULA,98,513.3,Egreso,2025-10-20,Transaction at Biba,Credito,5811.09,11,Clothing
32952.7,3666.48,BAJA,50,128.35,Egreso,2025-03-21,Transaction at Adidas,Debito,729.05,0,Clothing
23605.77,8746.22,ALTA,73,1937.67,Egreso,2025-03-05,Transaction at Woodland,Transferencia,630.04,0,Clothing
19623.92,1914.4,ALTA,99,419.44,Egreso,2025-09-09,Transaction at Vivo Store,Debito,137121.24,0,Electronics
32319.96,6347.39,MEDIA,8,680.12,Egreso,2025-05-07,Transaction at Tata Cliq,Transferencia,4770.36,0,Online Shopping
42562.18,8167.89,BAJA,62,1770.0,Egreso,2025-11-01,Transaction at OYO,Credito,26210.65,7,Travel
9040.17,5614.0,NULA,1,177.1,Egreso,2025-12-04,Transaction at BigBazaar,Transferencia,4900.87,0,Grocery
45830.41,7978.9,BAJA,4,778.71,Egreso,2025-10-01,Transaction at Zee5,Credito,966.79,8,Entertainment
5690.69,3521.07,MEDIA,20,1012.22,Egreso,2025-01-26,Transaction at AirAsia,Transferencia,17034.33,0,Travel
42905.39,5219.57,NULA,42,851.85,Egreso,2025-04-29,Transaction at HP World,Credito,79693.95,5,Electronics
22968.49,2415.27,MEDIA,14,867.23,Egreso,2025-01-04,Transaction at Woodland,Debito,2147.95,0,Clothing
44336.24,8944.1,ALTA,96,573.91,Egreso,2025-12-26,Transaction at US Polo,Transferencia,6107.36,0,Clothing
18306.87,7103.79,ALTA,86,961.14,Egreso,2025-02-01,Transaction at Spencers,Transferencia,912.56,0,Grocery
29886.18,8100.08,ALTA,97,1363.04,Egreso,2025-03-13,Transaction at Myntra,Debito,9111.71,0,Online Shopping
29269.75,7671.23,NULA,75,581.6,Egreso,2025-03-05,Transaction at YouTube Premium,Credito,285.78,2,Entertainment
9612.63,8023.47,BAJA,85,1756.17,Egreso,2025-09-02,Transaction at Reliance Fresh,Debito,2726.01,0,Grocery
46005.55,6899.62,ALTA,46,853.78,Egreso,2025-11-18,Transaction at KFC,Credito,964.0,2,Food
49887.08,4505.68,ALTA,40,128.94,Egreso,2025-12-06,Transaction at Netmeds,Debito,1708.26,0,Healthcare
23838.95,4992.54,MEDIA,58,157.89,Egreso,2025-11-20,Transaction at Star Bazaar,Transferencia,1546.82,0,Grocery
31383.77,2582.18,MEDIA,31,1484.91,Egreso,2025-06-27,Transaction at Property Tax Online,Transferencia,748.22,0,Bills
22686.53,4205.21,NULA,15,867.39,Egreso,2025-10-10,Transaction at Air India,Transferencia,1636.45,0,Travel
21791.23,1910.79,BAJA,26,776.61,Egreso,2025-04-17,Transaction at Property Tax Online,Transferencia,5176.22,0,Bills
28955.81,8822.59,NULA,9,679.58,Egreso,2025-11-11,Transaction at Pepperfry,Credito,1846.59,8,Online Shopping
36752.51,2648.28,BAJA,97,684.92,Egreso,2025-01-18,Transaction at 1mg,Debito,7689.79,0,Healthcare
32929.72,8783.46,BAJA,98,1735.09,Egreso,2025-11-27,Transaction at AirAsia,Credito,29257.87,5,Travel
44424.83,5592.06,NULA,80,797.89,Egreso,2025-08-03,Transaction at Aha,Transferencia,477.4,0,Entertainment
33323.31,9022.48,BAJA,10,1319.95,Egreso,2025-07-30,Transaction at Goibibo,Transferencia,22699.69,0,Travel
46322.08,4743.34,BAJA,9,1710.34,Egreso,2025-10-02,Transaction at Sony Center,Credito,72060.14,9,Electronics
7819.55,7795.65,NULA,73,873.29,Egreso,2025-02-16,Transaction at Pizza Hut,Credito,914.44,9,Food
46458.63,4455.73,MEDIA,70,1706.74,Egreso,2025-09-07,Transaction at AirAsia,Transferencia,5134.83,0,Travel
45958.17,5862.64,ALTA,98,332.92,Egreso,2025-06-24,Transaction at Pepperfry,Transferencia,17582.23,0,Online Shopping
7940.95,9947.12,BAJA,65,940.08,Egreso,2025-11-08,Transaction at Zee5,Credito,669.21,3,Entertainment
25673.93,6397.85,ALTA,42,1564.74,Egreso,2025-06-08,Transaction at Max Fashion,Debito,6803.03,0,Clothing
48993.49,7111.49,BAJA,4,513.99,Egreso,2025-07-23,Transaction at OYO,Transferencia,12058.28,0,Travel
48779.79,5060.08,NULA,79,1867.3,Egreso,2025-10-18,Transaction at ACT Fibernet,Debito,3164.33,0,Bills
29523.41,2411.25,BAJA,0,1918.92,Egreso,2025-09-12,Transaction at CloudNine,Debito,3742.91,0,Healthcare
25618.35,4573.28,BAJA,75,1208.83,Egreso,2025-12-17,Transaction at TNEB,Transferencia,3166.76,0,Bills
35565.9,1480.75,MEDIA,93,999.54,Egreso,2025-03-07,Transaction at Vistara,Credito,16120.18,1,Travel
37283.02,1637.74,MEDIA,82,1684.3,Egreso,2025-03-24,Transaction at Apple Music,Debito,492.05,0,Entertainment
44027.39,7570.08,MEDIA,45,1418.26,Egreso,2025-01-29,Transaction at Yatra,Transferencia,23573.49,0,Travel
34537.01,8773.82,ALTA,70,1179.83,Egreso,2025-02-12,Transaction at TSRTC,Debito,947.12,0,Transport
34561.62,9250.13,MEDIA,30,1628.01,Egreso,2025-04-03,Transaction at Nykaa,Transferencia,5859.4,0,Online Shopping
48005.3,5854.08,NULA,81,1204.5,Egreso,2025-08-30,Transaction at Wrogn,Credito,7983.18,3,Clothing
23026.49,1477.49,BAJA,28,430.05,Egreso,2025-02-25,Transaction at Puma,Debito,3787.78,0,Clothing
45331.48,3381.52,MEDIA,12,1573.88,Egreso,2025-07-25,Transaction at IRCTC,Transferencia,28758.21,0,Travel
10323.59,6988.34,ALTA,80,578.29,Egreso,2025-04-12,Transaction at Spencers,Debito,2669.17,0,Grocery
22551.68,4422.9,NULA,63,1511.04,Egreso,2025-07-04,Transaction at Burger King,Transferencia,408.41,0,Food
17080.36,9755.19,NULA,85,299.49,Egreso,2025-06-16,Transaction at Meru Cabs,Debito,879.41,0,Transport
20724.68,8396.79,BAJA,78,1981.78,Egreso,2025-03-17,Transaction at H&M,Transferencia,6584.41,0,Clothing
29682.59,6428.48,ALTA,96,1032.95,Egreso,2025-01-21,Transaction at Metro Rail,Transferencia,1597.44,0,Transport
11622.0,5929.9,NULA,18,1095.56,Egreso,2025-05-21,Transaction at Jio Fiber,Credito,4999.89,5,Bills
41627.93,3591.71,ALTA,95,1861.67,Egreso,2025-12-18,Transaction at Taco Bell,Debito,1362.75,0,Food
23542.04,2046.9,BAJA,24,1125.6,Egreso,2025-03-11,Transaction at Pepperfry,Transferencia,837.29,0,Online Shopping
26350.47,6945.7,BAJA,72,1614.47,Egreso,2025-08-03,Transaction at Yulu Bikes,Transferencia,333.48,0,Transport
26695.85,3338.33,NULA,7,1391.68,Egreso,2025-10-20,Transaction at YouTube Premium,Transferencia,682.0,0,Entertainment
8097.21,8909.95,NULA,86,411.41,Egreso,2025-07-12,Transaction at YouTube Premium,Credito,146.61,11,Entertainment
23078.0,3711.29,MEDIA,24,1047.46,Egreso,2025-12-26,Transaction at A2B,Transferencia,1259.95,0,Food
26283.82,7368.86,BAJA,4,879.25,Egreso,2025-05-29,Transaction at Aha,Transferencia,261.96,0,Entertainment
7260.67,8925.9,ALTA,23,1347.12,Egreso,2025-03-25,Transaction at Ajio,Transferencia,3601.37,0,Online Shopping
23306.73,4586.96,BAJA,3,1038.03,Egreso,2025-01-08,Transaction at Aster,Transferencia,9106.46,0,Healthcare
38551.89,9815.89,BAJA,13,1019.63,Egreso,2025-04-18,Transaction at Fortis,Debito,17117.0,0,Healthcare
40149.34,2696.14,MEDIA,92,652.99,Egreso,2025-08-14,Transaction at AirAsia,Transferencia,1101.08,0,Travel
20441.54,5229.85,ALTA,99,1664.37,Egreso,2025-03-30,Transaction at Reliance Fresh,Credito,1778.71,8,Grocery
47721.91,9359.88,NULA,16,1213.32,Egreso,2025-09-18,Transaction at 1mg,Credito,11609.84,2,Healthcare
44827.36,1673.6,MEDIA,17,348.13,Egreso,2025-03-26,Transaction at PharmEasy,Transferencia,12366.48,0,Healthcare
36905.43,3370.94,NULA,59,555.65,Egreso,2025-05-09,Transaction at Dominos,Transferencia,800.74,0,Food
18690.66,3600.18,BAJA,13,1705.4,Egreso,2025-04-12,Transaction at Vivo Store,Transferencia,95547.02,0,Electronics
34317.85,3514.9,NULA,95,501.81,Egreso,2025-11-28,Transaction at PharmEasy,Transferencia,12148.28,0,Healthcare
17649.58,9060.93,BAJA,70,1185.48,Egreso,2025-04-18,Transaction at Dell Exclusive,Debito,9761.08,0,Electronics
28977.85,3221.86,MEDIA,78,397.12,Egreso,2025-07-16,Transaction at Croma,Debito,26401.86,0,Electronics
25024.12,6398.16,MEDIA,36,245.55,Egreso,2025-01-01,Transaction at Taco Bell,Transferencia,124.46,0,Food
5301.4,1645.68,MEDIA,86,1760.44,Egreso,2025-12-07,Transaction at Flipkart,Transferencia,8903.7,0,Online Shopping
40345.03,3601.46,MEDIA,0,629.7,Egreso,2025-03-17,Transaction at CCD,Debito,239.53,0,Food
13254.21,3095.18,MEDIA,50,1491.14,Egreso,2025-02-14,Transaction at HP World,Credito,45459.55,9,Electronics
47528.94,6253.41,NULA,94,1612.55,Egreso,2025-12-03,Transaction at Apollo Hospital,Transferencia,16891.8,0,Healthcare
38157.02,7334.36,MEDIA,4,1269.57,Egreso,2025-08-15,Transaction at Meesho,Credito,9092.74,4,Online Shopping
11038.78,5333.96,NULA,11,624.22,Egreso,2025-10-28,Transaction at Nilgiris,Debito,1794.99,0,Grocery
8163.31,2151.65,BAJA,49,1046.03,Egreso,2025-12-18,Transaction at Apollo Pharmacy,Transferencia,11275.49,0,Healthcare
39510.58,6658.56,BAJA,63,764.51,Egreso,2025-06-23,Transaction at Netmeds,Debito,16640.54,0,Healthcare
48301.99,8608.37,BAJA,83,348.62,Egreso,2025-04-05,Transaction at YouTube Premium,Transferencia,759.05,0,Entertainment
5646.04,3669.95,BAJA,70,289.47,Egreso,2025-03-18,Transaction at Samsung Store,Debito,37027.33,0,Electronics
5292.12,4581.8,ALTA,64,130.09,Egreso,2025-07-18,Transaction at BigBazaar,Debito,4407.24,0,Grocery
6235.23,8785.64,ALTA,19,1311.98,Egreso,2025-05-02,Transaction at Aha,Transferencia,829.26,0,Entertainment
34847.61,4958.57,MEDIA,71,1224.93,Egreso,2025-01-11,Transaction at McDonalds,Transferencia,683.57,0,Food
49895.98,3659.17,NULA,61,1391.97,Egreso,2025-06-04,Transaction at BSNL,Transferencia,4274.14,0,Bills
8539.36,4848.68,MEDIA,40,106.21,Egreso,2025-01-03,Transaction at Pantaloons,Transferencia,7445.37,0,Clothing
33889.94,3064.8,ALTA,32,356.91,Egreso,2025-05-21,Transaction at IRCTC,Debito,20596.97,0,Travel
34861.54,2086.15,MEDIA,38,1807.06,Egreso,2025-11-12,Transaction at YouTube Premium,Credito,575.9,6,Entertainment
13406.02,1922.88,BAJA,94,1171.01,Egreso,2025-04-14,Transaction at BMTC,Credito,544.17,9,Transport
30325.84,9501.36,BAJA,61,1479.15,Egreso,2025-02-14,Transaction at TSRTC,Credito,1476.65,10,Transport
10166.92,3971.03,NULA,56,516.24,Egreso,2025-08-07,Transaction at Vistara,Debito,10470.61,0,Travel
31524.98,8922.93,NULA,6,1826.04,Egreso,2025-06-06,Transaction at Samsung Store,Transferencia,66239.46,0,Electronics
10566.9,9734.12,BAJA,17,1634.4,Egreso,2025-07-29,Transaction at Starbucks,Transferencia,626.89,0,Food
14778.49,3043.9,ALTA,71,126.46,Egreso,2025-01-10,Transaction at Yulu Bikes,Debito,226.59,0,Transport
25460.61,4489.48,BAJA,32,900.84,Egreso,2025-03-15,Transaction at Zee5,Transferencia,341.31,0,Entertainment
42663.21,9338.64,ALTA,2,516.39,Egreso,2025-10-05,Transaction at CCD,Transferencia,291.79,0,Food
22851.23,4317.49,BAJA,53,761.08,Egreso,2025-03-07,Transaction at Dell Exclusive,Debito,90972.17,0,Electronics
38525.18,2445.48,ALTA,85,501.61,Egreso,2025-09-19,Transaction at BSNL,Debito,3557.11,0,Bills
7788.89,2520.72,ALTA,43,1059.61,Egreso,2025-11-22,Transaction at Allen Solly,Transferencia,7855.06,0,Clothing
39443.02,3857.47,NULA,69,1180.76,Egreso,2025-03-10,Transaction at Max Fashion,Debito,4193.58,0,Clothing
8363.14,2529.75,MEDIA,75,830.04,Egreso,2025-08-03,Transaction at Hotstar,Credito,378.12,5,Entertainment
7053.06,9761.02,NULA,2,1818.22,Egreso,2025-07-16,Transaction at Flipkart,Transferencia,15309.14,0,Online Shopping
5443.14,5576.08,NULA,48,735.58,Egreso,2025-12-14,Transaction at YouTube Premium,Transferencia,775.16,0,Entertainment
35737.2,7293.47,MEDIA,69,889.64,Egreso,2025-08-03,Transaction at Lenskart,Transferencia,7743.99,0,Online Shopping
48224.52,2266.32,BAJA,68,895.6,Egreso,2025-07-30,Transaction at Nature's Basket,Transferencia,2601.82,0,Grocery
20118.37,1179.65,ALTA,3,1251.1,Egreso,2025-10-08,Transaction at Netflix,Credito,732.13,11,Entertainment
35803.35,1985.97,BAJA,58,1249.41,Egreso,2025-02-21,Transaction at Kauvery,Transferencia,14651.58,0,Healthcare
32672.42,9336.34,BAJA,16,1084.7,Egreso,2025-09-14,Transaction at Adidas,Transferencia,4632.67,0,Clothing
49410.35,9547.44,MEDIA,1,378.6,Egreso,2025-08-23,Transaction at More Supermarket,Transferencia,1046.02,0,Grocery
47341.61,8202.46,NULA,8,1913.27,Egreso,2025-11-18,Transaction at Pizza Hut,Credito,586.05,9,Food
46819.56,3144.83,MEDIA,80,858.64,Egreso,2025-08-28,Transaction at Chai Point,Transferencia,993.01,0,Food
41034.82,9282.53,MEDIA,83,977.08,Egreso,2025-01-18,Transaction at Reliance Digital,Transferencia,98720.47,0,Electronics
7315.93,2826.37,BAJA,98,1041.38,Egreso,2025-01-08,Transaction at Apollo Pharmacy,Transferencia,15597.99,0,Healthcare
9527.31,5823.41,MEDIA,53,477.98,Egreso,2025-11-13,Transaction at ACT Fibernet,Credito,3667.24,7,Bills
25460.56,6125.49,MEDIA,24,710.67,Egreso,2025-03-13,Transaction at Yulu Bikes,Debito,1655.5,0,Transport
21049.37,5688.41,BAJA,98,149.41,Egreso,2025-06-10,Transaction at Hotstar,Transferencia,830.47,0,Entertainment
48108.63,7061.04,BAJA,51,855.26,Egreso,2025-09-19,Transaction at Adidas,Transferencia,5184.66,0,Clothing
40290.77,8467.41,MEDIA,5,491.57,Egreso,2025-07-20,Transaction at MedPlus,Transferencia,5770.71,0,Healthcare
36158.72,7994.31,NULA,9,1124.06,Egreso,2025-10-28,Transaction at Snapdeal,Credito,16937.51,8,Online Shopping
14617.54,9726.24,MEDIA,85,815.84,Egreso,2025-03-04,Transaction at Vodafone Idea,Credito,4469.07,7,Bills
6570.75,5808.13,NULA,67,548.49,Egreso,2025-08-20,Transaction at Apollo Hospital,Debito,4069.84,0,Healthcare
23505.32,3723.03,MEDIA,95,942.11,Egreso,2025-08-13,Transaction at Air India,Credito,3259.32,10,Travel
49235.36,1213.08,ALTA,12,309.53,Egreso,2025-04-01,Transaction at Pepperfry,Transferencia,4551.45,0,Online Shopping
12531.6,7629.08,MEDIA,76,1378.7,Egreso,2025-03-02,Transaction at Reliance Digital,Debito,125285.33,0,Electronics
27814.33,4400.95,NULA,65,358.56,Egreso,2025-08-28,Transaction at JioMart,Transferencia,2140.18,0,Grocery
12429.8,4080.02,NULA,37,1380.48,Egreso,2025-03-10,Transaction at Water Board,Credito,1171.01,2,Bills
10413.49,7461.37,ALTA,35,855.12,Egreso,2025-12-26,Transaction at Spencers,Credito,4987.43,5,Grocery
44341.57,3026.87,MEDIA,14,1210.53,Egreso,2025-07-02,Transaction at Yatra,Transferencia,614.88,0,Travel
5816.0,8615.13,NULA,82,1488.55,Egreso,2025-03-01,Transaction at Croma,Transferencia,134562.78,0,Electronics
37677.2,3591.26,NULA,72,565.37,Egreso,2025-10-03,Transaction at Aha,Credito,828.41,8,Entertainment
20829.74,6730.16,MEDIA,70,946.23,Egreso,2025-09-27,Transaction at Vistara,Credito,21385.23,7,Travel
7061.04,2021.77,BAJA,64,1255.09,Egreso,2025-06-11,Transaction at Uber,Credito,1898.64,3,Transport
11633.65,6289.5,MEDIA,41,380.47,Egreso,2025-12-06,Transaction at Mi Store,Debito,12651.08,0,Electronics
26755.94,4370.56,MEDIA,59,1623.47,Egreso,2025-08-26,Transaction at Biba,Transferencia,5571.58,0,Clothing
35029.13,9058.26,NULA,16,594.68,Egreso,2025-05-06,Transaction at PharmEasy,Transferencia,11866.49,0,Healthcare
31715.68,3191.35,BAJA,90,832.8,Egreso,2025-09-18,Transaction at Reliance Fresh,Transferencia,3451.68,0,Grocery
47081.87,9438.77,ALTA,94,1944.66,Egreso,2025-07-07,Transaction at Adidas,Credito,2968.69,5,Clothing
32554.22,4617.66,ALTA,40,1645.56,Egreso,2025-07-12,Transaction at Subway,Transferencia,698.47,0,Food
43309.54,7887.83,BAJA,98,1602.15,Egreso,2025-01-15,Transaction at Myntra,Transferencia,12900.53,0,Online Shopping
24896.42,1900.16,BAJA,50,938.2,Egreso,2025-05-29,Transaction at Property Tax Online,Credito,4085.79,8,Bills
43731.36,4165.49,BAJA,43,754.65,Egreso,2025-09-07,Transaction at Snapdeal,Transferencia,12433.3,0,Online Shopping
11363.0,2988.78,MEDIA,13,1570.16,Egreso,2025-05-05,Transaction at TNEB,Debito,3815.8,0,Bills
35638.08,6015.24,MEDIA,93,485.26,Egreso,2025-12-06,Transaction at Uber,Transferencia,1367.86,0,Transport
35415.66,7612.24,MEDIA,83,1818.08,Egreso,2025-11-04,Transaction at Vistara,Credito,4938.58,9,Travel
11990.68,4834.9,BAJA,89,1608.5,Egreso,2025-11-14,Transaction at Woodland,Credito,3342.81,6,Clothing
18195.03,9685.94,MEDIA,31,161.32,Egreso,2025-01-25,Transaction at Meesho,Transferencia,13244.08,0,Online Shopping
27355.91,8039.06,MEDIA,12,248.1,Egreso,2025-12-31,Transaction at Kauvery,Transferencia,12259.08,0,Healthcare
12131.41,7182.44,NULA,89,1692.62,Egreso,2025-02-23,Transaction at Apollo Hospital,Credito,10165.48,5,Healthcare
32856.89,3322.8,ALTA,12,1168.93,Egreso,2025-04-09,Transaction at IndiGo,Credito,16840.72,8,Travel
8739.83,4254.84,ALTA,42,1930.3,Egreso,2025-11-09,Transaction at Lenskart,Debito,19621.75,0,Online Shopping
34325.68,6924.34,BAJA,36,416.76,Egreso,2025-11-02,Transaction at Apollo Pharmacy,Debito,17413.55,0,Healthcare
36692.31,7880.38,NULA,98,710.64,Egreso,2025-12-02,Transaction at Pepperfry,Credito,3996.44,11,Online Shopping
13618.6,5936.65,NULA,49,291.33,Egreso,2025-11-28,Transaction at DMart,Credito,4938.14,7,Grocery
39676.96,3475.83,NULA,78,1979.61,Egreso,2025-08-26,Transaction at RedBus,Transferencia,1758.44,0,Transport
25723.1,8371.72,BAJA,20,564.88,Egreso,2025-06-08,Transaction at BMTC,Debito,1484.81,0,Transport
39082.22,5712.99,MEDIA,22,1253.29,Egreso,2025-10-22,Transaction at Booking.com,Credito,4103.82,3,Travel
47095.71,7477.98,ALTA,78,191.63,Egreso,2025-05-02,Transaction at Pizza Hut,Credito,1051.71,5,Food
21028.09,3789.62,MEDIA,24,1337.4,Egreso,2025-10-14,Transaction at TSRTC,Debito,1660.04,0,Transport
24634.09,9555.38,NULA,0,1999.95,Egreso,2025-04-25,Transaction at RedBus,Debito,477.79,0,Transport
38938.17,4096.93,BAJA,5,377.97,Egreso,2025-08-24,Transaction at OYO,Credito,4808.63,1,Travel
19906.86,7996.67,NULA,18,1404.64,Egreso,2025-03-10,Transaction at RedBus,Debito,317.54,0,Transport
33356.81,2682.2,ALTA,28,1519.05,Egreso,2025-06-07,Transaction at Amazon Prime,Transferencia,115.61,0,Entertainment
46933.15,4607.94,NULA,59,1045.19,Egreso,2025-02-19,Transaction at Ola,Credito,862.35,2,Transport
25719.27,7670.29,BAJA,75,1374.38,Egreso,2025-10-06,Transaction at Jio Fiber,Debito,532.56,0,Bills
36896.71,9337.73,ALTA,22,1736.69,Egreso,2025-08-19,Transaction at TNEB,Debito,780.34,0,Bills
28678.31,5225.13,BAJA,53,1611.25,Egreso,2025-07-09,Transaction at Ola,Transferencia,1043.35,0,Transport
34231.88,4137.63,MEDIA,60,321.47,Egreso,2025-02-16,Transaction at PharmEasy,Transferencia,12699.47,0,Healthcare
21678.89,7152.02,BAJA,31,1642.97,Egreso,2025-04-30,Transaction at Asus Store,Transferencia,67315.69,0,Electronics
43520.0,9431.46,MEDIA,50,693.13,Egreso,2025-02-01,Transaction at Nilgiris,Transferencia,1473.65,0,Grocery
19555.58,1397.18,ALTA,42,832.31,Egreso,2025-08-16,Transaction at Jio Fiber,Transferencia,3338.08,0,Bills
5872.89,2605.95,NULA,47,1614.99,Egreso,2025-08-18,Transaction at Tata Cliq,Transferencia,13071.67,0,Online Shopping
24800.95,9466.84,BAJA,81,1695.87,Egreso,2025-11-05,Transaction at Booking.com,Debito,15761.34,0,Travel
36254.51,5845.63,ALTA,85,623.04,Egreso,2025-09-11,Transaction at A2B,Transferencia,1487.69,0,Food
32706.22,3941.81,MEDIA,76,1310.64,Egreso,2025-01-23,Transaction at Goibibo,Transferencia,13599.09,0,Travel
10542.35,9535.71,MEDIA,27,593.8,Egreso,2025-07-20,Transaction at Mi Store,Credito,85154.28,3,Electronics
37348.35,6362.59,MEDIA,17,1895.43,Egreso,2025-06-25,Transaction at Asus Store,Debito,22550.59,0,Electronics
31436.25,6359.02,MEDIA,5,516.57,Egreso,2025-08-07,Transaction at H&M,Transferencia,3787.79,0,Clothing
40145.34,7406.5,NULA,28,619.98,Egreso,2025-05-03,Transaction at Paradise Biryani,Transferencia,269.94,0,Food
15193.69,3550.79,MEDIA,67,1191.56,Egreso,2025-09-15,Transaction at Sony Center,Debito,108546.07,0,Electronics
16072.68,3025.06,BAJA,40,1059.18,Egreso,2025-04-02,Transaction at Pizza Hut,Credito,1219.45,8,Food
11385.81,2720.26,NULA,86,307.21,Egreso,2025-03-15,Transaction at Zee5,Transferencia,424.28,0,Entertainment
34611.95,6560.77,MEDIA,27,1471.58,Egreso,2025-08-31,Transaction at Cream Stone,Debito,656.16,0,Food
32098.86,9053.07,MEDIA,19,433.99,Egreso,2025-04-14,Transaction at IRCTC,Transferencia,27616.51,0,Travel
18607.72,4683.82,NULA,68,1390.32,Egreso,2025-05-16,Transaction at ACT Fibernet,Credito,292.36,1,Bills
7200.45,5933.27,NULA,53,1346.63,Egreso,2025-03-15,Transaction at Nykaa,Transferencia,677.2,0,Online Shopping
38689.69,2330.0,NULA,14,1432.41,Egreso,2025-09-28,Transaction at Samsung Store,Transferencia,29016.44,0,Electronics
29054.86,2020.33,ALTA,92,137.83,Egreso,2025-05-19,Transaction at Starbucks,Transferencia,1300.66,0,Food
18663.94,6724.27,NULA,26,183.59,Egreso,2025-07-30,Transaction at Biba,Debito,6796.93,0,Clothing
46408.45,1902.6,MEDIA,6,1352.51,Egreso,2025-05-06,Transaction at Lenskart,Credito,14397.23,5,Online Shopping
12789.06,8151.42,ALTA,38,1414.57,Egreso,2025-10-05,Transaction at Snapdeal,Credito,12541.79,1,Online Shopping
43039.91,6077.92,ALTA,25,313.72,Egreso,2025-11-19,Transaction at Nature's Basket,Transferencia,1625.7,0,Grocery
45782.91,3124.35,MEDIA,41,475.88,Egreso,2025-03-13,Transaction at Zee5,Transferencia,124.01,0,Entertainment
24716.64,2204.58,MEDIA,96,1144.01,Egreso,2025-03-20,Transaction at Hotstar,Transferencia,507.41,0,Entertainment
14473.07,7473.23,MEDIA,98,1869.33,Egreso,2025-04-18,Transaction at TNEB,Debito,3373.73,0,Bills
8731.21,3719.83,BAJA,58,1039.35,Egreso,2025-01-13,Transaction at Zara,Transferencia,3511.95,0,Clothing
23538.64,6340.84,ALTA,21,993.35,Egreso,2025-10-17,Transaction at Snapdeal,Transferencia,10500.52,0,Online Shopping
18074.0,3954.43,BAJA,73,1368.9,Egreso,2025-05-12,Transaction at OnePlus,Credito,4646.46,4,Electronics
25526.35,2315.56,NULA,82,1532.13,Egreso,2025-09-14,Transaction at Apollo Pharmacy,Transferencia,8840.97,0,Healthcare
45076.61,3421.18,BAJA,91,1021.36,Egreso,2025-06-29,Transaction at Tata Cliq,Transferencia,12847.46,0,Online Shopping
34456.14,5179.11,ALTA,37,947.88,Egreso,2025-09-20,Transaction at Reliance Fresh,Transferencia,2591.55,0,Grocery
11448.75,8557.27,MEDIA,74,701.01,Egreso,2025-12-18,Transaction at Nilgiris,Credito,2470.34,10,Grocery
27458.66,4006.52,BAJA,9,254.0,Egreso,2025-01-03,Transaction at Apple Store,Transferencia,140355.9,0,Electronics
42799.84,3051.92,MEDIA,35,377.69,Egreso,2025-06-08,Transaction at US Polo,Credito,3810.42,4,Clothing
46219.16,4345.08,NULA,47,1913.01,Egreso,2025-06-26,Transaction at Pantaloons,Transferencia,5927.89,0,Clothing
38435.96,7272.13,BAJA,2,193.1,Egreso,2025-06-20,Transaction at Yatra,Transferencia,27128.44,0,Travel
36358.16,8068.28,ALTA,79,1757.95,Egreso,2025-01-05,Transaction at Aha,Credito,563.83,9,Entertainment
42024.76,7311.65,MEDIA,95,750.16,Egreso,2025-08-17,Transaction at Booking.com,Transferencia,24786.87,0,Travel
18995.19,2638.69,MEDIA,7,1854.17,Egreso,2025-03-22,Transaction at Vodafone Idea,Debito,4468.43,0,Bills
35347.16,8213.69,MEDIA,94,1955.35,Egreso,2025-12-06,Transaction at Metro Rail,Credito,1592.39,11,Transport
5496.69,7799.37,ALTA,7,880.66,Egreso,2025-09-27,Transaction at Noise,Transferencia,53467.25,0,Electronics
34458.17,6972.8,BAJA,10,351.59,Egreso,2025-01-20,Transaction at Amazon Prime,Credito,672.14,3,Entertainment
20451.72,9746.18,ALTA,27,1393.94,Egreso,2025-04-03,Transaction at TSRTC,Debito,372.43,0,Transport
15446.07,5947.35,NULA,6,1443.99,Egreso,2025-07-22,Transaction at Adidas,Debito,4964.27,0,Clothing
37834.98,9286.66,NULA,96,1107.08,Egreso,2025-06-10,Transaction at Reliance Fresh,Credito,4680.79,8,Grocery
31497.56,3402.35,BAJA,90,1841.09,Egreso,2025-09-26,Transaction at Reliance Fresh,Transferencia,2222.84,0,Grocery
40166.15,5596.61,ALTA,35,311.12,Egreso,2025-03-21,Transaction at Gaana,Credito,226.71,7,Entertainment
5296.3,5123.79,MEDIA,57,1368.96,Egreso,2025-07-23,Transaction at Paradise Biryani,Transferencia,818.06,0,Food
23798.35,6813.61,NULA,40,395.54,Egreso,2025-09-08,Transaction at Nilgiris,Credito,1636.19,6,Grocery
42755.08,6174.43,MEDIA,18,1367.73,Egreso,2025-03-16,Transaction at Croma,Transferencia,82995.77,0,Electronics
20880.87,5948.22,NULA,23,1794.6,Egreso,2025-08-10,Transaction at Metro Rail,Credito,840.16,9,Transport
24701.6,1189.77,MEDIA,18,1440.73,Egreso,2025-07-01,Transaction at Tata Cliq,Credito,16683.59,8,Online Shopping
23073.05,9337.99,BAJA,8,476.07,Egreso,2025-08-20,Transaction at Flipkart,Transferencia,14058.43,0,Online Shopping
41285.06,3549.91,ALTA,77,361.84,Egreso,2025-05-13,Transaction at Samsung Store,Credito,76876.53,7,Electronics
36277.71,1307.2,NULA,52,1471.45,Egreso,2025-05-06,Transaction at Gas Agency,Debito,5865.08,0,Bills
49010.45,1263.49,MEDIA,0,119.89,Egreso,2025-02-25,Transaction at Rapido,Credito,991.44,9,Transport
29994.52,9912.42,ALTA,20,1137.03,Egreso,2025-11-06,Transaction at Star Bazaar,Credito,4684.39,11,Grocery
42632.86,8889.55,NULA,51,1604.39,Egreso,2025-12-08,Transaction at Spotify,Transferencia,363.44,0,Entertainment
43926.16,3392.54,BAJA,33,1974.82,Egreso,2025-11-29,Transaction at Cream Stone,Credito,733.4,4,Food
25760.23,3408.09,ALTA,90,1420.95,Egreso,2025-12-14,Transaction at Barbeque Nation,Credito,784.8,4,Food
6392.06,4689.74,MEDIA,62,400.18,Egreso,2025-01-11,Transaction at Taco Bell,Debito,1197.89,0,Food
11336.31,1968.11,BAJA,30,1733.91,Egreso,2025-04-29,Transaction at More Supermarket,Credito,598.84,9,Grocery
37548.73,1224.26,MEDIA,82,1562.47,Egreso,2025-02-17,Transaction at Meesho,Transferencia,17138.98,0,Online Shopping
11551.95,8724.79,ALTA,58,165.69,Egreso,2025-01-10,Transaction at Goibibo,Transferencia,14308.69,0,Travel
9129.83,5881.99,BAJA,26,742.41,Egreso,2025-03-19,Transaction at Barbeque Nation,Transferencia,776.36,0,Food
34655.18,6121.76,ALTA,38,1941.58,Egreso,2025-02-20,Transaction at TSRTC,Transferencia,493.69,0,Transport
9460.71,3373.24,BAJA,58,411.34,Egreso,2025-11-16,Transaction at Puma,Debito,7927.64,0,Clothing
13259.67,3292.33,BAJA,34,1578.09,Egreso,2025-05-05,Transaction at Tata Cliq,Credito,2771.36,11,Online Shopping
39079.9,1418.18,ALTA,39,1610.25,Egreso,2025-09-04,Transaction at RedBus,Transferencia,130.13,0,Transport
48526.8,7056.85,ALTA,65,835.16,Egreso,2025-07-13,Transaction at Booking.com,Debito,24788.87,0,Travel
9627.87,4384.39,ALTA,12,1764.83,Egreso,2025-05-12,Transaction at DMart,Transferencia,443.44,0,Grocery
30137.46,3429.03,NULA,43,1715.19,Egreso,2025-10-20,Transaction at MedPlus,Transferencia,7505.77,0,Healthcare
14697.61,4297.96,BAJA,38,1498.13,Egreso,2025-06-12,Transaction at Puma,Credito,2854.41,1,Clothing
26586.99,1975.23,NULA,24,1331.06,Egreso,2025-11-05,Transaction at Dell Exclusive,Transferencia,74104.53,0,Electronics
37662.48,9754.34,NULA,35,903.24,Egreso,2025-02-26,Transaction at ACT Fibernet,Debito,1949.16,0,Bills
37151.23,8965.95,BAJA,99,1288.32,Egreso,2025-10-31,Transaction at Aster,Credito,15902.96,1,Healthcare
21808.56,1865.94,BAJA,67,1824.15,Egreso,2025-10-04,Transaction at Flipkart,Transferencia,19540.87,0,Online Shopping
5131.08,3354.0,ALTA,43,976.68,Egreso,2025-08-13,Transaction at McDonalds,Debito,390.33,0,Food
11973.53,7324.25,MEDIA,44,1989.51,Egreso,2025-01-06,Transaction at Fortis,Credito,19019.41,1,Healthcare
38787.34,2146.82,ALTA,19,1737.32,Egreso,2025-07-14,Transaction at Air India,Transferencia,26944.64,0,Travel
12818.2,2393.93,ALTA,63,487.58,Egreso,2025-12-10,Transaction at Airtel,Transferencia,393.89,0,Bills
13332.34,9425.55,NULA,75,1090.52,Egreso,2025-10-18,Transaction at BSNL,Transferencia,2015.64,0,Bills
42425.44,6337.62,ALTA,14,1614.64,Egreso,2025-03-25,Transaction at Nature's Basket,Transferencia,1555.25,0,Grocery
29759.93,3290.34,BAJA,24,1785.83,Egreso,2025-11-03,Transaction at Kauvery,Credito,8696.86,11,Healthcare
6942.99,4597.66,NULA,31,885.36,Egreso,2025-06-11,Transaction at Tata Cliq,Credito,14782.03,7,Online Shopping
27792.16,4214.23,NULA,70,689.2,Egreso,2025-08-26,Transaction at Chai Point,Transferencia,1295.45,0,Food
26971.01,5888.75,BAJA,11,167.0,Egreso,2025-10-06,Transaction at Airtel,Transferencia,5838.45,0,Bills
29664.77,4058.33,MEDIA,95,749.59,Egreso,2025-02-28,Transaction at Netflix,Transferencia,733.84,0,Entertainment
11326.78,5963.89,NULA,97,820.61,Egreso,2025-11-08,Transaction at Chai Point,Transferencia,1497.97,0,Food
44569.02,3514.23,NULA,50,712.47,Egreso,2025-05-15,Transaction at US Polo,Debito,7164.67,0,Clothing
37859.02,9219.11,BAJA,8,1246.06,Egreso,2025-10-09,Transaction at Aster,Debito,14109.93,0,Healthcare
27930.88,3726.36,BAJA,78,1517.22,Egreso,2025-01-07,Transaction at Nilgiris,Transferencia,1181.13,0,Grocery
23088.4,8978.41,BAJA,56,629.57,Egreso,2025-03-10,Transaction at Gas Agency,Transferencia,453.86,0,Bills
13860.32,2919.19,ALTA,46,298.12,Egreso,2025-12-10,Transaction at Booking.com,Transferencia,11762.66,0,Travel
10409.9,9877.43,MEDIA,28,603.2,Egreso,2025-06-23,Transaction at Biba,Transferencia,5977.64,0,Clothing
44656.1,4045.96,ALTA,12,348.69,Egreso,2025-07-10,Transaction at Amazon,Credito,18724.54,8,Online Shopping
36442.6,9024.06,ALTA,65,867.91,Egreso,2025-07-01,Transaction at CloudNine,Transferencia,12613.27,0,Healthcare
30204.08,1454.37,MEDIA,48,1882.5,Egreso,2025-01-16,Transaction at ACT Fibernet,Transferencia,562.1,0,Bills
40914.4,2893.33,ALTA,11,408.5,Egreso,2025-10-21,Transaction at Samsung Store,Transferencia,61604.27,0,Electronics
15366.22,9705.95,BAJA,90,1525.59,Egreso,2025-12-25,Transaction at Jio Fiber,Credito,3535.3,2,Bills
5892.46,7986.47,BAJA,20,913.06,Egreso,2025-11-18,Transaction at Puma,Debito,1109.53,0,Clothing
22998.72,9973.89,NULA,5,1455.27,Egreso,2025-02-27,Transaction at JioMart,Transferencia,2986.54,0,Grocery
40379.61,7385.48,MEDIA,26,1162.67,Egreso,2025-05-19,Transaction at Mi Store,Transferencia,82868.58,0,Electronics
35031.72,7786.69,MEDIA,0,1815.39,Egreso,2025-03-25,Transaction at IndiGo,Transferencia,16666.71,0,Travel
38792.73,5354.56,MEDIA,94,1238.68,Egreso,2025-10-29,Transaction at H&M,Debito,4960.58,0,Clothing
16154.63,4328.24,ALTA,63,1676.46,Egreso,2025-02-27,Transaction at Tata Cliq,Debito,17441.97,0,Online Shopping
19598.44,6112.05,NULA,85,155.15,Egreso,2025-12-03,Transaction at Myntra,Transferencia,9321.1,0,Online Shopping
20785.5,4022.21,BAJA,25,416.36,Egreso,2025-10-26,Transaction at McDonalds,Transferencia,271.18,0,Food
43937.24,6415.14,ALTA,18,1505.27,Egreso,2025-06-12,Transaction at Hotstar,Transferencia,694.82,0,Entertainment
21289.12,8597.38,NULA,49,1545.26,Egreso,2025-11-08,Transaction at Airtel,Transferencia,3286.39,0,Bills
29434.58,8467.7,BAJA,98,1321.55,Egreso,2025-11-25,Transaction at TNEB,Transferencia,2401.19,0,Bills
38013.07,5352.64,NULA,90,254.24,Egreso,2025-04-05,Transaction at Chai Point,Debito,218.3,0,Food
45413.4,2729.28,BAJA,32,1998.06,Egreso,2025-09-26,Transaction at Netflix,Debito,587.47,0,Entertainment
39925.51,8905.83,ALTA,31,1877.42,Egreso,2025-01-20,Transaction at Croma,Transferencia,113333.12,0,Electronics
31609.17,4830.8,NULA,58,1742.65,Egreso,2025-09-20,Transaction at Yulu Bikes,Debito,1774.98,0,Transport
41644.21,6013.23,NULA,91,369.36,Egreso,2025-12-31,Transaction at Croma,Transferencia,124834.5,0,Electronics
41475.4,5234.9,BAJA,58,929.98,Egreso,2025-09-15,Transaction at Noise,Debito,85285.14,0,Electronics
35964.88,6659.42,ALTA,40,164.4,Egreso,2025-11-08,Transaction at Lenskart,Debito,13646.56,0,Online Shopping
36913.03,6304.4,BAJA,80,813.19,Egreso,2025-07-11,Transaction at MedPlus,Credito,14161.43,3,Healthcare
11542.18,6940.85,BAJA,38,882.23,Egreso,2025-09-22,Transaction at Myntra,Credito,3079.72,3,Online Shopping
18958.23,7212.81,MEDIA,76,189.43,Egreso,2025-07-14,Transaction at Vodafone Idea,Debito,4628.27,0,Bills
36569.32,1637.12,NULA,83,920.29,Egreso,2025-07-15,Transaction at MedPlus,Debito,2205.36,0,Healthcare
11587.98,9896.13,ALTA,28,1906.74,Egreso,2025-11-14,Transaction at Myntra,Debito,9534.27,0,Online Shopping
13747.38,2855.54,MEDIA,2,1949.3,Egreso,2025-06-03,Transaction at Nilgiris,Debito,2250.07,0,Grocery
18425.2,2144.98,BAJA,37,694.4,Egreso,2025-12-08,Transaction at BSNL,Transferencia,3567.82,0,Bills
7836.42,2323.69,NULA,36,428.51,Egreso,2025-09-12,Transaction at Netflix,Transferencia,487.16,0,Entertainment
22303.31,8855.17,NULA,72,1152.19,Egreso,2025-10-29,Transaction at Amazon,Credito,14655.62,9,Online Shopping
28036.18,2985.19,BAJA,68,1403.07,Egreso,2025-12-18,Transaction at BigBazaar,Debito,2703.56,0,Grocery
17250.54,6393.91,NULA,25,1712.68,Egreso,2025-07-17,Transaction at Gaana,Credito,842.74,1,Entertainment
17972.28,1695.84,BAJA,29,791.3,Egreso,2025-01-23,Transaction at Cream Stone,Debito,241.58,0,Food
17449.6,3328.79,BAJA,83,1015.39,Egreso,2025-01-28,Transaction at Lenskart,Transferencia,7056.62,0,Online Shopping
44783.0,4686.96,ALTA,24,1046.95,Egreso,2025-09-16,Transaction at Flipkart,Transferencia,3825.15,0,Online Shopping
35606.28,5479.07,MEDIA,50,488.81,Egreso,2025-11-30,Transaction at Tata Cliq,Credito,11028.97,11,Online Shopping
48583.29,1052.86,BAJA,84,999.94,Egreso,2025-03-28,Transaction at Amazon Prime,Credito,736.11,7,Entertainment
32149.86,2685.41,MEDIA,97,1395.69,Egreso,2025-07-05,Transaction at YouTube Premium,Transferencia,303.91,0,Entertainment
49595.48,9725.25,ALTA,64,202.94,Egreso,2025-12-05,Transaction at TSRTC,Credito,343.06,6,Transport
40757.28,3541.37,MEDIA,78,1452.21,Egreso,2025-02-11,Transaction at Zara,Debito,2061.92,0,Clothing
13937.64,5409.89,MEDIA,18,212.47,Egreso,2025-10-07,Transaction at Ola,Transferencia,679.11,0,Transport
22745.34,5953.11,MEDIA,51,549.32,Egreso,2025-11-20,Transaction at Flipkart,Transferencia,10771.58,0,Online Shopping
46817.05,8268.11,NULA,18,341.43,Egreso,2025-12-21,Transaction at Booking.com,Credito,28416.93,3,Travel
43368.32,3638.1,ALTA,27,845.44,Egreso,2025-11-27,Transaction at 1mg,Credito,13739.47,10,Healthcare
11999.73,2550.3,NULA,74,1088.66,Egreso,2025-11-08,Transaction at Noise,Transferencia,149809.51,0,Electronics
11429.38,6415.19,MEDIA,80,615.57,Egreso,2025-10-22,Transaction at PharmEasy,Transferencia,18722.74,0,Healthcare
12125.36,8639.14,ALTA,38,1552.21,Egreso,2025-06-09,Transaction at Meru Cabs,Credito,1375.27,6,Transport
35765.98,9174.16,NULA,88,1562.61,Egreso,2025-11-28,Transaction at TSRTC,Credito,1892.13,11,Transport
6343.95,6416.32,BAJA,78,404.99,Egreso,2025-11-06,Transaction at Sony Center,Transferencia,51998.8,0,Electronics
36216.06,4241.63,ALTA,19,918.96,Egreso,2025-11-26,Transaction at Pantaloons,Credito,5858.06,5,Clothing
43338.22,3125.21,MEDIA,42,1693.78,Egreso,2025-07-08,Transaction at Vivo Store,Transferencia,115944.18,0,Electronics
44278.23,2121.08,BAJA,29,628.0,Egreso,2025-03-15,Transaction at H&M,Debito,1364.47,0,Clothing
38639.3,1295.19,NULA,7,747.08,Egreso,2025-09-23,Transaction at Ola,Debito,1345.14,0,Transport
17000.61,6613.65,NULA,99,1995.53,Egreso,2025-06-26,Transaction at YouTube Premium,Debito,793.92,0,Entertainment
33186.43,4758.88,ALTA,91,639.33,Egreso,2025-07-01,Transaction at TSRTC,Debito,314.45,0,Transport
20283.85,8811.07,ALTA,87,1603.49,Egreso,2025-05-07,Transaction at Mi Store,Transferencia,99413.08,0,Electronics
46732.37,8248.34,NULA,17,297.99,Egreso,2025-06-18,Transaction at Jio Fiber,Transferencia,4032.13,0,Bills
45949.95,8584.02,NULA,39,1806.43,Egreso,2025-11-14,Transaction at SonyLiv,Transferencia,940.34,0,Entertainment
17174.82,4887.88,ALTA,23,1319.63,Egreso,2025-01-12,Transaction at Aster,Transferencia,10391.15,0,Healthcare
27313.3,2530.65,MEDIA,54,1217.95,Egreso,2025-09-29,Transaction at Meru Cabs,Transferencia,1307.01,0,Transport
9147.56,7189.2,BAJA,28,617.44,Egreso,2025-07-14,Transaction at YouTube Premium,Transferencia,799.3,0,Entertainment
36142.68,7446.09,ALTA,64,1369.98,Egreso,2025-01-20,Transaction at Allen Solly,Transferencia,5466.64,0,Clothing
12474.69,3911.69,ALTA,6,957.01,Egreso,2025-10-24,Transaction at Spotify,Transferencia,912.39,0,Entertainment
30482.82,1200.02,MEDIA,93,1236.73,Egreso,2025-01-11,Transaction at Vodafone Idea,Transferencia,2753.94,0,Bills
26979.68,2942.36,MEDIA,52,557.47,Egreso,2025-08-11,Transaction at OYO,Transferencia,1890.83,0,Travel
40737.98,1291.91,MEDIA,14,251.69,Egreso,2025-06-03,Transaction at Chai Point,Transferencia,392.84,0,Food
33444.56,1271.89,NULA,69,1965.07,Egreso,2025-01-19,Transaction at Nature's Basket,Transferencia,2174.23,0,Grocery
40565.54,3734.05,ALTA,32,1911.18,Egreso,2025-07-18,Transaction at Puma,Credito,5680.75,7,Clothing
6974.15,6841.16,ALTA,75,1601.84,Egreso,2025-12-11,Transaction at Spotify,Transferencia,343.42,0,Entertainment
20545.55,2618.85,MEDIA,39,1896.36,Egreso,2025-04-09,Transaction at US Polo,Debito,5174.01,0,Clothing
11046.49,6151.13,NULA,22,1555.82,Egreso,2025-06-05,Transaction at Sony Center,Transferencia,100827.11,0,Electronics
30914.45,5689.02,ALTA,90,1895.4,Egreso,2025-05-22,Transaction at Jio Fiber,Debito,1887.24,0,Bills
5523.03,5618.82,MEDIA,9,1795.82,Egreso,2025-11-20,Transaction at Aster,Transferencia,8174.74,0,Healthcare
38134.51,2391.65,MEDIA,20,1400.05,Egreso,2025-11-10,Transaction at Vodafone Idea,Credito,5639.92,9,Bills
16207.66,8361.86,NULA,87,1522.22,Egreso,2025-06-18,Transaction at Wrogn,Credito,3592.34,7,Clothing
30512.26,3216.72,BAJA,67,1710.63,Egreso,2025-05-23,Transaction at Pizza Hut,Transferencia,1074.09,0,Food
24870.0,8938.79,NULA,54,1366.91,Egreso,2025-06-22,Transaction at Goibibo,Debito,3934.44,0,Travel
41588.14,3181.0,NULA,95,400.94,Egreso,2025-08-16,Transaction at Taco Bell,Transferencia,1079.24,0,Food
23752.44,8686.16,ALTA,92,540.94,Egreso,2025-07-31,Transaction at Saravana Bhavan,Transferencia,251.86,0,Food
37914.1,3868.08,BAJA,44,1596.13,Egreso,2025-08-22,Transaction at HP World,Transferencia,102786.23,0,Electronics
35005.33,4464.36,NULA,93,1315.96,Egreso,2025-05-31,Transaction at 1mg,Transferencia,7587.9,0,Healthcare
25138.16,4046.4,NULA,39,1924.87,Egreso,2025-07-18,Transaction at Gaana,Credito,492.75,2,Entertainment
47510.25,9568.55,NULA,36,528.1,Egreso,2025-12-02,Transaction at Gas Agency,Transferencia,3567.01,0,Bills
34538.59,9407.67,MEDIA,21,533.89,Egreso,2025-05-01,Transaction at Uber,Debito,315.77,0,Transport
16678.77,8045.63,NULA,40,1096.15,Egreso,2025-08-08,Transaction at Zara,Credito,3124.38,4,Clothing
10504.08,9889.6,NULA,1,351.56,Egreso,2025-08-25,Transaction at Air India,Credito,23581.8,9,Travel
5548.79,6677.77,BAJA,74,1317.93,Egreso,2025-09-08,Transaction at Amazon,Transferencia,9526.2,0,Online Shopping
36580.78,6819.23,BAJA,72,1092.8,Egreso,2025-08-24,Transaction at More Supermarket,Transferencia,538.14,0,Grocery
8325.01,6246.27,MEDIA,7,743.42,Egreso,2025-04-29,Transaction at Nature's Basket,Transferencia,2280.22,0,Grocery
27439.61,9701.07,BAJA,77,793.29,Egreso,2025-11-09,Transaction at Star Bazaar,Debito,942.88,0,Grocery
8484.11,9256.24,NULA,28,1525.86,Egreso,2025-12-05,Transaction at Spencers,Transferencia,3009.84,0,Grocery
10712.19,4615.79,MEDIA,82,466.72,Egreso,2025-09-18,Transaction at Subway,Transferencia,650.54,0,Food
33520.96,9126.38,ALTA,0,477.2,Egreso,2025-06-06,Transaction at OnePlus,Transferencia,61848.9,0,Electronics
40568.76,3418.62,NULA,62,317.83,Egreso,2025-07-29,Transaction at Aster,Credito,17638.05,6,Healthcare
38246.22,2655.73,NULA,79,1544.56,Egreso,2025-10-19,Transaction at More Supermarket,Transferencia,4112.29,0,Grocery
22515.89,8312.78,BAJA,57,834.48,Egreso,2025-07-03,Transaction at US Polo,Transferencia,4140.55,0,Clothing
8797.33,6451.0,NULA,72,1618.21,Egreso,2025-05-20,Transaction at Ajio,Transferencia,16515.81,0,Online Shopping
32994.71,7101.12,ALTA,1,1911.38,Egreso,2025-01-04,Transaction at YouTube Premium,Debito,511.91,0,Entertainment
21299.67,4945.88,MEDIA,47,1431.77,Egreso,2025-08-23,Transaction at YouTube Premium,Debito,696.6,0,Entertainment
11154.67,2710.86,ALTA,22,603.85,Egreso,2025-03-25,Transaction at Chai Point,Transferencia,499.3,0,Food
18893.63,4941.1,NULA,66,1886.57,Egreso,2025-07-23,Transaction at Nilgiris,Debito,389.68,0,Grocery
40724.69,7545.23,BAJA,85,1645.38,Egreso,2025-08-01,Transaction at Kauvery,Debito,7540.82,0,Healthcare
30534.71,5035.25,NULA,78,119.71,Egreso,2025-04-16,Transaction at Samsung Store,Debito,79763.99,0,Electronics
30422.75,4050.56,MEDIA,89,1392.15,Egreso,2025-03-29,Transaction at Puma,Transferencia,2965.02,0,Clothing
28617.0,1882.57,NULA,67,949.8,Egreso,2025-09-01,Transaction at Snapdeal,Debito,545.23,0,Online Shopping
6368.53,2546.29,BAJA,32,887.18,Egreso,2025-07-09,Transaction at Property Tax Online,Credito,2880.28,4,Bills
43473.77,2411.16,ALTA,19,1478.78,Egreso,2025-01-19,Transaction at Booking.com,Transferencia,15334.58,0,Travel
8063.34,2681.64,MEDIA,55,1140.33,Egreso,2025-02-22,Transaction at Apple Music,Transferencia,317.1,0,Entertainment
30782.61,6948.76,NULA,34,1077.71,Egreso,2025-01-10,Transaction at Levis,Debito,6106.66,0,Clothing
37526.13,9724.07,BAJA,84,947.06,Egreso,2025-05-17,Transaction at Vodafone Idea,Credito,313.83,2,Bills
6087.69,5269.65,ALTA,81,1539.45,Egreso,2025-04-01,Transaction at Snapdeal,Debito,6800.27,0,Online Shopping
14130.22,2198.33,MEDIA,84,1481.0,Egreso,2025-05-17,Transaction at Boat Lifestyle,Debito,45452.86,0,Electronics
46815.21,1612.61,ALTA,10,1495.98,Egreso,2025-02-22,Transaction at Levis,Transferencia,2416.6,0,Clothing
37610.67,7445.38,BAJA,10,1611.98,Egreso,2025-03-18,Transaction at Water Board,Debito,5008.61,0,Bills
23240.58,9706.04,NULA,28,1216.93,Egreso,2025-12-29,Transaction at Nykaa,Transferencia,11056.9,0,Online Shopping
8940.28,3652.23,ALTA,48,1398.11,Egreso,2025-01-02,Transaction at Taco Bell,Debito,870.88,0,Food
41767.08,4451.63,MEDIA,64,910.25,Egreso,2025-09-19,Transaction at Booking.com,Transferencia,14839.72,0,Travel
13654.4,8440.99,BAJA,36,1468.7,Egreso,2025-12-28,Transaction at Pantaloons,Transferencia,6492.91,0,Clothing
20044.19,5692.02,ALTA,58,658.38,Egreso,2025-07-13,Transaction at Levis,Credito,3060.54,9,Clothing
45123.43,2573.48,NULA,73,1212.46,Egreso,2025-10-30,Transaction at Air India,Debito,26028.99,0,Travel
38237.73,4086.32,ALTA,24,617.31,Egreso,2025-04-20,Transaction at Airtel,Transferencia,3262.78,0,Bills
5613.74,5148.73,BAJA,68,977.37,Egreso,2025-11-02,Transaction at Nilgiris,Transferencia,2915.54,0,Grocery
45155.23,9543.7,NULA,16,250.12,Egreso,2025-06-04,Transaction at Fortis,Transferencia,9594.79,0,Healthcare
19948.78,5325.86,NULA,56,1240.2,Egreso,2025-06-30,Transaction at Nike,Transferencia,4143.09,0,Clothing
13497.36,7713.22,BAJA,61,1319.73,Egreso,2025-01-17,Transaction at IRCTC,Transferencia,11115.37,0,Travel
45135.39,7881.44,NULA,97,468.15,Egreso,2025-11-19,Transaction at More Supermarket,Credito,4618.73,11,Grocery
16279.46,7036.85,NULA,48,1662.06,Egreso,2025-04-16,Transaction at KFC,Debito,1495.35,0,Food
12582.94,3500.02,MEDIA,80,445.16,Egreso,2025-03-07,Transaction at ACT Fibernet,Transferencia,1317.06,0,Bills
48737.84,8381.66,MEDIA,38,426.94,Egreso,2025-05-23,Transaction at Starbucks,Debito,837.31,0,Food
26962.26,3671.05,MEDIA,96,1385.88,Egreso,2025-10-13,Transaction at Noise,Transferencia,149349.96,0,Electronics
11266.77,4040.94,BAJA,19,1082.46,Egreso,2025-05-28,Transaction at Paradise Biryani,Transferencia,1307.46,0,Food
49114.29,2874.22,BAJA,1,1196.55,Egreso,2025-11-19,Transaction at Rapido,Transferencia,365.48,0,Transport
48738.45,7615.33,NULA,27,1898.37,Egreso,2025-07-31,Transaction at Star Bazaar,Debito,338.01,0,Grocery
21358.65,9318.7,MEDIA,6,496.14,Egreso,2025-03-23,Transaction at Nilgiris,Credito,2907.71,8,Grocery
34827.56,1600.97,BAJA,50,1601.53,Egreso,2025-05-07,Transaction at Water Board,Transferencia,3967.31,0,Bills
29213.56,7471.59,BAJA,60,1272.23,Egreso,2025-12-16,Transaction at OYO,Transferencia,2044.97,0,Travel
43446.47,1229.1,MEDIA,87,1262.57,Egreso,2025-07-18,Transaction at Amazon,Transferencia,10497.51,0,Online Shopping
11804.07,6052.79,NULA,24,1143.65,Egreso,2025-11-23,Transaction at Goibibo,Transferencia,6111.48,0,Travel
6245.41,7968.74,MEDIA,59,880.66,Egreso,2025-02-14,Transaction at Water Board,Transferencia,3755.84,0,Bills
10724.52,4124.75,NULA,87,1177.65,Egreso,2025-01-20,Transaction at Saravana Bhavan,Transferencia,554.4,0,Food
7904.11,2377.52,ALTA,57,558.89,Egreso,2025-11-26,Transaction at Netflix,Transferencia,959.4,0,Entertainment
49847.04,6601.33,MEDIA,61,1580.98,Egreso,2025-01-05,Transaction at McDonalds,Debito,946.7,0,Food
28600.08,9397.15,MEDIA,28,1898.07,Egreso,2025-06-16,Transaction at Vivo Store,Debito,47234.6,0,Electronics
9979.75,1629.27,BAJA,51,501.8,Egreso,2025-08-16,Transaction at Netflix,Debito,512.76,0,Entertainment
23543.3,9784.88,NULA,36,1520.94,Egreso,2025-01-24,Transaction at ACT Fibernet,Transferencia,1095.07,0,Bills
6475.02,6671.69,MEDIA,16,313.79,Egreso,2025-03-09,Transaction at Apollo Pharmacy,Credito,1563.0,1,Healthcare
11322.16,5971.37,BAJA,28,1393.77,Egreso,2025-01-08,Transaction at Netmeds,Transferencia,8794.54,0,Healthcare
12507.42,7426.13,BAJA,67,236.85,Egreso,2025-10-18,Transaction at Jio Fiber,Debito,866.04,0,Bills
30598.89,4170.28,MEDIA,33,1850.79,Egreso,2025-08-31,Transaction at BSNL,Debito,5333.85,0,Bills
31221.05,5717.48,NULA,73,362.08,Egreso,2025-12-16,Transaction at Spotify,Debito,450.82,0,Entertainment
9740.7,8492.49,NULA,60,701.54,Egreso,2025-03-11,Transaction at Property Tax Online,Debito,4252.57,0,Bills
28509.49,7419.25,BAJA,54,504.64,Egreso,2025-07-10,Transaction at Paradise Biryani,Transferencia,1434.66,0,Food
36002.67,4706.73,ALTA,75,1276.96,Egreso,2025-05-06,Transaction at Starbucks,Credito,1096.88,11,Food
44849.73,2891.81,BAJA,55,1960.7,Egreso,2025-09-06,Transaction at IRCTC,Transferencia,12537.15,0,Travel
34598.49,7231.74,NULA,9,1761.62,Egreso,2025-03-26,Transaction at TSRTC,Debito,994.63,0,Transport
40691.99,1528.99,BAJA,83,1266.32,Egreso,2025-05-03,Transaction at Chai Point,Transferencia,1170.89,0,Food
30138.18,2365.44,ALTA,39,829.58,Egreso,2025-04-28,Transaction at Property Tax Online,Transferencia,3213.42,0,Bills
48875.54,8555.77,MEDIA,82,148.8,Egreso,2025-09-16,Transaction at Apple Store,Transferencia,9854.95,0,Electronics
14311.12,9103.42,ALTA,93,1742.41,Egreso,2025-09-21,Transaction at Water Board,Transferencia,2199.1,0,Bills
35570.28,3801.52,MEDIA,87,1440.86,Egreso,2025-10-31,Transaction at Tata Cliq,Transferencia,240.3,0,Online Shopping
48340.87,2062.64,BAJA,91,1728.36,Egreso,2025-04-24,Transaction at Hotstar,Debito,988.47,0,Entertainment
39631.77,3541.05,BAJA,75,1330.29,Egreso,2025-08-12,Transaction at MedPlus,Transferencia,10815.86,0,Healthcare
42868.22,1298.02,BAJA,57,324.3,Egreso,2025-02-23,Transaction at BMTC,Transferencia,1389.94,0,Transport
27206.53,1310.51,MEDIA,72,490.28,Egreso,2025-02-10,Transaction at IndiGo,Credito,20016.05,5,Travel
21030.62,5518.16,BAJA,78,736.58,Egreso,2025-06-23,Transaction at Dominos,Debito,283.51,0,Food
28263.5,7900.26,MEDIA,77,1233.93,Egreso,2025-04-16,Transaction at DMart,Transferencia,2851.49,0,Grocery
9234.05,9642.44,NULA,28,753.82,Egreso,2025-05-18,Transaction at SonyLiv,Transferencia,190.76,0,Entertainment
29551.4,4003.28,MEDIA,52,518.51,Egreso,2025-07-29,Transaction at Goibibo,Transferencia,5831.23,0,Travel
11773.75,4502.41,NULA,75,1824.82,Egreso,2025-01-12,Transaction at Vivo Store,Credito,72835.1,3,Electronics
40682.54,5551.78,ALTA,31,785.34,Egreso,2025-11-06,Transaction at Property Tax Online,Debito,4179.48,0,Bills
35353.73,3500.69,BAJA,85,1610.03,Egreso,2025-03-23,Transaction at CCD,Debito,369.6,0,Food
12295.13,5317.89,MEDIA,79,1987.2,Egreso,2025-10-01,Transaction at DMart,Credito,4507.27,5,Grocery
29490.23,1298.15,ALTA,29,537.9,Egreso,2025-03-25,Transaction at Saravana Bhavan,Credito,289.19,5,Food
21007.41,6797.79,NULA,36,1147.35,Egreso,2025-08-07,Transaction at Spencers,Transferencia,2700.35,0,Grocery
6235.21,8906.07,ALTA,34,1090.09,Egreso,2025-06-16,Transaction at YouTube Premium,Transferencia,446.66,0,Entertainment
33841.37,5598.0,MEDIA,24,944.03,Egreso,2025-09-09,Transaction at Rapido,Transferencia,454.74,0,Transport
18340.56,3535.43,ALTA,18,1246.21,Egreso,2025-04-07,Transaction at Rapido,Transferencia,1124.4,0,Transport
31790.74,1231.17,NULA,45,911.52,Egreso,2025-02-15,Transaction at CCD,Transferencia,668.06,0,Food
41043.49,3829.37,BAJA,46,815.76,Egreso,2025-02-19,Transaction at BSNL,Credito,4311.46,8,Bills
48835.67,6832.65,NULA,73,1673.13,Egreso,2025-03-03,Transaction at Jio Fiber,Credito,5628.84,9,Bills
13798.83,6108.15,NULA,81,1807.43,Egreso,2025-04-30,Transaction at Biba,Transferencia,2199.05,0,Clothing
42708.3,8225.14,ALTA,12,469.68,Egreso,2025-01-27,Transaction at Pantaloons,Credito,7570.65,5,Clothing
39383.17,5837.6,ALTA,41,846.26,Egreso,2025-09-17,Transaction at Spencers,Credito,4460.32,6,Grocery
9496.82,7314.44,BAJA,84,1988.11,Egreso,2025-02-06,Transaction at Spencers,Debito,2046.14,0,Grocery
36905.5,8745.26,MEDIA,66,1694.24,Egreso,2025-12-10,Transaction at Pantaloons,Credito,742.77,10,Clothing
15160.07,4299.32,ALTA,26,1892.94,Egreso,2025-08-10,Transaction at Allen Solly,Transferencia,5264.73,0,Clothing
27249.18,5811.1,BAJA,14,951.96,Egreso,2025-12-15,Transaction at Vodafone Idea,Credito,1332.3,5,Bills
26049.4,5593.47,BAJA,28,813.93,Egreso,2025-08-24,Transaction at OYO,Debito,24723.19,0,Travel
33056.04,4997.74,NULA,99,384.4,Egreso,2025-10-10,Transaction at Rapido,Debito,598.06,0,Transport
13093.13,7770.99,ALTA,14,299.78,Egreso,2025-10-22,Transaction at Reliance Fresh,Credito,3877.41,9,Grocery
8846.43,5099.05,BAJA,20,1329.22,Egreso,2025-07-22,Transaction at Myntra,Transferencia,3166.67,0,Online Shopping
22698.32,2434.87,BAJA,21,975.64,Egreso,2025-05-25,Transaction at TNEB,Debito,1323.76,0,Bills
49445.93,1298.22,MEDIA,55,1292.22,Egreso,2025-03-21,Transaction at OYO,Transferencia,23297.32,0,Travel
11443.72,5436.22,NULA,98,102.39,Egreso,2025-03-02,Transaction at Spencers,Credito,4608.97,11,Grocery
9480.93,4810.69,NULA,80,1789.85,Egreso,2025-07-21,Transaction at Sony Center,Transferencia,102654.19,0,Electronics
17503.08,8395.98,MEDIA,46,1661.56,Egreso,2025-11-27,Transaction at Flipkart,Debito,17869.11,0,Online Shopping
40239.12,9754.39,MEDIA,56,584.9,Egreso,2025-05-30,Transaction at Amazon Prime,Transferencia,402.57,0,Entertainment
10553.5,4946.74,NULA,65,1101.99,Egreso,2025-10-19,Transaction at CloudNine,Debito,13010.73,0,Healthcare
43632.86,3261.69,MEDIA,6,1500.13,Egreso,2025-11-12,Transaction at BigBazaar,Debito,3366.42,0,Grocery
32115.54,6153.22,MEDIA,38,1096.39,Egreso,2025-10-05,Transaction at Air India,Transferencia,8461.66,0,Travel
29477.66,1399.86,NULA,1,1477.18,Egreso,2025-03-27,Transaction at Apollo Hospital,Transferencia,12510.41,0,Healthcare
11176.36,5712.24,ALTA,27,938.31,Egreso,2025-11-09,Transaction at Nilgiris,Transferencia,421.42,0,Grocery
16711.2,5065.74,NULA,47,444.97,Egreso,2025-10-02,Transaction at Reliance Digital,Transferencia,85807.31,0,Electronics
37600.8,7994.78,NULA,18,1625.52,Egreso,2025-03-21,Transaction at Tata Cliq,Debito,10670.63,0,Online Shopping
17312.23,6577.75,NULA,49,652.08,Egreso,2025-09-04,Transaction at Biba,Transferencia,579.03,0,Clothing
46359.39,7160.16,ALTA,43,712.77,Egreso,2025-06-19,Transaction at PharmEasy,Transferencia,9134.0,0,Healthcare
18850.83,1344.12,MEDIA,80,1249.05,Egreso,2025-01-19,Transaction at Netflix,Credito,770.34,4,Entertainment
31173.66,9629.7,BAJA,20,1276.35,Egreso,2025-10-27,Transaction at TSRTC,Credito,905.22,10,Transport
41546.36,5916.22,ALTA,96,669.24,Egreso,2025-08-21,Transaction at OYO,Credito,9146.54,8,Travel
32184.71,6021.39,MEDIA,45,1660.86,Egreso,2025-09-07,Transaction at Reliance Digital,Debito,126973.35,0,Electronics
43752.04,2740.31,NULA,71,552.71,Egreso,2025-10-23,Transaction at JioMart,Transferencia,2120.58,0,Grocery
42122.26,1855.95,ALTA,21,952.17,Egreso,2025-08-24,Transaction at Samsung Store,Credito,111887.57,2,Electronics
10914.0,4705.65,ALTA,47,1302.23,Egreso,2025-11-18,Transaction at Yulu Bikes,Credito,1436.56,3,Transport
14177.2,1482.65,NULA,40,1526.37,Egreso,2025-05-18,Transaction at Vistara,Debito,2342.58,0,Travel
29452.65,4485.38,MEDIA,97,1622.49,Egreso,2025-03-24,Transaction at Uber,Transferencia,724.77,0,Transport
33993.67,1188.01,NULA,29,1505.13,Egreso,2025-10-21,Transaction at Spencers,Transferencia,1212.19,0,Grocery
9528.29,2824.48,NULA,20,706.7,Egreso,2025-02-22,Transaction at KFC,Debito,1160.47,0,Food
23000.3,9260.34,ALTA,99,595.09,Egreso,2025-12-10,Transaction at HP World,Credito,147064.51,9,Electronics
47690.14,1882.92,NULA,63,1851.44,Egreso,2025-02-10,Transaction at Adidas,Credito,7928.3,5,Clothing
23491.44,3214.14,BAJA,38,862.72,Egreso,2025-07-05,Transaction at H&M,Credito,2692.62,4,Clothing
48759.82,8528.05,ALTA,78,931.15,Egreso,2025-06-06,Transaction at YouTube Premium,Transferencia,603.61,0,Entertainment
23941.51,9969.41,ALTA,54,749.12,Egreso,2025-12-08,Transaction at Myntra,Transferencia,17217.43,0,Online Shopping
26096.46,2808.44,NULA,57,1647.82,Egreso,2025-02-25,Transaction at Goibibo,Transferencia,7423.46,0,Travel
11231.78,4978.27,ALTA,26,820.28,Egreso,2025-06-06,Transaction at Netflix,Transferencia,300.02,0,Entertainment
40377.47,8341.19,BAJA,1,1089.08,Egreso,2025-01-16,Transaction at Netflix,Credito,538.56,8,Entertainment
19014.06,6232.57,NULA,18,1129.12,Egreso,2025-01-20,Transaction at Aster,Credito,1028.71,11,Healthcare
28843.05,6925.92,NULA,91,456.79,Egreso,2025-04-10,Transaction at Flipkart,Transferencia,14620.72,0,Online Shopping
21120.04,8479.08,BAJA,82,1963.32,Egreso,2025-07-31,Transaction at Boat Lifestyle,Transferencia,117848.43,0,Electronics
27081.03,2786.68,BAJA,95,1868.46,Egreso,2025-03-04,Transaction at Aster,Transferencia,19475.39,0,Healthcare
22935.74,9977.11,MEDIA,63,895.39,Egreso,2025-06-21,Transaction at Snapdeal,Transferencia,10630.41,0,Online Shopping
11360.42,5325.8,BAJA,4,396.11,Egreso,2025-03-07,Transaction at McDonalds,Credito,1304.28,6,Food
15878.71,9647.62,BAJA,12,173.32,Egreso,2025-02-27,Transaction at Flipkart,Debito,7954.5,0,Online Shopping
48508.93,6692.42,NULA,55,1586.89,Egreso,2025-12-30,Transaction at Netmeds,Transferencia,14745.26,0,Healthcare
18882.09,8549.06,NULA,36,1173.93,Egreso,2025-11-11,Transaction at IndiGo,Transferencia,8661.39,0,Travel
34664.48,6495.18,ALTA,8,1708.98,Egreso,2025-03-11,Transaction at YouTube Premium,Debito,603.5,0,Entertainment
10374.53,4703.41,MEDIA,20,911.37,Egreso,2025-04-04,Transaction at Nike,Debito,5275.52,0,Clothing
6279.47,8110.72,ALTA,41,1662.87,Egreso,2025-06-02,Transaction at Fortis,Credito,10473.59,10,Healthcare
49506.82,2325.13,ALTA,1,983.08,Egreso,2025-09-21,Transaction at HP World,Transferencia,45429.5,0,Electronics
17925.16,3468.25,ALTA,89,1416.09,Egreso,2025-05-23,Transaction at Spencers,Transferencia,3029.15,0,Grocery
47567.82,1439.29,MEDIA,47,891.13,Egreso,2025-12-22,Transaction at Yulu Bikes,Transferencia,572.6,0,Transport
31426.02,7811.58,ALTA,81,733.45,Egreso,2025-10-03,Transaction at Uber,Transferencia,711.39,0,Transport
24263.31,9573.11,BAJA,71,1168.75,Egreso,2025-08-24,Transaction at Wrogn,Transferencia,7902.76,0,Clothing
36541.88,8664.61,ALTA,97,1704.26,Egreso,2025-11-30,Transaction at Kauvery,Debito,8743.52,0,Healthcare
14018.46,2050.72,NULA,9,511.08,Egreso,2025-04-26,Transaction at BMTC,Transferencia,1794.71,0,Transport
18223.48,8640.38,NULA,49,1836.4,Egreso,2025-03-23,Transaction at More Supermarket,Transferencia,3121.34,0,Grocery
34549.42,4324.88,MEDIA,30,800.27,Egreso,2025-01-30,Transaction at Pizza Hut,Credito,846.93,2,Food
30926.73,3920.99,BAJA,4,1375.3,Egreso,2025-08-28,Transaction at Samsung Store,Transferencia,124616.3,0,Electronics
24356.89,1898.59,MEDIA,65,704.45,Egreso,2025-02-05,Transaction at Chai Point,Debito,319.11,0,Food
20302.96,5942.15,BAJA,93,181.45,Egreso,2025-10-24,Transaction at PharmEasy,Debito,1030.38,0,Healthcare
30867.11,8048.12,MEDIA,51,601.87,Egreso,2025-06-21,Transaction at IndiGo,Credito,3283.48,5,Travel
19972.76,6131.1,BAJA,8,138.05,Egreso,2025-11-05,Transaction at Water Board,Credito,292.83,6,Bills
6516.08,8875.95,MEDIA,37,915.75,Egreso,2025-06-11,Transaction at OYO,Transferencia,23791.49,0,Travel
33981.87,2021.32,MEDIA,39,1469.47,Egreso,2025-09-25,Transaction at Star Bazaar,Transferencia,4510.72,0,Grocery
5158.54,1671.59,MEDIA,78,718.55,Egreso,2025-04-22,Transaction at BSNL,Debito,5094.47,0,Bills
48014.96,2153.47,BAJA,64,412.39,Egreso,2025-08-06,Transaction at Biba,Debito,2685.24,0,Clothing
22366.51,2855.71,MEDIA,51,1229.92,Egreso,2025-12-11,Transaction at Star Bazaar,Transferencia,3716.69,0,Grocery
40216.96,8415.58,MEDIA,64,1683.53,Egreso,2025-04-09,Transaction at Amazon Prime,Transferencia,966.25,0,Entertainment
13286.56,7147.99,NULA,74,1059.01,Egreso,2025-07-31,Transaction at Meesho,Debito,18119.79,0,Online Shopping
22137.14,6640.99,ALTA,84,1597.18,Egreso,2025-12-02,Transaction at Burger King,Transferencia,1252.09,0,Food
14298.86,8218.83,ALTA,36,667.89,Egreso,2025-11-14,Transaction at Asus Store,Debito,24850.41,0,Electronics
45710.43,9450.31,ALTA,49,956.91,Egreso,2025-06-21,Transaction at Sony Center,Debito,4274.69,0,Electronics
43850.49,7589.23,NULA,58,894.89,Egreso,2025-02-16,Transaction at IRCTC,Transferencia,22798.9,0,Travel
46692.35,2387.74,NULA,16,1503.52,Egreso,2025-07-25,Transaction at Nature's Basket,Transferencia,3198.43,0,Grocery
22482.9,9068.88,MEDIA,97,1168.8,Egreso,2025-08-02,Transaction at JioMart,Debito,3750.45,0,Grocery
7967.45,7702.01,MEDIA,59,1301.72,Egreso,2025-10-14,Transaction at Biba,Transferencia,6857.44,0,Clothing
34437.19,1328.79,MEDIA,51,276.31,Egreso,2025-03-25,Transaction at Burger King,Credito,920.15,8,Food
33684.48,9977.33,ALTA,54,227.4,Egreso,2025-02-12,Transaction at Chai Point,Debito,806.07,0,Food
8979.31,3709.98,ALTA,36,920.0,Egreso,2025-11-14,Transaction at Hotstar,Transferencia,189.11,0,Entertainment
31226.96,8164.7,BAJA,40,621.65,Egreso,2025-12-06,Transaction at Reliance Digital,Debito,57283.39,0,Electronics
25991.51,3648.57,NULA,40,750.33,Egreso,2025-12-14,Transaction at Metro Rail,Transferencia,259.35,0,Transport
17153.69,4607.06,ALTA,49,332.03,Egreso,2025-05-21,Transaction at Property Tax Online,Transferencia,4431.95,0,Bills
44839.13,8996.71,MEDIA,79,673.55,Egreso,2025-07-26,Transaction at CCD,Debito,267.47,0,Food
28432.57,4071.93,ALTA,57,1774.85,Egreso,2025-05-11,Transaction at Booking.com,Transferencia,960.81,0,Travel
26257.0,8531.64,MEDIA,12,797.96,Egreso,2025-03-30,Transaction at BigBazaar,Credito,4429.65,6,Grocery
33603.21,1475.26,NULA,35,1297.83,Egreso,2025-02-03,Transaction at Taco Bell,Credito,1174.11,10,Food
18455.14,6392.79,NULA,21,254.25,Egreso,2025-10-20,Transaction at Nike,Credito,4558.86,5,Clothing
40422.28,7518.23,NULA,60,1436.32,Egreso,2025-10-17,Transaction at CCD,Transferencia,1448.1,0,Food
28177.92,3902.14,NULA,24,742.65,Egreso,2025-10-19,Transaction at SonyLiv,Transferencia,974.72,0,Entertainment
34097.24,4544.04,MEDIA,11,809.94,Egreso,2025-01-25,Transaction at Apollo Pharmacy,Transferencia,4233.67,0,Healthcare
35273.37,8127.07,MEDIA,15,609.02,Egreso,2025-04-01,Transaction at Meru Cabs,Debito,1392.64,0,Transport
7316.3,1437.94,ALTA,48,1871.45,Egreso,2025-04-28,Transaction at KFC,Credito,1308.51,9,Food
37754.02,6899.12,ALTA,72,1084.89,Egreso,2025-07-21,Transaction at Kauvery,Debito,1660.65,0,Healthcare
43732.04,4343.48,ALTA,65,889.72,Egreso,2025-06-10,Transaction at PharmEasy,Transferencia,10204.39,0,Healthcare
47150.42,9234.94,NULA,82,1077.55,Egreso,2025-05-26,Transaction at SonyLiv,Debito,610.01,0,Entertainment
39093.44,2962.03,NULA,95,1897.38,Egreso,2025-11-05,Transaction at TSRTC,Debito,691.63,0,Transport
12482.14,4513.45,MEDIA,67,657.68,Egreso,2025-03-18,Transaction at Burger King,Credito,556.6,8,Food
48304.57,6258.49,MEDIA,77,555.48,Egreso,2025-07-20,Transaction at Taco Bell,Credito,101.46,8,Food
40455.04,5516.78,NULA,1,1247.81,Egreso,2025-01-31,Transaction at Water Board,Transferencia,508.77,0,Bills
33062.77,9302.44,ALTA,74,1017.85,Egreso,2025-01-18,Transaction at Fortis,Transferencia,1974.71,0,Healthcare
30479.95,5207.05,NULA,19,1184.94,Egreso,2025-01-17,Transaction at Nilgiris,Debito,685.22,0,Grocery
43090.45,6370.56,MEDIA,70,505.24,Egreso,2025-07-09,Transaction at HP World,Transferencia,84798.67,0,Electronics
15182.68,9655.14,MEDIA,93,1042.08,Egreso,2025-01-20,Transaction at Nike,Credito,6335.03,7,Clothing
39291.58,4867.87,MEDIA,96,146.42,Egreso,2025-04-11,Transaction at Vodafone Idea,Debito,5707.02,0,Bills
23964.5,4008.73,MEDIA,31,615.43,Egreso,2025-12-30,Transaction at RedBus,Debito,369.01,0,Transport
34602.85,2861.7,ALTA,12,590.47,Egreso,2025-04-21,Transaction at IRCTC,Transferencia,1928.17,0,Travel
21790.88,9216.72,MEDIA,33,1088.59,Egreso,2025-10-27,Transaction at Noise,Transferencia,126862.8,0,Electronics
18681.55,7061.49,ALTA,49,750.03,Egreso,2025-11-22,Transaction at SonyLiv,Transferencia,316.39,0,Entertainment
48891.76,6984.94,BAJA,95,746.98,Egreso,2025-09-12,Transaction at AirAsia,Debito,10454.07,0,Travel
16989.05,5012.11,NULA,11,363.91,Egreso,2025-08-30,Transaction at Meru Cabs,Transferencia,971.09,0,Transport
15857.19,1059.73,BAJA,55,198.51,Egreso,2025-01-06,Transaction at Yulu Bikes,Credito,486.8,3,Transport
46917.64,9381.16,NULA,3,795.92,Egreso,2025-01-31,Transaction at Kauvery,Transferencia,18889.88,0,Healthcare
49347.92,5073.45,ALTA,33,194.59,Egreso,2025-10-12,Transaction at Water Board,Credito,3996.2,1,Bills
18371.76,1677.17,NULA,29,852.92,Egreso,2025-01-06,Transaction at Water Board,Credito,3331.01,9,Bills
45782.57,6265.46,MEDIA,94,176.16,Egreso,2025-11-20,Transaction at Dominos,Transferencia,571.22,0,Food
27583.33,2344.17,BAJA,68,184.11,Egreso,2025-01-29,Transaction at A2B,Debito,835.42,0,Food
30058.74,3448.99,BAJA,5,1619.97,Egreso,2025-06-30,Transaction at Dominos,Debito,1367.4,0,Food
27090.69,5277.06,NULA,14,699.4,Egreso,2025-02-25,Transaction at Snapdeal,Transferencia,17628.94,0,Online Shopping
23242.66,9154.32,NULA,9,978.46,Egreso,2025-05-07,Transaction at CCD,Transferencia,695.84,0,Food
8748.25,8197.09,BAJA,33,465.32,Egreso,2025-06-02,Transaction at Hotstar,Transferencia,877.65,0,Entertainment
14946.86,9648.29,NULA,52,1992.94,Egreso,2025-06-22,Transaction at MakeMyTrip,Credito,12420.06,10,Travel
22432.13,7987.83,ALTA,19,1335.38,Egreso,2025-03-04,Transaction at Water Board,Credito,4699.67,11,Bills
9004.7,9809.45,MEDIA,88,796.88,Egreso,2025-07-22,Transaction at Vistara,Transferencia,7003.47,0,Travel
11049.39,4189.33,NULA,93,547.66,Egreso,2025-02-18,Transaction at Pizza Hut,Credito,265.72,7,Food
5371.92,5320.45,NULA,52,816.88,Egreso,2025-10-10,Transaction at Puma,Transferencia,7287.9,0,Clothing
34335.16,3348.18,BAJA,20,453.27,Egreso,2025-07-12,Transaction at HP World,Transferencia,119838.66,0,Electronics
6059.19,8069.84,ALTA,50,358.88,Egreso,2025-08-31,Transaction at Yulu Bikes,Transferencia,471.16,0,Transport
28646.31,6483.08,ALTA,49,1928.12,Egreso,2025-07-24,Transaction at Snapdeal,Credito,19139.33,1,Online Shopping
16131.56,3081.77,BAJA,58,1589.18,Egreso,2025-01-28,Transaction at Puma,Transferencia,5661.92,0,Clothing
19965.39,3792.91,MEDIA,43,1300.03,Egreso,2025-12-13,Transaction at Cream Stone,Transferencia,863.04,0,Food
46866.33,9611.6,NULA,73,988.61,Egreso,2025-11-05,Transaction at Boat Lifestyle,Transferencia,141218.86,0,Electronics
45824.99,9020.48,BAJA,57,322.77,Egreso,2025-08-01,Transaction at Apple Store,Debito,11779.45,0,Electronics
36757.39,9363.88,BAJA,13,687.35,Egreso,2025-02-27,Transaction at Nykaa,Credito,19542.23,3,Online Shopping
10159.06,4680.09,NULA,88,1544.3,Egreso,2025-03-20,Transaction at Subway,Debito,553.97,0,Food
7561.7,6238.89,NULA,92,1734.48,Egreso,2025-05-14,Transaction at Puma,Transferencia,4547.6,0,Clothing
45841.15,6885.18,MEDIA,26,538.04,Egreso,2025-05-21,Transaction at Cream Stone,Debito,705.78,0,Food
18505.34,3809.59,NULA,74,426.48,Egreso,2025-07-08,Transaction at BigBazaar,Debito,768.3,0,Grocery
44130.28,6778.1,ALTA,97,1707.87,Egreso,2025-05-06,Transaction at Spencers,Transferencia,639.56,0,Grocery
14197.2,8503.01,BAJA,81,684.76,Egreso,2025-09-24,Transaction at Water Board,Transferencia,1234.73,0,Bills
12341.22,6629.13,NULA,15,1066.0,Egreso,2025-01-16,Transaction at Dell Exclusive,Transferencia,49085.04,0,Electronics
12709.32,5482.35,BAJA,52,1123.66,Egreso,2025-06-01,Transaction at Vistara,Transferencia,26640.71,0,Travel
12003.49,6651.52,NULA,30,1478.99,Egreso,2025-02-05,Transaction at Spencers,Transferencia,1267.41,0,Grocery
25798.15,8389.62,NULA,56,614.34,Egreso,2025-09-08,Transaction at Apollo Pharmacy,Debito,8719.23,0,Healthcare
18719.53,3905.73,BAJA,56,847.6,Egreso,2025-05-15,Transaction at Apollo Pharmacy,Transferencia,18799.96,0,Healthcare
29498.73,6834.43,MEDIA,3,544.96,Egreso,2025-06-27,Transaction at Netmeds,Transferencia,14420.78,0,Healthcare
37476.88,4681.06,MEDIA,42,1929.73,Egreso,2025-12-31,Transaction at HP World,Transferencia,7025.44,0,Electronics
24669.71,4568.98,NULA,16,851.02,Egreso,2025-10-15,Transaction at Ola,Credito,833.64,10,Transport
27504.66,9687.97,NULA,75,1354.1,Egreso,2025-06-19,Transaction at Yulu Bikes,Transferencia,1060.45,0,Transport
41049.35,5660.58,MEDIA,8,591.75,Egreso,2025-03-29,Transaction at Ajio,Transferencia,6425.56,0,Online Shopping
41222.87,5896.61,NULA,36,1671.82,Egreso,2025-03-03,Transaction at BigBazaar,Debito,4397.76,0,Grocery
43676.85,6181.06,MEDIA,22,359.07,Egreso,2025-12-08,Transaction at OnePlus,Transferencia,138839.82,0,Electronics
6950.59,6489.62,NULA,92,142.95,Egreso,2025-01-25,Transaction at Gaana,Transferencia,450.06,0,Entertainment
14055.39,2236.02,MEDIA,46,1212.13,Egreso,2025-04-01,Transaction at Aha,Debito,320.19,0,Entertainment
47471.96,9070.61,MEDIA,30,559.37,Egreso,2025-12-08,Transaction at Hotstar,Credito,614.79,7,Entertainment
20883.45,6216.3,BAJA,5,1467.35,Egreso,2025-01-11,Transaction at Snapdeal,Transferencia,2280.31,0,Online Shopping
40703.54,1898.2,ALTA,97,1336.69,Egreso,2025-07-02,Transaction at Spencers,Debito,796.87,0,Grocery
45822.95,7106.92,BAJA,68,213.41,Egreso,2025-01-10,Transaction at Meru Cabs,Transferencia,111.51,0,Transport
24736.98,1944.0,MEDIA,10,1531.84,Egreso,2025-02-09,Transaction at Vistara,Debito,10645.44,0,Travel
49673.87,1214.3,ALTA,76,1901.01,Egreso,2025-01-14,Transaction at Pepperfry,Debito,9837.52,0,Online Shopping
8312.53,5574.37,MEDIA,53,1070.71,Egreso,2025-09-17,Transaction at 1mg,Transferencia,762.6,0,Healthcare
24892.08,5571.39,ALTA,47,1821.28,Egreso,2025-01-30,Transaction at Apple Music,Credito,480.04,3,Entertainment
35618.93,6144.66,MEDIA,22,127.4,Egreso,2025-01-31,Transaction at BSNL,Credito,585.96,2,Bills
25828.46,1213.96,NULA,61,824.8,Egreso,2025-01-22,Transaction at Asus Store,Debito,5639.35,0,Electronics
49144.84,4284.18,ALTA,42,1824.57,Egreso,2025-12-28,Transaction at Vivo Store,Debito,58106.34,0,Electronics
48316.22,9633.28,NULA,25,519.59,Egreso,2025-11-23,Transaction at Airtel,Debito,4982.78,0,Bills
38819.39,8687.14,ALTA,75,935.11,Egreso,2025-10-18,Transaction at OnePlus,Transferencia,59260.28,0,Electronics
41447.38,2529.51,NULA,78,802.77,Egreso,2025-09-24,Transaction at 1mg,Transferencia,15965.36,0,Healthcare
10807.78,7870.08,BAJA,74,438.26,Egreso,2025-03-07,Transaction at Netmeds,Transferencia,19921.29,0,Healthcare
45030.54,7667.52,ALTA,57,1775.67,Egreso,2025-10-28,Transaction at PharmEasy,Debito,13605.76,0,Healthcare
7758.01,2687.06,NULA,71,1855.72,Egreso,2025-05-01,Transaction at Booking.com,Transferencia,15871.51,0,Travel
35131.06,9677.16,BAJA,32,679.88,Egreso,2025-04-18,Transaction at Adidas,Credito,1016.73,6,Clothing
5026.19,8525.59,NULA,18,503.63,Egreso,2025-07-25,Transaction at JioMart,Credito,3338.95,6,Grocery
17210.69,9815.62,MEDIA,28,1108.19,Egreso,2025-12-11,Transaction at AirAsia,Transferencia,14094.1,0,Travel
18927.83,6984.17,BAJA,54,755.09,Egreso,2025-05-21,Transaction at Flipkart,Credito,4322.48,10,Online Shopping
44261.42,3745.09,ALTA,84,1029.66,Egreso,2025-06-24,Transaction at OnePlus,Transferencia,68038.0,0,Electronics
37464.89,2130.33,ALTA,76,1420.23,Egreso,2025-12-26,Transaction at Nature's Basket,Debito,365.54,0,Grocery
20092.62,9192.95,BAJA,96,703.09,Egreso,2025-05-16,Transaction at Saravana Bhavan,Credito,143.62,1,Food
12054.13,7354.95,NULA,2,1799.77,Egreso,2025-09-02,Transaction at Booking.com,Transferencia,19911.94,0,Travel
8925.42,6321.2,MEDIA,95,351.04,Egreso,2025-06-05,Transaction at Rapido,Transferencia,1737.48,0,Transport
35348.02,5069.07,BAJA,74,1890.99,Egreso,2025-12-11,Transaction at HP World,Transferencia,45883.84,0,Electronics
7954.18,6994.17,MEDIA,45,1921.95,Egreso,2025-08-01,Transaction at Spotify,Debito,586.34,0,Entertainment
21781.86,7080.49,BAJA,47,1023.56,Egreso,2025-06-16,Transaction at HP World,Transferencia,28294.79,0,Electronics
7547.78,7983.94,NULA,88,1107.85,Egreso,2025-08-14,Transaction at Dominos,Transferencia,1360.98,0,Food
15465.86,9846.49,ALTA,70,1659.38,Egreso,2025-09-28,Transaction at Myntra,Transferencia,6681.25,0,Online Shopping
14302.48,9872.37,MEDIA,38,489.37,Egreso,2025-09-04,Transaction at Lenskart,Transferencia,17784.38,0,Online Shopping
33208.52,9696.2,ALTA,59,250.03,Egreso,2025-02-09,Transaction at Flipkart,Transferencia,15307.59,0,Online Shopping
6592.45,6597.29,BAJA,19,1220.47,Egreso,2025-11-28,Transaction at Spotify,Credito,330.83,6,Entertainment
39461.85,9914.09,BAJA,4,470.78,Egreso,2025-11-12,Transaction at Kauvery,Debito,17967.11,0,Healthcare
40104.17,3384.67,ALTA,50,1723.81,Egreso,2025-10-13,Transaction at Meru Cabs,Debito,458.32,0,Transport
14732.6,1768.31,NULA,90,1416.73,Egreso,2025-01-01,Transaction at TSRTC,Credito,1830.5,8,Transport
38255.61,9665.59,ALTA,32,1364.38,Egreso,2025-03-08,Transaction at Apple Music,Debito,520.34,0,Entertainment
42822.76,5479.49,ALTA,66,1664.36,Egreso,2025-04-01,Transaction at Ola,Transferencia,1456.54,0,Transport
15579.63,5584.59,NULA,53,718.72,Egreso,2025-05-06,Transaction at YouTube Premium,Debito,407.9,0,Entertainment
48657.8,8621.39,ALTA,67,1329.96,Egreso,2025-07-08,Transaction at Uber,Debito,994.84,0,Transport
26752.06,8001.42,BAJA,28,1140.93,Egreso,2025-02-23,Transaction at Booking.com,Credito,4041.34,11,Travel
44869.76,7671.55,MEDIA,74,274.14,Egreso,2025-09-19,Transaction at SonyLiv,Transferencia,230.88,0,Entertainment
13869.96,7295.59,MEDIA,26,863.95,Egreso,2025-08-15,Transaction at Jio Fiber,Debito,1420.62,0,Bills
47241.59,2459.21,NULA,85,1903.64,Egreso,2025-07-19,Transaction at AirAsia,Credito,18962.18,11,Travel
21831.15,2342.36,ALTA,53,1675.29,Egreso,2025-07-09,Transaction at Apollo Pharmacy,Transferencia,12957.24,0,Healthcare
41565.68,1363.75,MEDIA,97,696.29,Egreso,2025-04-04,Transaction at 1mg,Debito,673.42,0,Healthcare
14508.9,6580.39,ALTA,8,695.06,Egreso,2025-08-23,Transaction at Samsung Store,Debito,48291.27,0,Electronics
23614.62,8328.39,ALTA,98,574.88,Egreso,2025-04-20,Transaction at CCD,Transferencia,1320.45,0,Food
24795.93,9638.03,BAJA,57,799.94,Egreso,2025-02-02,Transaction at More Supermarket,Credito,2397.24,1,Grocery
29179.71,7444.89,BAJA,27,1157.38,Egreso,2025-06-25,Transaction at Barbeque Nation,Transferencia,530.68,0,Food
33041.48,2798.99,BAJA,75,1293.36,Egreso,2025-05-21,Transaction at Paradise Biryani,Transferencia,935.83,0,Food
20299.53,7023.39,NULA,72,340.5,Egreso,2025-06-09,Transaction at Lenskart,Transferencia,6741.27,0,Online Shopping
27602.28,6756.78,BAJA,51,1380.59,Egreso,2025-06-25,Transaction at Wrogn,Credito,1065.89,9,Clothing
49027.4,5549.53,ALTA,57,1313.15,Egreso,2025-01-29,Transaction at Goibibo,Credito,29047.54,4,Travel
10468.4,8890.09,BAJA,19,1348.31,Egreso,2025-06-19,Transaction at Biba,Debito,7215.91,0,Clothing
23872.17,9347.13,MEDIA,51,1793.1,Egreso,2025-12-15,Transaction at Tata Cliq,Transferencia,18577.0,0,Online Shopping
15512.03,3427.24,MEDIA,63,1269.07,Egreso,2025-09-13,Transaction at Vivo Store,Transferencia,3229.05,0,Electronics
25191.35,1973.92,NULA,36,435.04,Egreso,2025-06-15,Transaction at Snapdeal,Transferencia,11143.22,0,Online Shopping
42151.79,7228.79,MEDIA,6,1961.92,Egreso,2025-04-09,Transaction at SonyLiv,Debito,370.67,0,Entertainment
22789.41,1304.44,BAJA,73,1575.95,Egreso,2025-02-09,Transaction at Woodland,Transferencia,7046.85,0,Clothing
48336.38,8474.29,BAJA,45,646.06,Egreso,2025-05-21,Transaction at Pantaloons,Transferencia,4349.94,0,Clothing
35499.98,8051.67,NULA,84,1393.73,Egreso,2025-01-23,Transaction at Meesho,Debito,6755.24,0,Online Shopping
11450.11,7114.15,BAJA,68,1253.65,Egreso,2025-03-22,Transaction at Apple Music,Credito,720.96,11,Entertainment
36329.56,6540.03,NULA,75,1741.85,Egreso,2025-07-10,Transaction at Reliance Fresh,Transferencia,2081.42,0,Grocery
22967.36,4003.57,NULA,46,655.58,Egreso,2025-06-16,Transaction at Starbucks,Debito,1251.97,0,Food
35403.43,8084.31,BAJA,8,245.3,Egreso,2025-08-14,Transaction at Reliance Fresh,Credito,590.22,4,Grocery
45341.94,5725.23,NULA,8,1667.16,Egreso,2025-09-24,Transaction at Sony Center,Transferencia,29600.11,0,Electronics
14935.15,6606.33,BAJA,50,853.05,Egreso,2025-05-09,Transaction at OYO,Credito,15132.07,1,Travel
14424.63,4049.15,ALTA,44,1871.29,Egreso,2025-07-13,Transaction at Aster,Credito,822.71,8,Healthcare
8269.51,6254.4,NULA,48,645.42,Egreso,2025-09-01,Transaction at Adidas,Transferencia,7536.43,0,Clothing
40935.74,7086.16,MEDIA,9,504.3,Egreso,2025-05-21,Transaction at Ajio,Transferencia,15768.63,0,Online Shopping
44147.54,6905.11,BAJA,13,1239.14,Egreso,2025-09-01,Transaction at Netflix,Transferencia,633.88,0,Entertainment
9138.17,8733.53,MEDIA,4,600.19,Egreso,2025-11-08,Transaction at Woodland,Credito,2482.68,2,Clothing
22492.22,4211.53,MEDIA,62,1765.55,Egreso,2025-04-08,Transaction at Woodland,Credito,7312.37,11,Clothing
19829.15,9487.26,ALTA,95,1937.07,Egreso,2025-02-20,Transaction at Levis,Debito,3551.19,0,Clothing
13361.23,3970.65,MEDIA,6,1169.21,Egreso,2025-01-20,Transaction at Star Bazaar,Transferencia,758.0,0,Grocery
25022.84,2163.07,MEDIA,46,1176.28,Egreso,2025-06-24,Transaction at H&M,Credito,3920.96,11,Clothing
39361.73,4128.08,BAJA,24,1063.54,Egreso,2025-01-25,Transaction at Apple Music,Transferencia,948.61,0,Entertainment
37439.58,2547.36,BAJA,69,1994.62,Egreso,2025-06-28,Transaction at Vodafone Idea,Credito,501.47,1,Bills
13890.91,4274.58,BAJA,99,550.1,Egreso,2025-02-04,Transaction at RedBus,Transferencia,1705.46,0,Transport
7716.54,7989.98,MEDIA,42,1415.37,Egreso,2025-01-20,Transaction at Puma,Debito,7495.86,0,Clothing
7402.09,2385.98,NULA,43,536.2,Egreso,2025-12-01,Transaction at Meesho,Debito,2346.16,0,Online Shopping
42347.84,2641.6,BAJA,51,802.35,Egreso,2025-09-15,Transaction at Tata Cliq,Transferencia,18904.35,0,Online Shopping
21546.53,6910.46,NULA,63,783.97,Egreso,2025-07-07,Transaction at ACT Fibernet,Debito,750.58,0,Bills
45518.36,8038.5,NULA,55,122.91,Egreso,2025-06-05,Transaction at Yulu Bikes,Debito,1940.89,0,Transport
20403.41,9194.56,BAJA,97,530.74,Egreso,2025-12-03,Transaction at Fortis,Debito,193.25,0,Healthcare
7708.02,8605.21,BAJA,50,884.48,Egreso,2025-08-06,Transaction at Allen Solly,Transferencia,2583.75,0,Clothing
32689.55,2097.84,BAJA,12,419.69,Egreso,2025-07-11,Transaction at Chai Point,Transferencia,1138.84,0,Food
23190.26,4318.64,BAJA,69,1683.44,Egreso,2025-08-10,Transaction at Dominos,Debito,498.34,0,Food
10938.52,3194.94,ALTA,49,512.44,Egreso,2025-12-12,Transaction at Vivo Store,Transferencia,103611.66,0,Electronics
22435.02,1305.99,NULA,15,612.22,Egreso,2025-01-07,Transaction at OnePlus,Transferencia,50849.39,0,Electronics
11310.23,8440.98,BAJA,92,169.59,Egreso,2025-10-10,Transaction at Nature's Basket,Transferencia,1109.0,0,Grocery
43616.48,3703.28,BAJA,79,854.44,Egreso,2025-01-16,Transaction at Mi Store,Transferencia,66872.52,0,Electronics
25291.67,8183.82,BAJA,96,374.29,Egreso,2025-11-11,Transaction at Sony Center,Transferencia,26450.34,0,Electronics
46017.03,9575.66,NULA,38,1909.33,Egreso,2025-09-04,Transaction at Zara,Transferencia,2698.76,0,Clothing
22164.12,2246.67,MEDIA,96,1841.63,Egreso,2025-06-26,Transaction at Pepperfry,Debito,120.91,0,Online Shopping
33134.77,1267.71,BAJA,65,1856.87,Egreso,2025-10-26,Transaction at Asus Store,Transferencia,116116.39,0,Electronics
26011.32,6210.18,NULA,53,1504.27,Egreso,2025-05-11,Transaction at Nykaa,Transferencia,19246.61,0,Online Shopping
43170.13,9828.16,ALTA,32,1594.51,Egreso,2025-11-08,Transaction at CloudNine,Transferencia,17156.26,0,Healthcare
47380.44,3838.97,MEDIA,13,939.97,Egreso,2025-05-11,Transaction at Pizza Hut,Transferencia,1330.23,0,Food
43780.18,3584.69,MEDIA,77,1658.85,Egreso,2025-05-26,Transaction at Booking.com,Transferencia,22861.68,0,Travel
47971.11,7755.24,ALTA,10,1169.83,Egreso,2025-11-23,Transaction at AirAsia,Credito,17311.31,8,Travel
47606.24,4840.5,BAJA,7,352.75,Egreso,2025-10-20,Transaction at Nike,Credito,3223.11,7,Clothing
9428.78,2322.43,MEDIA,31,1253.25,Egreso,2025-03-07,Transaction at ACT Fibernet,Transferencia,3943.29,0,Bills
5155.75,6217.92,NULA,85,1940.42,Egreso,2025-07-05,Transaction at TSRTC,Credito,656.97,6,Transport
49083.21,3949.94,BAJA,56,164.58,Egreso,2025-11-08,Transaction at KFC,Debito,1101.8,0,Food
28900.62,9374.01,BAJA,20,488.74,Egreso,2025-12-16,Transaction at Kauvery,Debito,16635.22,0,Healthcare
20971.57,3124.03,NULA,81,1260.38,Egreso,2025-04-30,Transaction at Star Bazaar,Transferencia,2533.57,0,Grocery
26677.37,6730.62,NULA,16,1153.25,Egreso,2025-06-30,Transaction at DMart,Transferencia,3656.5,0,Grocery
30587.0,9490.84,ALTA,53,1310.12,Egreso,2025-05-16,Transaction at Noise,Transferencia,146221.98,0,Electronics
49787.73,6362.85,NULA,13,196.86,Egreso,2025-08-08,Transaction at Kauvery,Debito,14592.78,0,Healthcare
38424.22,8493.51,ALTA,12,305.88,Egreso,2025-05-21,Transaction at Kauvery,Transferencia,13635.83,0,Healthcare
33924.5,9670.54,ALTA,66,921.13,Egreso,2025-04-17,Transaction at Cream Stone,Credito,131.5,3,Food
16853.09,7058.28,ALTA,45,588.78,Egreso,2025-01-01,Transaction at Vistara,Credito,17697.66,9,Travel
29666.54,9168.47,ALTA,94,1595.69,Egreso,2025-09-04,Transaction at Zee5,Debito,827.91,0,Entertainment
37723.72,7014.84,BAJA,11,1318.28,Egreso,2025-04-01,Transaction at MedPlus,Debito,17380.84,0,Healthcare
29208.3,3810.5,ALTA,56,582.74,Egreso,2025-10-02,Transaction at McDonalds,Transferencia,431.71,0,Food
43549.82,4416.32,MEDIA,45,556.41,Egreso,2025-01-10,Transaction at CCD,Transferencia,893.7,0,Food
49779.3,8941.15,NULA,4,1706.64,Egreso,2025-02-04,Transaction at IndiGo,Transferencia,8435.54,0,Travel
48984.56,6961.71,ALTA,69,1488.4,Egreso,2025-06-15,Transaction at Nilgiris,Credito,3250.52,9,Grocery
7285.78,6132.61,MEDIA,18,1186.06,Egreso,2025-12-23,Transaction at IRCTC,Credito,20146.59,10,Travel
26416.05,1700.45,ALTA,9,1101.02,Egreso,2025-01-26,Transaction at Yatra,Transferencia,20027.75,0,Travel
26971.11,8985.9,ALTA,10,901.46,Egreso,2025-05-16,Transaction at More Supermarket,Debito,3912.16,0,Grocery
45553.26,9353.36,ALTA,91,918.65,Egreso,2025-09-18,Transaction at Airtel,Transferencia,4886.44,0,Bills
43999.5,2211.76,MEDIA,51,1694.03,Egreso,2025-11-12,Transaction at Boat Lifestyle,Transferencia,115363.25,0,Electronics
6753.55,4254.24,ALTA,63,1753.22,Egreso,2025-11-30,Transaction at Taco Bell,Transferencia,1132.53,0,Food
40860.14,3670.74,NULA,91,1177.48,Egreso,2025-04-09,Transaction at Boat Lifestyle,Debito,94394.62,0,Electronics
36538.44,6070.9,MEDIA,62,1720.84,Egreso,2025-09-28,Transaction at Gaana,Credito,373.72,6,Entertainment
28790.61,6624.85,BAJA,59,1883.23,Egreso,2025-09-15,Transaction at Boat Lifestyle,Debito,124461.4,0,Electronics
29534.89,6373.41,NULA,91,305.52,Egreso,2025-12-14,Transaction at BigBazaar,Debito,2860.62,0,Grocery
20855.6,1913.02,BAJA,50,1851.75,Egreso,2025-09-18,Transaction at DMart,Transferencia,2487.41,0,Grocery
16403.96,8735.53,MEDIA,61,1697.93,Egreso,2025-12-12,Transaction at Biba,Transferencia,3700.31,0,Clothing
31710.44,4956.93,BAJA,85,124.49,Egreso,2025-12-26,Transaction at Aha,Credito,852.26,8,Entertainment
49784.07,9452.97,NULA,21,671.28,Egreso,2025-07-09,Transaction at Snapdeal,Transferencia,14152.64,0,Online Shopping
43688.51,8287.27,BAJA,69,1957.76,Egreso,2025-03-12,Transaction at Barbeque Nation,Debito,480.99,0,Food
34775.89,3012.35,ALTA,15,1912.17,Egreso,2025-12-10,Transaction at Jio Fiber,Debito,4899.14,0,Bills
30111.61,9385.94,NULA,61,515.47,Egreso,2025-04-08,Transaction at Amazon,Credito,371.83,7,Online Shopping
48929.31,6448.14,NULA,94,579.96,Egreso,2025-04-08,Transaction at Pepperfry,Debito,1007.15,0,Online Shopping
20961.47,8921.94,BAJA,10,308.81,Egreso,2025-02-20,Transaction at Snapdeal,Transferencia,9773.41,0,Online Shopping
43813.32,2049.27,ALTA,95,1926.44,Egreso,2025-10-30,Transaction at Vistara,Transferencia,17239.18,0,Travel
13319.0,5268.84,MEDIA,37,1511.93,Egreso,2025-06-08,Transaction at Ajio,Transferencia,5437.34,0,Online Shopping
32247.0,1606.54,NULA,83,226.67,Egreso,2025-11-28,Transaction at Samsung Store,Transferencia,147278.88,0,Electronics
43914.22,2627.86,BAJA,37,740.75,Egreso,2025-05-28,Transaction at KFC,Credito,1108.69,10,Food
46514.39,4346.75,ALTA,75,1547.28,Egreso,2025-06-20,Transaction at Paradise Biryani,Credito,344.98,6,Food
23971.75,6052.33,BAJA,90,1377.32,Egreso,2025-05-03,Transaction at CCD,Credito,927.84,2,Food
41346.67,5032.42,ALTA,22,884.78,Egreso,2025-01-03,Transaction at Airtel,Credito,3449.0,5,Bills
32191.85,6145.41,BAJA,63,1647.14,Egreso,2025-09-30,Transaction at Gaana,Transferencia,413.85,0,Entertainment
32786.24,6674.7,NULA,46,1278.85,Egreso,2025-01-28,Transaction at OnePlus,Debito,5636.14,0,Electronics
27332.25,8014.44,NULA,66,369.18,Egreso,2025-12-04,Transaction at TNEB,Transferencia,5903.78,0,Bills
6092.83,6555.85,BAJA,65,893.61,Egreso,2025-03-22,Transaction at Noise,Debito,147389.4,0,Electronics
41957.22,1941.09,ALTA,84,367.83,Egreso,2025-09-15,Transaction at Air India,Debito,27052.89,0,Travel
46699.34,5361.32,BAJA,51,407.89,Egreso,2025-06-29,Transaction at Vivo Store,Credito,114185.63,1,Electronics
17702.05,6578.28,BAJA,66,672.38,Egreso,2025-09-09,Transaction at Apple Store,Debito,42407.59,0,Electronics
43079.63,5349.0,BAJA,20,1445.52,Egreso,2025-04-08,Transaction at Amazon Prime,Debito,699.85,0,Entertainment
11970.08,8430.56,BAJA,27,1888.49,Egreso,2025-07-31,Transaction at Ajio,Transferencia,15972.22,0,Online Shopping
16789.8,5960.49,MEDIA,75,575.56,Egreso,2025-06-07,Transaction at BigBazaar,Debito,2758.43,0,Grocery
47617.55,6313.14,MEDIA,87,1650.85,Egreso,2025-06-01,Transaction at Barbeque Nation,Transferencia,468.28,0,Food
23627.74,6796.6,BAJA,81,1555.98,Egreso,2025-07-30,Transaction at Samsung Store,Transferencia,47831.44,0,Electronics
26525.99,9975.85,ALTA,98,495.27,Egreso,2025-11-03,Transaction at BSNL,Debito,4757.22,0,Bills
20248.59,3046.54,NULA,95,646.13,Egreso,2025-03-26,Transaction at Burger King,Debito,398.91,0,Food
23132.83,5241.25,BAJA,77,1103.91,Egreso,2025-08-18,Transaction at Barbeque Nation,Credito,667.84,6,Food
10757.93,4432.07,NULA,9,766.35,Egreso,2025-07-20,Transaction at Cream Stone,Transferencia,715.24,0,Food
5668.03,8023.78,MEDIA,90,171.5,Egreso,2025-03-12,Transaction at Kauvery,Credito,19512.98,2,Healthcare
43617.44,1189.37,ALTA,88,1850.61,Egreso,2025-08-04,Transaction at KFC,Transferencia,407.5,0,Food
17051.27,7273.71,BAJA,96,1483.06,Egreso,2025-07-29,Transaction at TNEB,Debito,2155.85,0,Bills
20822.22,5960.09,NULA,94,1687.84,Egreso,2025-05-19,Transaction at 1mg,Transferencia,17248.42,0,Healthcare
8228.48,9606.37,MEDIA,83,580.33,Egreso,2025-04-02,Transaction at Yulu Bikes,Transferencia,1613.48,0,Transport
48285.16,4516.9,ALTA,30,939.82,Egreso,2025-12-01,Transaction at Woodland,Transferencia,5939.74,0,Clothing
10113.65,5969.0,MEDIA,95,1114.99,Egreso,2025-06-01,Transaction at Snapdeal,Debito,7428.31,0,Online Shopping
31442.65,4921.69,NULA,30,1599.62,Egreso,2025-02-17,Transaction at Lenskart,Transferencia,8823.95,0,Online Shopping
43815.81,6365.71,NULA,82,1752.87,Egreso,2025-10-16,Transaction at Biba,Debito,7817.58,0,Clothing
26286.98,3621.14,ALTA,41,1350.2,Egreso,2025-08-05,Transaction at Rapido,Transferencia,1762.38,0,Transport
36427.16,8070.23,ALTA,95,858.27,Egreso,2025-10-23,Transaction at Spencers,Credito,2940.94,2,Grocery
20284.88,2409.97,MEDIA,54,1608.57,Egreso,2025-06-04,Transaction at YouTube Premium,Transferencia,960.59,0,Entertainment
14903.96,6040.57,MEDIA,33,1242.03,Egreso,2025-07-06,Transaction at Yulu Bikes,Transferencia,923.53,0,Transport
28649.17,7710.11,ALTA,87,540.22,Egreso,2025-06-04,Transaction at Pizza Hut,Debito,1312.37,0,Food
24762.61,3534.05,BAJA,84,454.7,Egreso,2025-11-19,Transaction at ACT Fibernet,Debito,5542.36,0,Bills
31479.48,8746.97,NULA,92,1804.56,Egreso,2025-10-11,Transaction at PharmEasy,Credito,11690.41,9,Healthcare
22054.05,2612.42,NULA,28,1575.02,Egreso,2025-12-29,Transaction at Ajio,Debito,9313.73,0,Online Shopping
22722.93,9886.2,NULA,76,1649.03,Egreso,2025-03-07,Transaction at Croma,Credito,88933.34,6,Electronics
36419.73,9542.43,NULA,60,1571.88,Egreso,2025-02-27,Transaction at Kauvery,Transferencia,14080.97,0,Healthcare
40614.27,1039.36,ALTA,64,1390.36,Egreso,2025-06-05,Transaction at Ola,Credito,859.25,6,Transport
8549.38,8598.07,ALTA,13,173.92,Egreso,2025-05-26,Transaction at Apollo Pharmacy,Debito,5033.6,0,Healthcare
48321.2,9128.7,ALTA,46,1278.75,Egreso,2025-01-11,Transaction at Burger King,Debito,1395.14,0,Food
11641.07,1459.72,BAJA,87,809.72,Egreso,2025-11-16,Transaction at Paradise Biryani,Debito,648.24,0,Food
42989.07,5048.81,BAJA,51,1200.75,Egreso,2025-01-31,Transaction at Max Fashion,Transferencia,3494.52,0,Clothing
35722.31,8237.62,MEDIA,99,1831.3,Egreso,2025-06-03,Transaction at Nature's Basket,Debito,552.8,0,Grocery
40735.35,2664.96,ALTA,6,856.29,Egreso,2025-05-25,Transaction at Vivo Store,Credito,23631.41,3,Electronics
24256.89,5938.98,MEDIA,6,1737.4,Egreso,2025-07-19,Transaction at McDonalds,Transferencia,649.77,0,Food
18634.3,7533.18,NULA,83,923.45,Egreso,2025-11-26,Transaction at Pizza Hut,Debito,720.59,0,Food
10416.17,5365.6,MEDIA,19,273.21,Egreso,2025-06-01,Transaction at BSNL,Credito,5576.66,7,Bills
48556.45,9050.82,MEDIA,50,387.57,Egreso,2025-12-21,Transaction at RedBus,Credito,680.23,5,Transport
43931.62,4839.9,NULA,85,1454.34,Egreso,2025-12-06,Transaction at Woodland,Transferencia,4028.13,0,Clothing
24490.44,2737.78,ALTA,75,1082.38,Egreso,2025-12-01,Transaction at Water Board,Transferencia,1600.73,0,Bills
24315.94,7677.1,BAJA,40,568.6,Egreso,2025-09-23,Transaction at Kauvery,Transferencia,5160.03,0,Healthcare
40450.37,2080.58,MEDIA,32,958.5,Egreso,2025-05-16,Transaction at MakeMyTrip,Transferencia,15324.62,0,Travel
15435.41,1321.26,BAJA,15,1533.1,Egreso,2025-02-28,Transaction at YouTube Premium,Debito,993.17,0,Entertainment
38899.61,8336.4,ALTA,64,819.21,Egreso,2025-09-04,Transaction at Tata Cliq,Transferencia,14901.24,0,Online Shopping
20595.07,9450.85,BAJA,58,265.94,Egreso,2025-08-09,Transaction at Fortis,Transferencia,17970.84,0,Healthcare
18851.06,2150.26,MEDIA,94,1885.48,Egreso,2025-01-09,Transaction at Levis,Debito,7104.45,0,Clothing
6910.76,2262.04,ALTA,35,928.73,Egreso,2025-01-20,Transaction at Allen Solly,Transferencia,5453.23,0,Clothing
18221.27,5090.03,BAJA,95,772.04,Egreso,2025-09-15,Transaction at Pepperfry,Transferencia,3792.32,0,Online Shopping
18941.1,9779.6,MEDIA,85,1824.49,Egreso,2025-03-20,Transaction at Star Bazaar,Transferencia,3074.61,0,Grocery
29731.23,2472.67,BAJA,53,897.44,Egreso,2025-03-20,Transaction at Lenskart,Transferencia,19764.91,0,Online Shopping
45520.04,6606.4,ALTA,77,1332.79,Egreso,2025-06-18,Transaction at Pepperfry,Transferencia,3022.07,0,Online Shopping
41689.24,2781.62,ALTA,45,1150.94,Egreso,2025-10-09,Transaction at Apollo Pharmacy,Transferencia,17710.83,0,Healthcare
11076.94,3179.29,ALTA,7,1846.08,Egreso,2025-01-08,Transaction at Lenskart,Debito,9678.47,0,Online Shopping
29372.62,2264.21,BAJA,16,613.02,Egreso,2025-12-14,Transaction at Airtel,Debito,2351.51,0,Bills
11447.36,2124.06,BAJA,7,182.29,Egreso,2025-02-21,Transaction at IRCTC,Debito,21755.19,0,Travel
10170.76,2184.77,MEDIA,75,1059.91,Egreso,2025-12-02,Transaction at Vodafone Idea,Credito,872.73,10,Bills
18134.3,8958.1,NULA,11,1718.65,Egreso,2025-04-27,Transaction at Zee5,Transferencia,516.99,0,Entertainment
37887.22,1042.99,BAJA,17,881.19,Egreso,2025-11-29,Transaction at Vivo Store,Debito,5711.32,0,Electronics
16693.1,5293.79,ALTA,9,650.53,Egreso,2025-04-28,Transaction at Water Board,Credito,5422.26,3,Bills
5503.28,2082.75,NULA,63,170.99,Egreso,2025-03-21,Transaction at Fortis,Transferencia,7329.69,0,Healthcare
45793.46,8122.54,ALTA,1,1430.95,Egreso,2025-04-22,Transaction at PharmEasy,Debito,11410.82,0,Healthcare
27315.96,4133.38,BAJA,94,639.65,Egreso,2025-05-06,Transaction at Spencers,Credito,1047.5,10,Grocery
5494.73,9315.84,ALTA,66,658.17,Egreso,2025-08-03,Transaction at IndiGo,Debito,27603.5,0,Travel
6397.17,7114.21,BAJA,83,679.84,Egreso,2025-07-29,Transaction at Gas Agency,Debito,4661.69,0,Bills
28621.37,8075.24,MEDIA,22,356.46,Egreso,2025-12-29,Transaction at Spencers,Credito,1069.13,9,Grocery
37235.47,9087.18,MEDIA,78,622.25,Egreso,2025-01-28,Transaction at Metro Rail,Transferencia,1097.98,0,Transport
40945.41,3772.21,NULA,79,531.26,Egreso,2025-07-20,Transaction at Meru Cabs,Credito,1141.79,1,Transport
5263.82,2009.52,BAJA,97,771.97,Egreso,2025-06-26,Transaction at MakeMyTrip,Debito,7673.08,0,Travel
32228.32,3882.02,BAJA,12,1778.01,Egreso,2025-12-07,Transaction at Gas Agency,Transferencia,4008.68,0,Bills
29267.08,2494.44,MEDIA,20,1101.59,Egreso,2025-03-10,Transaction at Wrogn,Transferencia,6766.19,0,Clothing
41216.14,9756.79,NULA,93,873.94,Egreso,2025-02-15,Transaction at McDonalds,Debito,937.98,0,Food
18789.59,3315.61,MEDIA,3,1828.9,Egreso,2025-05-18,Transaction at Rapido,Debito,1784.97,0,Transport
46131.34,8840.47,BAJA,72,1796.03,Egreso,2025-07-14,Transaction at TSRTC,Debito,1671.26,0,Transport
46071.75,2971.62,BAJA,96,1299.77,Egreso,2025-05-12,Transaction at Yulu Bikes,Transferencia,556.23,0,Transport
41922.91,5599.75,ALTA,35,1216.85,Egreso,2025-03-24,Transaction at 1mg,Credito,12526.46,9,Healthcare
14517.5,7464.6,MEDIA,4,864.22,Egreso,2025-02-18,Transaction at 1mg,Credito,1763.41,9,Healthcare
13861.45,7978.4,MEDIA,79,175.48,Egreso,2025-06-22,Transaction at Metro Rail,Credito,1873.82,3,Transport
37816.41,2380.75,NULA,61,315.51,Egreso,2025-10-20,Transaction at Ola,Transferencia,581.7,0,Transport
43746.65,9476.72,MEDIA,31,480.33,Egreso,2025-11-23,Transaction at Property Tax Online,Credito,4433.9,10,Bills
24420.18,6594.2,ALTA,96,286.78,Egreso,2025-10-03,Transaction at Saravana Bhavan,Transferencia,726.73,0,Food
35952.9,9642.73,MEDIA,62,224.62,Egreso,2025-08-30,Transaction at DMart,Transferencia,2161.77,0,Grocery
32873.51,3096.15,NULA,7,1022.47,Egreso,2025-06-18,Transaction at Vivo Store,Transferencia,87977.29,0,Electronics
13520.79,6862.2,BAJA,36,324.56,Egreso,2025-05-25,Transaction at YouTube Premium,Debito,346.74,0,Entertainment
17633.04,8716.97,ALTA,79,944.41,Egreso,2025-01-20,Transaction at Pantaloons,Credito,5901.94,10,Clothing
20047.71,7291.69,BAJA,19,1276.12,Egreso,2025-10-19,Transaction at Spencers,Transferencia,3368.37,0,Grocery
7151.32,8525.18,ALTA,39,1737.31,Egreso,2025-12-27,Transaction at Yatra,Transferencia,8961.68,0,Travel
43491.78,4027.82,BAJA,44,733.15,Egreso,2025-11-22,Transaction at Water Board,Transferencia,1871.77,0,Bills
43388.91,7397.97,ALTA,70,1134.53,Egreso,2025-07-06,Transaction at RedBus,Credito,849.83,2,Transport
38207.8,2676.62,NULA,52,1248.3,Egreso,2025-06-19,Transaction at Spencers,Credito,4987.51,2,Grocery
42387.33,5974.0,MEDIA,32,783.45,Egreso,2025-10-20,Transaction at Adidas,Debito,1508.24,0,Clothing
47316.07,5501.28,MEDIA,73,650.71,Egreso,2025-08-02,Transaction at Burger King,Transferencia,218.62,0,Food
41338.18,2464.1,BAJA,15,159.37,Egreso,2025-10-29,Transaction at OnePlus,Credito,114216.2,8,Electronics
19894.51,1540.12,BAJA,69,1355.29,Egreso,2025-09-15,Transaction at Boat Lifestyle,Credito,46074.97,7,Electronics
23318.68,3592.17,BAJA,55,296.92,Egreso,2025-12-25,Transaction at Allen Solly,Credito,5053.37,10,Clothing
41890.54,8056.55,MEDIA,67,738.27,Egreso,2025-08-26,Transaction at BMTC,Transferencia,424.99,0,Transport
39363.53,3456.03,MEDIA,53,414.6,Egreso,2025-11-15,Transaction at Apple Store,Transferencia,54741.42,0,Electronics
11733.32,6661.06,NULA,58,649.98,Egreso,2025-01-21,Transaction at More Supermarket,Transferencia,1773.68,0,Grocery
42853.71,1600.64,BAJA,60,1950.32,Egreso,2025-12-30,Transaction at Ola,Credito,1454.14,1,Transport
15104.83,1878.59,BAJA,3,1071.78,Egreso,2025-10-09,Transaction at Goibibo,Transferencia,25683.0,0,Travel
9343.53,2030.84,BAJA,99,328.03,Egreso,2025-02-15,Transaction at Flipkart,Debito,12762.93,0,Online Shopping
41918.16,7943.84,BAJA,14,1999.34,Egreso,2025-12-06,Transaction at Rapido,Transferencia,1611.08,0,Transport
20557.11,3523.98,ALTA,30,196.94,Egreso,2025-12-14,Transaction at Meesho,Debito,6257.78,0,Online Shopping
14903.35,2382.49,NULA,8,651.71,Egreso,2025-04-18,Transaction at Gaana,Transferencia,160.35,0,Entertainment
21154.47,5897.34,NULA,3,125.24,Egreso,2025-04-22,Transaction at Apple Music,Credito,520.3,6,Entertainment
7131.0,4947.75,ALTA,37,1188.26,Egreso,2025-06-26,Transaction at Taco Bell,Debito,1039.1,0,Food
36608.95,6400.33,BAJA,3,852.85,Egreso,2025-12-17,Transaction at Property Tax Online,Transferencia,3178.07,0,Bills
25883.73,6847.3,BAJA,49,863.02,Egreso,2025-07-17,Transaction at SonyLiv,Transferencia,127.54,0,Entertainment
28147.88,3037.49,ALTA,40,1543.08,Egreso,2025-11-07,Transaction at Barbeque Nation,Debito,1428.57,0,Food
20783.38,6875.64,MEDIA,16,1656.92,Egreso,2025-06-14,Transaction at Aster,Transferencia,138.93,0,Healthcare
35534.89,8415.15,NULA,65,756.28,Egreso,2025-11-11,Transaction at Aster,Credito,952.07,3,Healthcare
32514.23,2973.09,BAJA,99,405.77,Egreso,2025-04-27,Transaction at TSRTC,Debito,1775.07,0,Transport
8138.05,1752.74,ALTA,39,311.59,Egreso,2025-09-11,Transaction at Zee5,Transferencia,398.79,0,Entertainment
20080.37,1077.56,NULA,20,1667.23,Egreso,2025-08-26,Transaction at Aha,Debito,543.51,0,Entertainment
44257.02,4208.55,MEDIA,70,1268.79,Egreso,2025-10-24,Transaction at MakeMyTrip,Debito,9327.41,0,Travel
48063.34,1321.8,BAJA,42,1266.5,Egreso,2025-06-29,Transaction at Barbeque Nation,Transferencia,975.33,0,Food
28949.38,4161.6,MEDIA,36,1336.01,Egreso,2025-07-17,Transaction at Lenskart,Transferencia,11030.02,0,Online Shopping
36055.93,6524.79,MEDIA,28,163.79,Egreso,2025-01-23,Transaction at CloudNine,Transferencia,18968.15,0,Healthcare
12909.29,8228.26,MEDIA,7,344.29,Egreso,2025-11-23,Transaction at Metro Rail,Debito,85.8,0,Transport
37564.41,3348.81,NULA,91,1615.94,Egreso,2025-09-27,Transaction at Taco Bell,Transferencia,1312.47,0,Food
42903.98,4837.63,NULA,94,807.66,Egreso,2025-07-11,Transaction at JioMart,Transferencia,3079.7,0,Grocery
21504.35,4217.89,ALTA,7,1450.62,Egreso,2025-11-04,Transaction at Gaana,Transferencia,398.39,0,Entertainment
47117.53,7102.99,NULA,54,900.01,Egreso,2025-12-26,Transaction at Star Bazaar,Transferencia,1659.05,0,Grocery
12639.14,1512.97,BAJA,66,1647.61,Egreso,2025-11-07,Transaction at Property Tax Online,Debito,817.58,0,Bills
31583.31,3819.31,ALTA,65,1485.71,Egreso,2025-07-23,Transaction at Jio Fiber,Debito,5786.68,0,Bills
36017.82,2313.97,MEDIA,79,342.65,Egreso,2025-06-13,Transaction at Kauvery,Debito,4682.61,0,Healthcare
33311.15,6536.3,BAJA,99,1380.13,Egreso,2025-05-11,Transaction at Flipkart,Transferencia,13354.57,0,Online Shopping
5024.64,2798.65,NULA,47,114.97,Egreso,2025-02-19,Transaction at Adidas,Transferencia,4470.83,0,Clothing
10556.81,8725.62,ALTA,39,700.07,Egreso,2025-12-28,Transaction at Asus Store,Credito,108156.02,5,Electronics
37548.72,6288.61,ALTA,44,1277.48,Egreso,2025-04-11,Transaction at Dell Exclusive,Credito,84284.59,4,Electronics
17646.98,8280.03,BAJA,77,498.06,Egreso,2025-06-12,Transaction at Lenskart,Debito,419.0,0,Online Shopping
46674.49,3393.01,NULA,55,1251.8,Egreso,2025-09-17,Transaction at Nature's Basket,Transferencia,1918.32,0,Grocery
21292.26,7339.63,NULA,78,1202.61,Egreso,2025-04-08,Transaction at Pizza Hut,Credito,1217.23,1,Food
12710.75,9231.46,NULA,75,937.8,Egreso,2025-10-21,Transaction at MakeMyTrip,Transferencia,11086.21,0,Travel
14363.63,2803.81,ALTA,77,1757.68,Egreso,2025-03-05,Transaction at Meesho,Transferencia,6917.49,0,Online Shopping
22623.36,2210.6,BAJA,77,1089.91,Egreso,2025-10-11,Transaction at Apollo Hospital,Transferencia,10258.92,0,Healthcare
43989.06,8464.71,BAJA,4,368.18,Egreso,2025-06-10,Transaction at Nike,Transferencia,2733.01,0,Clothing
22217.98,7236.37,MEDIA,49,1578.71,Egreso,2025-03-25,Transaction at Samsung Store,Debito,67008.8,0,Electronics
35805.8,8705.89,MEDIA,49,1701.79,Egreso,2025-05-19,Transaction at CloudNine,Transferencia,15379.7,0,Healthcare
15407.41,7230.53,NULA,15,895.31,Egreso,2025-11-14,Transaction at Yulu Bikes,Transferencia,1730.26,0,Transport
36670.93,5939.43,NULA,20,1206.67,Egreso,2025-10-06,Transaction at ACT Fibernet,Debito,2910.85,0,Bills
36664.87,6786.67,NULA,53,1591.03,Egreso,2025-07-05,Transaction at Max Fashion,Debito,5217.55,0,Clothing
25555.12,6958.45,ALTA,84,1524.02,Egreso,2025-07-12,Transaction at Netflix,Debito,564.46,0,Entertainment
13913.97,8024.36,MEDIA,21,1549.0,Egreso,2025-01-20,Transaction at Sony Center,Transferencia,105215.65,0,Electronics
35677.19,4349.8,BAJA,86,901.87,Egreso,2025-05-22,Transaction at Aster,Credito,16881.19,10,Healthcare
9136.65,6053.8,BAJA,75,1063.74,Egreso,2025-06-08,Transaction at ACT Fibernet,Credito,3627.36,1,Bills
25682.54,1870.67,ALTA,64,1467.78,Egreso,2025-09-08,Transaction at BMTC,Transferencia,1919.07,0,Transport
20314.61,7862.88,NULA,85,879.08,Egreso,2025-02-05,Transaction at TSRTC,Transferencia,121.76,0,Transport
20347.69,4653.46,ALTA,45,1288.26,Egreso,2025-02-22,Transaction at Mi Store,Debito,51524.42,0,Electronics
24407.54,3187.62,NULA,83,207.39,Egreso,2025-09-18,Transaction at Lenskart,Debito,6547.56,0,Online Shopping
32682.8,6039.26,NULA,44,384.24,Egreso,2025-07-18,Transaction at Aha,Credito,652.63,1,Entertainment
24265.61,9608.93,BAJA,14,1532.73,Egreso,2025-06-19,Transaction at CloudNine,Transferencia,14173.33,0,Healthcare
31931.49,1329.35,MEDIA,35,454.02,Egreso,2025-04-30,Transaction at AirAsia,Transferencia,29496.39,0,Travel
29452.77,8897.05,BAJA,62,1234.3,Egreso,2025-03-27,Transaction at Nature's Basket,Credito,2413.93,11,Grocery
43974.71,2088.17,NULA,11,1817.94,Egreso,2025-03-02,Transaction at Amazon,Transferencia,527.98,0,Online Shopping
19122.72,9497.09,ALTA,47,1205.04,Egreso,2025-07-28,Transaction at OnePlus,Transferencia,15506.19,0,Electronics
16895.38,1748.44,BAJA,72,1342.79,Egreso,2025-10-27,Transaction at Spotify,Transferencia,660.39,0,Entertainment
34329.18,1523.32,MEDIA,49,1810.2,Egreso,2025-03-16,Transaction at Amazon Prime,Debito,300.61,0,Entertainment
20621.95,7855.51,ALTA,63,1857.51,Egreso,2025-09-29,Transaction at Amazon Prime,Transferencia,799.34,0,Entertainment
24573.75,7595.31,MEDIA,50,1166.19,Egreso,2025-03-05,Transaction at TSRTC,Transferencia,1318.26,0,Transport
10906.53,3976.76,ALTA,74,1676.85,Egreso,2025-06-05,Transaction at Vodafone Idea,Transferencia,666.87,0,Bills
36161.9,9192.74,BAJA,79,1244.34,Egreso,2025-03-19,Transaction at SonyLiv,Debito,879.98,0,Entertainment
22851.43,2523.49,ALTA,75,463.04,Egreso,2025-04-28,Transaction at HP World,Transferencia,33237.89,0,Electronics
21730.62,4850.97,BAJA,14,583.41,Egreso,2025-07-28,Transaction at Kauvery,Transferencia,15274.5,0,Healthcare
16543.98,7662.51,NULA,48,1834.11,Egreso,2025-05-04,Transaction at US Polo,Transferencia,6845.98,0,Clothing
41192.19,7583.81,NULA,26,1950.97,Egreso,2025-06-01,Transaction at Myntra,Transferencia,14312.24,0,Online Shopping
32534.22,4554.02,BAJA,54,436.82,Egreso,2025-07-06,Transaction at Amazon,Transferencia,19591.4,0,Online Shopping
17499.52,7680.32,BAJA,33,1309.51,Egreso,2025-07-12,Transaction at Yulu Bikes,Transferencia,1113.58,0,Transport
49481.2,9486.01,NULA,59,214.42,Egreso,2025-10-01,Transaction at Adidas,Debito,4599.32,0,Clothing
31366.45,8841.83,MEDIA,18,1864.16,Egreso,2025-11-04,Transaction at Saravana Bhavan,Credito,211.0,8,Food
48896.43,4885.06,NULA,5,1250.46,Egreso,2025-02-15,Transaction at Dell Exclusive,Transferencia,117703.22,0,Electronics
21021.96,3671.79,MEDIA,30,950.06,Egreso,2025-07-13,Transaction at Star Bazaar,Debito,3816.4,0,Grocery
16153.0,9535.38,ALTA,26,1347.42,Egreso,2025-07-07,Transaction at Burger King,Transferencia,522.09,0,Food
38927.32,9946.87,BAJA,34,545.9,Egreso,2025-04-03,Transaction at Pantaloons,Transferencia,1373.11,0,Clothing
44828.47,2453.69,BAJA,10,1085.48,Egreso,2025-10-21,Transaction at Meesho,Credito,17194.79,1,Online Shopping
43944.05,8231.95,MEDIA,71,639.21,Egreso,2025-11-10,Transaction at RedBus,Transferencia,938.31,0,Transport
28040.48,3361.52,NULA,88,186.66,Egreso,2025-10-05,Transaction at Fortis,Debito,17494.66,0,Healthcare
32853.69,4608.07,BAJA,64,1518.77,Egreso,2025-01-20,Transaction at Asus Store,Debito,3905.52,0,Electronics
17044.84,2642.0,NULA,11,340.1,Egreso,2025-11-28,Transaction at Reliance Fresh,Transferencia,1580.79,0,Grocery
28965.13,8999.0,ALTA,60,200.14,Egreso,2025-10-25,Transaction at Pepperfry,Transferencia,18983.63,0,Online Shopping
15569.35,7369.24,NULA,52,578.44,Egreso,2025-06-22,Transaction at Meesho,Transferencia,3655.88,0,Online Shopping
33142.08,4840.4,BAJA,97,1916.66,Egreso,2025-10-24,Transaction at CloudNine,Credito,4119.25,2,Healthcare
25676.29,7874.25,BAJA,34,377.26,Egreso,2025-10-05,Transaction at Ola,Credito,469.14,4,Transport
44273.75,6779.67,BAJA,57,1370.03,Egreso,2025-11-30,Transaction at Sony Center,Debito,67007.22,0,Electronics
20658.61,1785.14,ALTA,61,803.88,Egreso,2025-02-16,Transaction at A2B,Credito,264.33,5,Food
35745.16,3721.55,MEDIA,44,1511.31,Egreso,2025-09-27,Transaction at Vodafone Idea,Debito,3693.0,0,Bills
36791.59,8420.42,ALTA,98,499.52,Egreso,2025-02-22,Transaction at Booking.com,Transferencia,17318.24,0,Travel
21624.24,4719.87,BAJA,62,1814.39,Egreso,2025-03-09,Transaction at Pepperfry,Debito,2425.89,0,Online Shopping
43329.84,9485.09,NULA,32,390.77,Egreso,2025-10-16,Transaction at MakeMyTrip,Transferencia,12814.81,0,Travel
13448.03,9496.13,BAJA,50,478.36,Egreso,2025-04-14,Transaction at Amazon,Transferencia,1258.97,0,Online Shopping
27614.08,5833.64,BAJA,32,820.91,Egreso,2025-02-14,Transaction at Levis,Credito,6681.59,6,Clothing
21011.55,4187.89,NULA,22,544.74,Egreso,2025-11-30,Transaction at Pizza Hut,Credito,776.04,10,Food
46914.92,9945.6,MEDIA,44,879.82,Egreso,2025-12-12,Transaction at Subway,Transferencia,335.33,0,Food
37783.99,9212.28,NULA,34,1460.88,Egreso,2025-02-18,Transaction at Goibibo,Transferencia,19052.11,0,Travel
34175.08,1762.49,BAJA,80,1357.91,Egreso,2025-05-27,Transaction at Amazon,Credito,2747.36,9,Online Shopping
12856.03,5356.19,ALTA,55,1174.31,Egreso,2025-11-15,Transaction at Tata Cliq,Transferencia,12271.23,0,Online Shopping
6883.52,6032.47,ALTA,69,928.69,Egreso,2025-04-25,Transaction at Pizza Hut,Transferencia,320.8,0,Food
41408.56,8259.4,MEDIA,89,1187.07,Egreso,2025-04-14,Transaction at Uber,Debito,948.11,0,Transport
24798.34,2277.92,ALTA,56,203.91,Egreso,2025-08-08,Transaction at IRCTC,Debito,22040.26,0,Travel
33301.2,4089.79,BAJA,29,326.3,Egreso,2025-07-19,Transaction at Nykaa,Credito,7791.9,11,Online Shopping
43253.12,7853.96,NULA,3,866.02,Egreso,2025-01-01,Transaction at BigBazaar,Credito,4302.17,9,Grocery
16264.44,4886.45,MEDIA,13,1850.63,Egreso,2025-06-17,Transaction at Vodafone Idea,Debito,4873.18,0,Bills
47911.54,7367.34,MEDIA,72,1380.25,Egreso,2025-04-08,Transaction at Saravana Bhavan,Debito,744.13,0,Food
39163.86,9811.23,ALTA,66,1670.33,Egreso,2025-09-20,Transaction at Uber,Credito,759.59,1,Transport
15349.11,1914.42,BAJA,21,679.46,Egreso,2025-08-17,Transaction at RedBus,Debito,1730.38,0,Transport
48416.67,2357.29,NULA,12,183.93,Egreso,2025-04-23,Transaction at ACT Fibernet,Credito,3238.24,7,Bills
48912.92,3095.75,NULA,0,859.12,Egreso,2025-03-18,Transaction at Cream Stone,Transferencia,793.6,0,Food
23067.47,9095.87,NULA,32,356.55,Egreso,2025-08-01,Transaction at Asus Store,Transferencia,113485.54,0,Electronics
33848.03,5491.27,BAJA,99,727.52,Egreso,2025-12-19,Transaction at Spotify,Debito,309.67,0,Entertainment
5747.88,9879.05,ALTA,30,1512.27,Egreso,2025-04-20,Transaction at Samsung Store,Debito,16937.44,0,Electronics
48342.0,9747.57,NULA,63,936.89,Egreso,2025-05-12,Transaction at Lenskart,Credito,15104.15,6,Online Shopping
38851.41,3135.03,BAJA,60,1305.23,Egreso,2025-10-25,Transaction at Puma,Debito,542.52,0,Clothing
48863.96,4946.79,BAJA,74,1321.99,Egreso,2025-12-20,Transaction at Spencers,Transferencia,4327.53,0,Grocery
9290.02,1197.29,ALTA,63,1217.09,Egreso,2025-10-16,Transaction at Booking.com,Debito,14296.62,0,Travel
21327.12,6844.98,ALTA,7,1218.09,Egreso,2025-04-27,Transaction at Samsung Store,Credito,126798.63,6,Electronics
49912.84,7089.21,NULA,44,1309.33,Egreso,2025-11-04,Transaction at Vistara,Debito,8863.91,0,Travel
14409.87,3304.65,MEDIA,50,815.8,Egreso,2025-05-21,Transaction at Nilgiris,Transferencia,388.97,0,Grocery
13072.24,3318.29,BAJA,92,496.17,Egreso,2025-07-10,Transaction at DMart,Transferencia,3754.16,0,Grocery
48220.57,9606.71,BAJA,36,141.65,Egreso,2025-12-21,Transaction at OYO,Debito,2526.2,0,Travel
16177.53,8973.51,BAJA,40,1834.05,Egreso,2025-10-09,Transaction at Saravana Bhavan,Transferencia,574.92,0,Food
46415.8,3305.99,BAJA,36,1694.48,Egreso,2025-03-29,Transaction at JioMart,Credito,3745.45,2,Grocery
15776.79,8372.08,ALTA,44,1378.41,Egreso,2025-03-03,Transaction at PharmEasy,Transferencia,13050.96,0,Healthcare
48697.3,3501.14,BAJA,12,886.21,Egreso,2025-02-20,Transaction at Water Board,Debito,682.45,0,Bills
15839.59,6742.21,BAJA,41,1122.44,Egreso,2025-01-06,Transaction at OnePlus,Transferencia,65207.52,0,Electronics
17162.89,9121.27,NULA,78,1611.89,Egreso,2025-03-09,Transaction at H&M,Transferencia,6213.94,0,Clothing
19617.79,4632.04,BAJA,78,1665.76,Egreso,2025-11-05,Transaction at Pepperfry,Credito,18618.31,1,Online Shopping
37651.22,3806.21,MEDIA,23,1452.7,Egreso,2025-03-05,Transaction at US Polo,Debito,3057.97,0,Clothing
40729.69,7903.06,BAJA,59,1425.51,Egreso,2025-05-12,Transaction at SonyLiv,Debito,822.41,0,Entertainment
25705.16,5928.51,MEDIA,8,1419.83,Egreso,2025-08-20,Transaction at Nike,Transferencia,1851.12,0,Clothing
47621.04,3916.51,MEDIA,90,1249.5,Egreso,2025-12-14,Transaction at Aha,Debito,873.54,0,Entertainment
27536.71,1673.33,MEDIA,25,744.28,Egreso,2025-09-19,Transaction at Amazon,Transferencia,954.55,0,Online Shopping
37823.23,8235.89,MEDIA,12,756.07,Egreso,2025-12-31,Transaction at Croma,Transferencia,124326.04,0,Electronics
31639.96,9302.17,ALTA,63,1542.46,Egreso,2025-12-25,Transaction at MedPlus,Credito,11681.99,10,Healthcare
29214.01,7415.94,BAJA,73,900.81,Egreso,2025-07-21,Transaction at Amazon Prime,Transferencia,392.57,0,Entertainment
5929.78,1638.83,BAJA,35,1279.78,Egreso,2025-02-27,Transaction at BMTC,Transferencia,155.46,0,Transport
28602.94,8619.71,ALTA,81,1284.15,Egreso,2025-07-02,Transaction at OYO,Transferencia,22468.84,0,Travel
14068.07,8008.48,BAJA,22,1498.63,Egreso,2025-04-18,Transaction at Star Bazaar,Debito,2255.08,0,Grocery
35536.49,1780.86,BAJA,74,793.8,Egreso,2025-11-24,Transaction at Myntra,Debito,19068.34,0,Online Shopping
31608.67,7342.2,MEDIA,32,1651.85,Egreso,2025-04-27,Transaction at Apollo Hospital,Debito,1199.75,0,Healthcare
42688.13,1487.25,BAJA,9,1003.39,Egreso,2025-09-23,Transaction at Biba,Credito,3267.07,1,Clothing
15565.18,3315.91,NULA,43,1146.81,Egreso,2025-07-13,Transaction at Jio Fiber,Credito,1873.11,5,Bills
43336.42,7000.39,ALTA,66,108.7,Egreso,2025-06-11,Transaction at Amazon,Debito,7252.26,0,Online Shopping
10049.1,7169.28,NULA,40,301.96,Egreso,2025-11-20,Transaction at BigBazaar,Debito,1970.92,0,Grocery
16755.64,2628.77,BAJA,57,213.15,Egreso,2025-11-08,Transaction at Zee5,Credito,806.04,4,Entertainment
27805.03,2742.36,NULA,22,1096.24,Egreso,2025-03-20,Transaction at Tata Cliq,Credito,4866.22,7,Online Shopping
39440.93,8717.86,BAJA,58,680.66,Egreso,2025-06-23,Transaction at Cream Stone,Debito,940.29,0,Food
24874.47,1090.85,NULA,52,1095.58,Egreso,2025-02-09,Transaction at Burger King,Debito,756.43,0,Food
18132.83,3435.56,ALTA,49,419.56,Egreso,2025-04-14,Transaction at Metro Rail,Credito,611.16,7,Transport
37324.79,4796.25,BAJA,70,875.86,Egreso,2025-05-31,Transaction at Star Bazaar,Debito,4811.62,0,Grocery
34521.48,9776.99,ALTA,59,1086.6,Egreso,2025-12-04,Transaction at BSNL,Transferencia,2998.12,0,Bills
34210.54,5577.13,ALTA,0,1195.48,Egreso,2025-07-27,Transaction at MedPlus,Transferencia,6806.96,0,Healthcare
40930.33,8660.08,ALTA,53,316.48,Egreso,2025-12-08,Transaction at H&M,Credito,4580.55,3,Clothing
11208.15,5226.28,MEDIA,0,1459.34,Egreso,2025-06-13,Transaction at MakeMyTrip,Debito,1956.33,0,Travel
35477.25,7687.86,ALTA,27,965.34,Egreso,2025-07-31,Transaction at Airtel,Debito,2305.06,0,Bills
34813.33,1138.89,MEDIA,34,187.05,Egreso,2025-05-24,Transaction at Spencers,Transferencia,3666.18,0,Grocery
47377.49,4899.72,NULA,61,1410.83,Egreso,2025-04-04,Transaction at Nykaa,Transferencia,14695.2,0,Online Shopping
45527.81,9464.88,MEDIA,11,769.15,Egreso,2025-04-01,Transaction at Lenskart,Transferencia,8178.1,0,Online Shopping
29410.08,4227.29,ALTA,30,1888.8,Egreso,2025-06-24,Transaction at Booking.com,Debito,7870.47,0,Travel
10060.42,4740.5,NULA,34,647.63,Egreso,2025-09-20,Transaction at Pizza Hut,Credito,890.85,8,Food
20330.92,8643.35,ALTA,52,677.09,Egreso,2025-03-25,Transaction at Uber,Credito,889.24,2,Transport
29021.86,2905.68,BAJA,90,1840.35,Egreso,2025-07-08,Transaction at Uber,Debito,427.19,0,Transport
18907.25,8196.83,NULA,60,1037.55,Egreso,2025-04-03,Transaction at Burger King,Debito,186.05,0,Food
11568.38,1723.22,BAJA,0,1994.09,Egreso,2025-08-10,Transaction at Tata Cliq,Credito,3464.7,10,Online Shopping
17196.72,1106.44,ALTA,3,514.01,Egreso,2025-06-07,Transaction at Vodafone Idea,Debito,324.03,0,Bills
26371.22,6751.65,MEDIA,10,1253.25,Egreso,2025-11-09,Transaction at IRCTC,Credito,26008.58,6,Travel
35931.68,4096.74,ALTA,9,1542.72,Egreso,2025-07-13,Transaction at Biba,Debito,5995.41,0,Clothing
11258.69,1630.09,NULA,38,1801.37,Egreso,2025-08-28,Transaction at Apple Music,Transferencia,143.94,0,Entertainment
17189.75,2690.31,NULA,3,1273.27,Egreso,2025-12-22,Transaction at Cream Stone,Transferencia,140.1,0,Food
15258.8,2632.46,NULA,67,1778.76,Egreso,2025-03-01,Transaction at Amazon Prime,Credito,817.05,5,Entertainment
32995.23,7348.37,ALTA,56,131.35,Egreso,2025-05-15,Transaction at Taco Bell,Debito,357.9,0,Food
21162.24,9266.72,BAJA,60,488.17,Egreso,2025-08-20,Transaction at Noise,Debito,132722.65,0,Electronics
6691.66,2685.21,MEDIA,54,765.45,Egreso,2025-06-12,Transaction at MakeMyTrip,Debito,15423.1,0,Travel
21631.01,3185.49,MEDIA,14,1603.15,Egreso,2025-10-26,Transaction at SonyLiv,Transferencia,464.41,0,Entertainment
23997.47,2194.14,NULA,79,1887.11,Egreso,2025-05-05,Transaction at Aster,Transferencia,6155.87,0,Healthcare
37880.16,1617.67,ALTA,66,347.38,Egreso,2025-12-01,Transaction at KFC,Transferencia,1373.43,0,Food
40002.5,7548.1,ALTA,52,1347.36,Egreso,2025-08-18,Transaction at Barbeque Nation,Transferencia,608.77,0,Food
12607.14,7901.02,BAJA,50,1667.52,Egreso,2025-04-27,Transaction at BigBazaar,Credito,4677.27,1,Grocery
25966.76,8934.9,ALTA,83,700.27,Egreso,2025-08-09,Transaction at Meru Cabs,Debito,405.34,0,Transport
13298.07,8736.35,ALTA,86,1116.78,Egreso,2025-04-09,Transaction at Pepperfry,Credito,10245.39,2,Online Shopping
16050.27,6027.76,MEDIA,90,1968.4,Egreso,2025-10-30,Transaction at Allen Solly,Credito,1262.47,10,Clothing
11947.41,9325.27,ALTA,69,1728.02,Egreso,2025-02-26,Transaction at Gaana,Credito,802.99,9,Entertainment
9326.83,3032.88,BAJA,34,1702.68,Egreso,2025-04-13,Transaction at Meesho,Transferencia,15394.77,0,Online Shopping
23714.99,3138.04,MEDIA,60,872.65,Egreso,2025-10-30,Transaction at Gas Agency,Transferencia,4103.1,0,Bills
25248.78,5685.32,ALTA,76,1839.05,Egreso,2025-03-18,Transaction at Air India,Debito,1660.55,0,Travel
13093.3,2849.57,BAJA,87,127.04,Egreso,2025-06-02,Transaction at Pepperfry,Debito,739.38,0,Online Shopping
33826.85,3286.23,BAJA,72,689.39,Egreso,2025-02-18,Transaction at Netflix,Transferencia,862.61,0,Entertainment
28728.18,4718.28,ALTA,10,1073.47,Egreso,2025-03-27,Transaction at Meru Cabs,Debito,82.49,0,Transport
32481.95,3795.01,BAJA,4,1170.64,Egreso,2025-08-05,Transaction at US Polo,Credito,6709.24,10,Clothing
32750.68,5464.13,ALTA,81,198.17,Egreso,2025-03-05,Transaction at Mi Store,Credito,63254.42,4,Electronics
22271.24,6956.02,BAJA,33,754.77,Egreso,2025-11-24,Transaction at Cream Stone,Transferencia,1311.07,0,Food
44780.02,8561.73,NULA,45,1034.49,Egreso,2025-12-09,Transaction at Gas Agency,Credito,5998.13,8,Bills
49568.94,4934.47,NULA,42,1165.2,Egreso,2025-11-13,Transaction at Vodafone Idea,Credito,1254.93,6,Bills
37972.83,7184.0,BAJA,55,521.1,Egreso,2025-02-02,Transaction at Tata Cliq,Transferencia,18403.79,0,Online Shopping
5681.43,5583.15,NULA,24,639.27,Egreso,2025-01-28,Transaction at Fortis,Debito,10339.69,0,Healthcare
6240.1,7146.74,BAJA,66,1569.24,Egreso,2025-03-07,Transaction at Apollo Pharmacy,Debito,16122.93,0,Healthcare
46401.91,4461.82,MEDIA,27,505.64,Egreso,2025-02-07,Transaction at Croma,Debito,100894.23,0,Electronics
41277.61,2238.32,BAJA,15,1420.02,Egreso,2025-11-19,Transaction at Water Board,Transferencia,1751.67,0,Bills
31042.42,5525.28,NULA,84,1720.19,Egreso,2025-10-16,Transaction at IndiGo,Credito,3360.61,2,Travel
42114.25,4001.16,NULA,58,1615.53,Egreso,2025-07-12,Transaction at Spencers,Debito,2948.82,0,Grocery
30957.91,9088.96,MEDIA,29,1801.32,Egreso,2025-08-05,Transaction at Vistara,Transferencia,12735.95,0,Travel
25546.59,4707.98,ALTA,8,928.97,Egreso,2025-04-04,Transaction at Paradise Biryani,Transferencia,1106.14,0,Food
38518.91,9444.61,MEDIA,77,1986.64,Egreso,2025-02-15,Transaction at Ajio,Debito,15360.42,0,Online Shopping
7337.55,4079.18,MEDIA,91,1557.69,Egreso,2025-08-28,Transaction at JioMart,Debito,2610.94,0,Grocery
28056.72,9164.73,MEDIA,55,1891.28,Egreso,2025-03-09,Transaction at JioMart,Credito,1874.69,9,Grocery
31544.65,5915.23,ALTA,45,1826.16,Egreso,2025-02-12,Transaction at Meesho,Transferencia,6456.66,0,Online Shopping
16254.79,1311.22,NULA,4,590.26,Egreso,2025-12-05,Transaction at Vistara,Transferencia,14151.31,0,Travel
43865.13,4317.63,NULA,93,1803.13,Egreso,2025-08-23,Transaction at HP World,Transferencia,55766.06,0,Electronics
42792.14,5916.79,MEDIA,88,1882.39,Egreso,2025-06-03,Transaction at PharmEasy,Credito,432.33,6,Healthcare
19343.48,5342.4,ALTA,26,824.3,Egreso,2025-11-04,Transaction at Jio Fiber,Transferencia,5228.92,0,Bills
20185.88,5438.39,MEDIA,40,762.04,Egreso,2025-11-18,Transaction at ACT Fibernet,Transferencia,1322.38,0,Bills
39909.64,7430.02,BAJA,65,1019.22,Egreso,2025-04-20,Transaction at Wrogn,Transferencia,966.17,0,Clothing
35093.04,7956.48,MEDIA,83,1185.6,Egreso,2025-07-13,Transaction at Vistara,Debito,16321.32,0,Travel
7888.3,8791.92,NULA,65,1728.5,Egreso,2025-04-04,Transaction at Flipkart,Transferencia,7616.68,0,Online Shopping
31383.56,8048.1,BAJA,61,1039.82,Egreso,2025-10-23,Transaction at Meesho,Credito,13613.98,10,Online Shopping
18865.33,3455.25,BAJA,78,829.71,Egreso,2025-03-08,Transaction at Sony Center,Credito,134951.28,1,Electronics
22503.73,1651.47,NULA,22,462.97,Egreso,2025-05-18,Transaction at Amazon,Debito,7054.28,0,Online Shopping
31004.15,4063.6,ALTA,14,1412.78,Egreso,2025-03-29,Transaction at SonyLiv,Credito,405.33,5,Entertainment
35454.4,9184.42,ALTA,99,955.33,Egreso,2025-05-08,Transaction at RedBus,Transferencia,1480.63,0,Transport
26073.21,7453.75,ALTA,13,639.16,Egreso,2025-08-05,Transaction at JioMart,Transferencia,3578.31,0,Grocery
23529.39,1914.97,MEDIA,60,1678.36,Egreso,2025-12-15,Transaction at Dell Exclusive,Transferencia,32808.58,0,Electronics
12970.05,1707.47,ALTA,53,604.33,Egreso,2025-07-12,Transaction at Kauvery,Debito,12058.32,0,Healthcare
39679.4,9742.27,ALTA,0,1669.87,Egreso,2025-01-11,Transaction at Apollo Pharmacy,Transferencia,7458.71,0,Healthcare
23787.74,5634.02,NULA,62,1470.47,Egreso,2025-06-25,Transaction at Levis,Transferencia,578.46,0,Clothing
46748.72,5972.84,NULA,22,747.23,Egreso,2025-03-09,Transaction at Uber,Transferencia,391.41,0,Transport
11726.15,2979.07,ALTA,68,853.76,Egreso,2025-12-10,Transaction at Apollo Pharmacy,Credito,3821.78,1,Healthcare
22505.71,8011.62,ALTA,72,711.51,Egreso,2025-02-22,Transaction at RedBus,Transferencia,1876.49,0,Transport
39307.99,6185.74,BAJA,93,1854.16,Egreso,2025-09-18,Transaction at MedPlus,Debito,18458.59,0,Healthcare
47218.26,8047.15,ALTA,75,1507.59,Egreso,2025-05-08,Transaction at Yulu Bikes,Credito,1472.28,10,Transport
45756.39,8672.25,ALTA,49,1179.39,Egreso,2025-06-29,Transaction at Vistara,Transferencia,23544.09,0,Travel
39648.28,9868.59,MEDIA,31,1021.09,Egreso,2025-05-05,Transaction at Croma,Transferencia,30415.9,0,Electronics
40229.84,8526.38,ALTA,91,926.17,Egreso,2025-01-21,Transaction at Mi Store,Credito,136182.19,3,Electronics
42021.45,1931.79,NULA,21,630.8,Egreso,2025-09-10,Transaction at IRCTC,Transferencia,28861.28,0,Travel
10587.43,1445.47,ALTA,60,1637.88,Egreso,2025-05-31,Transaction at Sony Center,Debito,142943.57,0,Electronics
19492.34,7103.37,ALTA,28,1836.54,Egreso,2025-12-14,Transaction at Subway,Debito,834.73,0,Food
28445.21,4100.89,NULA,29,1710.5,Egreso,2025-08-10,Transaction at Samsung Store,Credito,100931.76,10,Electronics
5335.01,7988.9,NULA,44,511.28,Egreso,2025-08-02,Transaction at Myntra,Transferencia,10136.81,0,Online Shopping
17076.23,1814.01,BAJA,62,1278.2,Egreso,2025-10-01,Transaction at Amazon Prime,Transferencia,385.0,0,Entertainment
37361.95,9454.81,BAJA,74,520.88,Egreso,2025-07-22,Transaction at Fortis,Transferencia,665.19,0,Healthcare
42193.27,1740.2,ALTA,99,110.77,Egreso,2025-10-30,Transaction at Yulu Bikes,Debito,403.29,0,Transport
34938.45,2812.94,BAJA,38,1192.17,Egreso,2025-06-06,Transaction at Nike,Transferencia,7566.57,0,Clothing
20226.3,8881.8,MEDIA,63,138.14,Egreso,2025-01-21,Transaction at Paradise Biryani,Transferencia,892.06,0,Food
17823.37,6728.03,NULA,31,1483.99,Egreso,2025-01-27,Transaction at Goibibo,Credito,12523.68,1,Travel
15964.15,7119.34,NULA,53,1171.82,Egreso,2025-03-03,Transaction at ACT Fibernet,Transferencia,4731.56,0,Bills
24824.85,7480.42,BAJA,32,629.82,Egreso,2025-02-22,Transaction at Amazon Prime,Debito,244.64,0,Entertainment
39341.96,5965.7,ALTA,83,360.82,Egreso,2025-12-29,Transaction at Reliance Fresh,Transferencia,4339.7,0,Grocery
11471.8,7154.76,MEDIA,83,1109.38,Egreso,2025-04-08,Transaction at Apollo Pharmacy,Transferencia,5331.9,0,Healthcare
17238.93,3415.8,ALTA,95,138.17,Egreso,2025-07-13,Transaction at Fortis,Transferencia,9689.58,0,Healthcare
9193.44,1090.29,BAJA,93,1108.95,Egreso,2025-12-16,Transaction at Booking.com,Transferencia,4678.72,0,Travel
26994.52,2899.49,BAJA,95,351.96,Egreso,2025-01-10,Transaction at Hotstar,Credito,495.23,5,Entertainment
26160.06,3974.14,BAJA,86,587.87,Egreso,2025-04-14,Transaction at 1mg,Credito,19545.38,10,Healthcare
37500.9,9615.93,NULA,4,1012.26,Egreso,2025-08-30,Transaction at Spotify,Transferencia,851.85,0,Entertainment
33139.72,3429.79,ALTA,8,659.22,Egreso,2025-06-29,Transaction at MakeMyTrip,Transferencia,21530.29,0,Travel
20732.95,3360.39,NULA,80,734.12,Egreso,2025-05-28,Transaction at PharmEasy,Transferencia,15154.34,0,Healthcare
23825.29,1396.91,NULA,4,742.79,Egreso,2025-05-01,Transaction at BigBazaar,Transferencia,4813.85,0,Grocery
43888.45,7422.47,MEDIA,56,1330.83,Egreso,2025-06-22,Transaction at Pepperfry,Credito,16473.78,8,Online Shopping
12434.7,6965.94,ALTA,87,1980.08,Egreso,2025-04-13,Transaction at ACT Fibernet,Debito,4641.8,0,Bills
38280.45,4058.1,NULA,24,562.54,Egreso,2025-11-10,Transaction at Reliance Digital,Credito,91707.99,7,Electronics
13195.56,9223.23,MEDIA,91,749.38,Egreso,2025-10-19,Transaction at Amazon Prime,Transferencia,563.66,0,Entertainment
11415.64,9711.91,ALTA,1,1104.96,Egreso,2025-11-11,Transaction at Noise,Transferencia,48892.48,0,Electronics
33763.02,6609.64,BAJA,6,1602.63,Egreso,2025-09-04,Transaction at BigBazaar,Transferencia,1407.26,0,Grocery
28076.72,6916.32,BAJA,46,1588.96,Egreso,2025-06-12,Transaction at Netmeds,Debito,9009.2,0,Healthcare
14151.96,3582.45,NULA,21,240.36,Egreso,2025-03-29,Transaction at RedBus,Transferencia,1904.79,0,Transport
27209.83,1218.82,MEDIA,97,471.01,Egreso,2025-08-17,Transaction at Nilgiris,Credito,446.35,10,Grocery
21726.02,9154.33,MEDIA,81,1305.47,Egreso,2025-10-02,Transaction at Zee5,Credito,325.83,11,Entertainment
10714.23,3337.66,BAJA,1,182.28,Egreso,2025-02-28,Transaction at Booking.com,Transferencia,27013.48,0,Travel
27092.44,2283.74,NULA,59,286.41,Egreso,2025-11-15,Transaction at Spencers,Transferencia,3816.78,0,Grocery
19049.66,6219.84,NULA,83,459.24,Egreso,2025-10-25,Transaction at BSNL,Credito,2002.73,4,Bills
22847.79,3830.48,MEDIA,15,1216.94,Egreso,2025-03-15,Transaction at Pepperfry,Credito,13207.5,1,Online Shopping
16618.16,8335.05,NULA,90,772.78,Egreso,2025-10-29,Transaction at Taco Bell,Credito,1180.17,8,Food
10124.62,7807.28,BAJA,79,1396.63,Egreso,2025-08-06,Transaction at Uber,Transferencia,274.07,0,Transport
40235.23,6771.77,BAJA,56,747.67,Egreso,2025-05-27,Transaction at Taco Bell,Transferencia,125.37,0,Food
32641.88,4517.94,NULA,13,1264.25,Egreso,2025-08-01,Transaction at Max Fashion,Debito,6668.56,0,Clothing
5407.11,9445.87,MEDIA,98,593.41,Egreso,2025-04-11,Transaction at Tata Cliq,Credito,10215.69,10,Online Shopping
42496.12,4144.07,ALTA,36,494.73,Egreso,2025-08-10,Transaction at Amazon Prime,Credito,339.33,1,Entertainment
7788.58,9231.46,MEDIA,55,814.4,Egreso,2025-07-30,Transaction at Gaana,Transferencia,470.46,0,Entertainment
45475.1,3003.23,ALTA,80,784.9,Egreso,2025-08-23,Transaction at IndiGo,Transferencia,9301.08,0,Travel
20932.55,4778.07,NULA,24,442.9,Egreso,2025-02-03,Transaction at Nature's Basket,Credito,2221.07,3,Grocery
17696.15,7524.86,ALTA,75,751.41,Egreso,2025-11-01,Transaction at BSNL,Transferencia,4975.36,0,Bills
20854.07,1365.54,MEDIA,42,190.36,Egreso,2025-03-17,Transaction at Wrogn,Transferencia,6810.38,0,Clothing
21530.68,3811.8,NULA,51,479.26,Egreso,2025-08-23,Transaction at Boat Lifestyle,Credito,17072.16,5,Electronics
18024.8,6044.18,ALTA,56,576.02,Egreso,2025-07-02,Transaction at Pizza Hut,Transferencia,1326.14,0,Food
15020.17,5417.72,BAJA,97,1323.09,Egreso,2025-09-11,Transaction at Meesho,Transferencia,3897.32,0,Online Shopping
34719.04,9051.13,BAJA,97,1188.58,Egreso,2025-07-10,Transaction at Burger King,Transferencia,478.33,0,Food
36541.27,9858.2,ALTA,0,1165.44,Egreso,2025-06-07,Transaction at Apollo Hospital,Transferencia,15540.75,0,Healthcare
45352.7,7332.67,MEDIA,67,105.64,Egreso,2025-04-14,Transaction at BigBazaar,Transferencia,1404.62,0,Grocery
42411.95,3938.0,MEDIA,0,830.77,Egreso,2025-04-21,Transaction at Myntra,Debito,17560.0,0,Online Shopping
6808.71,2847.57,MEDIA,55,440.72,Egreso,2025-05-16,Transaction at Jio Fiber,Transferencia,1334.24,0,Bills
30022.96,1953.91,MEDIA,66,1988.44,Egreso,2025-06-08,Transaction at Apollo Pharmacy,Debito,14668.28,0,Healthcare
5529.35,5266.0,ALTA,75,323.32,Egreso,2025-10-14,Transaction at MedPlus,Credito,16437.37,7,Healthcare
16351.77,4567.59,NULA,4,414.02,Egreso,2025-01-11,Transaction at Cream Stone,Debito,652.24,0,Food
40265.64,3665.57,ALTA,21,1246.6,Egreso,2025-05-21,Transaction at Gaana,Transferencia,669.84,0,Entertainment
22074.3,9402.21,MEDIA,89,324.22,Egreso,2025-10-30,Transaction at Dominos,Credito,746.21,6,Food
9046.12,8124.71,MEDIA,80,1432.01,Egreso,2025-05-02,Transaction at Croma,Debito,86897.34,0,Electronics
23473.69,9273.84,MEDIA,10,1812.49,Egreso,2025-11-09,Transaction at TSRTC,Credito,292.37,8,Transport
29568.19,1546.74,MEDIA,5,762.07,Egreso,2025-03-08,Transaction at Flipkart,Debito,3333.89,0,Online Shopping
10878.17,5257.69,BAJA,8,421.38,Egreso,2025-01-25,Transaction at Myntra,Transferencia,580.44,0,Online Shopping
47896.76,5513.01,MEDIA,2,1416.67,Egreso,2025-07-28,Transaction at Aha,Transferencia,887.18,0,Entertainment
20407.6,6827.42,ALTA,70,817.8,Egreso,2025-06-06,Transaction at IndiGo,Transferencia,17322.07,0,Travel
30559.5,5723.88,MEDIA,80,840.54,Egreso,2025-06-19,Transaction at Meesho,Transferencia,8119.57,0,Online Shopping
5911.45,3874.66,BAJA,84,260.18,Egreso,2025-12-02,Transaction at BigBazaar,Transferencia,3320.09,0,Grocery
41146.07,9670.71,ALTA,51,517.39,Egreso,2025-03-21,Transaction at OYO,Credito,27294.62,6,Travel
35202.88,5713.02,MEDIA,15,720.48,Egreso,2025-08-27,Transaction at Levis,Debito,7336.07,0,Clothing
10362.04,2904.72,NULA,86,343.71,Egreso,2025-06-17,Transaction at Spotify,Transferencia,512.66,0,Entertainment
20939.81,5020.66,NULA,23,1311.73,Egreso,2025-06-21,Transaction at Vodafone Idea,Transferencia,4768.5,0,Bills
48849.33,7306.53,ALTA,35,1098.77,Egreso,2025-05-20,Transaction at Saravana Bhavan,Debito,1104.4,0,Food
34200.18,2950.36,MEDIA,27,941.24,Egreso,2025-04-02,Transaction at Ola,Debito,659.95,0,Transport
9483.89,1342.39,BAJA,22,1369.83,Egreso,2025-02-06,Transaction at BSNL,Credito,793.98,5,Bills
16832.9,4981.81,ALTA,24,297.39,Egreso,2025-03-15,Transaction at Hotstar,Transferencia,375.96,0,Entertainment
40456.78,6866.29,BAJA,25,1647.9,Egreso,2025-11-28,Transaction at YouTube Premium,Debito,557.41,0,Entertainment
34405.81,4307.47,NULA,58,1454.86,Egreso,2025-01-03,Transaction at Vistara,Transferencia,5845.74,0,Travel
19749.7,1157.15,NULA,26,914.27,Egreso,2025-02-20,Transaction at IndiGo,Credito,3328.08,4,Travel
14965.68,5017.25,ALTA,15,1641.03,Egreso,2025-09-16,Transaction at Nature's Basket,Transferencia,370.03,0,Grocery
12093.84,6443.37,ALTA,78,884.37,Egreso,2025-03-21,Transaction at Zara,Debito,4103.09,0,Clothing
35845.25,6075.08,BAJA,99,998.91,Egreso,2025-12-27,Transaction at Lenskart,Credito,2163.08,6,Online Shopping
21425.5,5988.7,BAJA,23,1828.53,Egreso,2025-04-15,Transaction at Pantaloons,Debito,1810.31,0,Clothing
21443.12,5566.91,BAJA,3,867.87,Egreso,2025-06-29,Transaction at Hotstar,Transferencia,517.82,0,Entertainment
7722.48,8026.6,BAJA,37,417.39,Egreso,2025-05-21,Transaction at Adidas,Credito,3385.16,8,Clothing
37866.45,2354.37,NULA,41,307.0,Egreso,2025-07-04,Transaction at Spencers,Transferencia,4797.49,0,Grocery
46820.0,4304.35,NULA,92,1475.52,Egreso,2025-01-24,Transaction at Nilgiris,Debito,1606.81,0,Grocery
34636.43,9704.01,ALTA,71,344.16,Egreso,2025-07-17,Transaction at Subway,Transferencia,106.26,0,Food
30732.55,9020.55,MEDIA,62,508.95,Egreso,2025-12-26,Transaction at Amazon Prime,Transferencia,246.3,0,Entertainment
31890.27,5348.8,NULA,35,1634.96,Egreso,2025-04-01,Transaction at AirAsia,Transferencia,3308.66,0,Travel
24460.15,9034.75,ALTA,65,1256.91,Egreso,2025-07-02,Transaction at H&M,Transferencia,4238.92,0,Clothing
28542.81,6669.2,BAJA,72,585.69,Egreso,2025-09-24,Transaction at Saravana Bhavan,Transferencia,1125.54,0,Food
14507.56,8163.27,BAJA,35,566.96,Egreso,2025-09-23,Transaction at Yulu Bikes,Transferencia,291.25,0,Transport
14758.72,8406.59,NULA,72,361.69,Egreso,2025-03-04,Transaction at Starbucks,Credito,124.3,7,Food
29306.52,9694.2,NULA,59,1927.75,Egreso,2025-05-02,Transaction at Star Bazaar,Debito,399.03,0,Grocery
34393.59,1185.63,ALTA,70,1016.04,Egreso,2025-11-28,Transaction at RedBus,Transferencia,1549.59,0,Transport
23091.45,9998.15,NULA,77,458.14,Egreso,2025-06-17,Transaction at Yulu Bikes,Transferencia,54.11,0,Transport
36706.52,7540.71,MEDIA,62,1399.79,Egreso,2025-02-26,Transaction at Pizza Hut,Credito,1366.52,7,Food
31416.86,5897.02,MEDIA,12,1995.47,Egreso,2025-11-18,Transaction at IndiGo,Debito,27439.96,0,Travel
48448.09,9959.2,BAJA,97,795.37,Egreso,2025-05-08,Transaction at Nature's Basket,Transferencia,4580.45,0,Grocery
15663.43,6599.22,NULA,4,1787.52,Egreso,2025-04-12,Transaction at Meru Cabs,Credito,1436.44,4,Transport
15268.35,2425.78,NULA,18,1727.95,Egreso,2025-01-12,Transaction at Dominos,Transferencia,1339.56,0,Food
38381.09,6929.93,MEDIA,6,312.12,Egreso,2025-11-13,Transaction at BSNL,Debito,5879.82,0,Bills
20852.2,8220.89,BAJA,39,726.03,Egreso,2025-10-17,Transaction at Netmeds,Transferencia,4190.51,0,Healthcare
21154.02,5131.18,ALTA,15,760.33,Egreso,2025-02-20,Transaction at Subway,Credito,739.52,5,Food
29367.35,3997.71,ALTA,88,845.45,Egreso,2025-03-31,Transaction at Apollo Hospital,Transferencia,16472.43,0,Healthcare
17969.54,4849.85,NULA,85,1165.62,Egreso,2025-06-26,Transaction at Nykaa,Transferencia,10097.65,0,Online Shopping
42665.08,1001.41,ALTA,41,229.72,Egreso,2025-07-31,Transaction at BigBazaar,Debito,1509.0,0,Grocery
11280.19,7851.67,ALTA,32,1355.35,Egreso,2025-01-07,Transaction at Nike,Debito,3797.39,0,Clothing
15278.31,1856.12,ALTA,86,638.39,Egreso,2025-10-04,Transaction at MakeMyTrip,Transferencia,22174.66,0,Travel
37704.57,6098.85,ALTA,10,1741.76,Egreso,2025-08-23,Transaction at Metro Rail,Credito,492.54,2,Transport
42317.76,2000.94,NULA,60,655.3,Egreso,2025-03-15,Transaction at Nilgiris,Credito,2386.36,4,Grocery
23138.39,4436.63,MEDIA,93,386.88,Egreso,2025-08-22,Transaction at MakeMyTrip,Credito,26414.15,4,Travel
37887.92,9471.0,MEDIA,76,1510.94,Egreso,2025-10-05,Transaction at BigBazaar,Debito,3234.06,0,Grocery
9493.04,2730.32,BAJA,82,1402.3,Egreso,2025-03-01,Transaction at Spencers,Credito,686.25,11,Grocery
11896.12,3733.23,NULA,20,1975.28,Egreso,2025-03-02,Transaction at Booking.com,Debito,1519.02,0,Travel
14810.15,4306.89,BAJA,37,575.4,Egreso,2025-10-16,Transaction at Netflix,Transferencia,896.26,0,Entertainment
30867.66,9453.91,BAJA,96,1016.62,Egreso,2025-11-20,Transaction at Booking.com,Transferencia,9952.8,0,Travel
16460.39,6559.34,BAJA,33,907.35,Egreso,2025-01-24,Transaction at Uber,Credito,1707.17,7,Transport
38125.56,5670.79,MEDIA,8,729.64,Egreso,2025-06-27,Transaction at Adidas,Debito,7175.04,0,Clothing
48967.2,8392.66,BAJA,43,1080.96,Egreso,2025-12-13,Transaction at Jio Fiber,Credito,656.18,9,Bills
37625.02,4443.58,ALTA,7,1407.29,Egreso,2025-02-17,Transaction at BigBazaar,Transferencia,1916.77,0,Grocery
11159.42,7317.83,NULA,28,159.79,Egreso,2025-05-27,Transaction at H&M,Transferencia,5934.89,0,Clothing
31556.12,8774.99,NULA,53,920.19,Egreso,2025-05-23,Transaction at Subway,Credito,637.43,7,Food
32970.69,7390.5,NULA,49,1557.29,Egreso,2025-08-29,Transaction at Barbeque Nation,Credito,653.36,1,Food
7656.58,3335.78,NULA,24,693.09,Egreso,2025-12-03,Transaction at Asus Store,Transferencia,119952.17,0,Electronics
23282.11,6526.71,ALTA,16,458.66,Egreso,2025-01-14,Transaction at Croma,Transferencia,35027.12,0,Electronics
15164.97,5865.56,ALTA,45,1382.86,Egreso,2025-06-15,Transaction at Fortis,Debito,13493.38,0,Healthcare
36609.75,7412.61,NULA,68,940.92,Egreso,2025-11-23,Transaction at BSNL,Transferencia,1904.9,0,Bills
24380.73,6612.3,BAJA,2,1464.39,Egreso,2025-07-22,Transaction at Netflix,Transferencia,263.07,0,Entertainment
40780.76,1431.5,BAJA,24,1148.19,Egreso,2025-09-15,Transaction at Chai Point,Credito,274.08,2,Food
5920.6,6855.24,MEDIA,72,267.74,Egreso,2025-07-13,Transaction at Samsung Store,Transferencia,122110.45,0,Electronics
19767.09,4851.72,ALTA,51,1011.56,Egreso,2025-02-22,Transaction at Air India,Debito,18607.4,0,Travel
30390.18,6057.15,ALTA,54,1860.15,Egreso,2025-12-30,Transaction at Hotstar,Credito,102.93,1,Entertainment
44596.87,5109.04,NULA,94,1259.09,Egreso,2025-07-15,Transaction at Pepperfry,Credito,1558.67,10,Online Shopping
43314.08,1330.17,MEDIA,15,206.74,Egreso,2025-05-25,Transaction at Yatra,Debito,4962.18,0,Travel
31490.64,9074.85,BAJA,97,896.62,Egreso,2025-05-19,Transaction at CCD,Transferencia,260.44,0,Food
20607.31,5018.97,NULA,43,821.71,Egreso,2025-11-15,Transaction at H&M,Credito,4074.32,2,Clothing
19310.08,1026.56,NULA,28,1652.66,Egreso,2025-02-03,Transaction at McDonalds,Credito,280.15,6,Food
17602.05,7546.16,BAJA,59,102.94,Egreso,2025-11-16,Transaction at Hotstar,Transferencia,868.53,0,Entertainment
13248.95,7726.75,MEDIA,53,322.34,Egreso,2025-09-23,Transaction at BSNL,Transferencia,3710.57,0,Bills
25482.17,7780.73,ALTA,32,667.31,Egreso,2025-07-07,Transaction at Snapdeal,Debito,10840.15,0,Online Shopping
44760.71,8910.73,NULA,54,638.67,Egreso,2025-11-12,Transaction at Goibibo,Debito,11920.97,0,Travel
34233.18,2541.63,NULA,96,1591.03,Egreso,2025-10-18,Transaction at YouTube Premium,Transferencia,433.19,0,Entertainment
19160.23,7362.59,MEDIA,93,461.54,Egreso,2025-05-04,Transaction at Flipkart,Transferencia,11401.06,0,Online Shopping
36718.71,5024.37,BAJA,40,856.86,Egreso,2025-09-22,Transaction at McDonalds,Credito,514.5,11,Food
34682.26,2039.3,NULA,71,1936.1,Egreso,2025-08-10,Transaction at Amazon Prime,Debito,435.6,0,Entertainment
33119.54,4552.26,NULA,25,319.41,Egreso,2025-11-12,Transaction at Cream Stone,Transferencia,220.74,0,Food
12152.25,3703.13,MEDIA,11,775.94,Egreso,2025-07-02,Transaction at ACT Fibernet,Transferencia,2252.4,0,Bills
24152.03,1081.69,NULA,20,462.66,Egreso,2025-03-13,Transaction at Wrogn,Credito,1904.94,4,Clothing
7756.03,2759.37,ALTA,44,1489.92,Egreso,2025-05-09,Transaction at Nilgiris,Transferencia,4940.52,0,Grocery
15398.78,1464.08,NULA,54,847.88,Egreso,2025-10-09,Transaction at CCD,Transferencia,610.36,0,Food
38708.48,2669.17,MEDIA,98,1058.1,Egreso,2025-01-06,Transaction at Lenskart,Debito,13196.63,0,Online Shopping
24601.14,2191.33,MEDIA,46,438.28,Egreso,2025-10-27,Transaction at Puma,Transferencia,3495.41,0,Clothing
23890.96,9432.59,NULA,33,1921.62,Egreso,2025-09-06,Transaction at 1mg,Credito,19132.33,6,Healthcare
17368.16,7819.99,ALTA,63,449.95,Egreso,2025-08-07,Transaction at Apple Store,Transferencia,51484.11,0,Electronics
12926.12,5103.72,NULA,15,1797.01,Egreso,2025-04-21,Transaction at HP World,Transferencia,34101.57,0,Electronics
9813.07,5828.07,ALTA,0,1874.63,Egreso,2025-09-08,Transaction at Tata Cliq,Transferencia,3325.5,0,Online Shopping
24377.95,4530.37,MEDIA,32,392.97,Egreso,2025-08-19,Transaction at Flipkart,Transferencia,16525.58,0,Online Shopping
13714.96,3822.59,MEDIA,35,1112.03,Egreso,2025-03-03,Transaction at Snapdeal,Transferencia,2925.07,0,Online Shopping
49528.96,1408.71,MEDIA,63,344.35,Egreso,2025-05-31,Transaction at Airtel,Transferencia,4957.8,0,Bills
5953.24,1139.35,BAJA,75,989.85,Egreso,2025-03-10,Transaction at Vodafone Idea,Transferencia,1239.28,0,Bills
31686.37,8883.16,ALTA,5,1405.66,Egreso,2025-09-18,Transaction at Vodafone Idea,Transferencia,281.92,0,Bills
35058.89,7111.81,MEDIA,5,338.6,Egreso,2025-11-25,Transaction at BigBazaar,Transferencia,2329.7,0,Grocery
7646.79,8751.05,NULA,36,260.71,Egreso,2025-11-19,Transaction at YouTube Premium,Transferencia,505.05,0,Entertainment
38458.91,7426.98,NULA,12,1827.56,Egreso,2025-01-09,Transaction at TNEB,Credito,4175.77,4,Bills
46234.65,7919.43,ALTA,19,423.94,Egreso,2025-04-04,Transaction at Chai Point,Credito,789.54,4,Food
18341.78,7420.83,BAJA,1,1016.89,Egreso,2025-03-24,Transaction at ACT Fibernet,Transferencia,1935.93,0,Bills
18733.35,1160.21,ALTA,36,1948.26,Egreso,2025-01-20,Transaction at More Supermarket,Credito,4797.0,9,Grocery
24351.53,8985.19,MEDIA,84,1705.34,Egreso,2025-09-03,Transaction at CloudNine,Transferencia,12695.44,0,Healthcare
46593.95,9005.26,ALTA,53,933.24,Egreso,2025-08-28,Transaction at BigBazaar,Transferencia,1306.88,0,Grocery
26952.08,9046.08,MEDIA,0,654.72,Egreso,2025-01-22,Transaction at Apollo Pharmacy,Debito,19592.02,0,Healthcare
46872.83,6010.16,ALTA,45,1723.34,Egreso,2025-04-12,Transaction at BMTC,Debito,677.17,0,Transport
30440.25,1614.41,MEDIA,33,1636.46,Egreso,2025-02-14,Transaction at MakeMyTrip,Credito,4021.7,9,Travel
45075.59,2598.21,BAJA,73,846.47,Egreso,2025-08-17,Transaction at Levis,Transferencia,3246.05,0,Clothing
30383.45,8960.45,ALTA,89,266.17,Egreso,2025-11-11,Transaction at Croma,Transferencia,113281.26,0,Electronics
30441.41,7435.37,ALTA,73,430.55,Egreso,2025-05-19,Transaction at Pepperfry,Credito,16505.62,5,Online Shopping
41825.0,5153.84,MEDIA,60,527.94,Egreso,2025-12-19,Transaction at Lenskart,Credito,2489.7,5,Online Shopping
36050.44,1521.92,ALTA,92,1094.94,Egreso,2025-06-22,Transaction at Aha,Transferencia,293.27,0,Entertainment
17153.52,1164.3,ALTA,50,1093.95,Egreso,2025-01-02,Transaction at Air India,Credito,15810.41,11,Travel
12420.06,4535.78,BAJA,67,1170.67,Egreso,2025-02-03,Transaction at Apollo Hospital,Transferencia,387.95,0,Healthcare
34232.23,2942.98,NULA,86,497.86,Egreso,2025-09-17,Transaction at DMart,Debito,2768.78,0,Grocery
38752.01,7507.53,NULA,74,1557.84,Egreso,2025-05-01,Transaction at Biba,Debito,4439.68,0,Clothing
35228.35,6619.21,NULA,40,298.34,Egreso,2025-12-31,Transaction at Pantaloons,Debito,3486.6,0,Clothing
25335.91,8647.02,BAJA,68,1161.23,Egreso,2025-08-12,Transaction at BMTC,Credito,1886.25,5,Transport
49523.11,1723.15,BAJA,68,1371.75,Egreso,2025-04-29,Transaction at Vistara,Credito,29246.06,4,Travel
39985.99,5695.22,MEDIA,75,774.0,Egreso,2025-10-26,Transaction at JioMart,Transferencia,953.31,0,Grocery
38552.07,1323.67,ALTA,1,762.21,Egreso,2025-07-16,Transaction at Yulu Bikes,Transferencia,1292.61,0,Transport
6975.47,3640.91,MEDIA,36,810.33,Egreso,2025-02-24,Transaction at Netflix,Credito,232.39,3,Entertainment
29891.83,7083.2,NULA,39,274.61,Egreso,2025-09-04,Transaction at Cream Stone,Transferencia,665.41,0,Food
42506.86,5114.29,ALTA,66,906.64,Egreso,2025-04-12,Transaction at Nykaa,Transferencia,18212.33,0,Online Shopping
39762.61,4261.64,NULA,33,1120.23,Egreso,2025-06-01,Transaction at Pantaloons,Transferencia,7011.38,0,Clothing
26592.82,5636.7,BAJA,41,908.04,Egreso,2025-12-26,Transaction at Croma,Transferencia,52970.55,0,Electronics
15374.72,6435.02,MEDIA,24,1785.33,Egreso,2025-11-15,Transaction at RedBus,Credito,398.65,2,Transport
33979.67,4632.22,BAJA,11,969.19,Egreso,2025-09-07,Transaction at Booking.com,Transferencia,21773.55,0,Travel
28060.77,2637.01,NULA,3,1543.17,Egreso,2025-03-31,Transaction at Boat Lifestyle,Credito,144088.15,1,Electronics
11233.09,5615.55,BAJA,14,748.33,Egreso,2025-01-07,Transaction at Nilgiris,Credito,3367.14,1,Grocery
23975.27,7061.63,BAJA,63,1067.13,Egreso,2025-01-03,Transaction at Spencers,Transferencia,1362.21,0,Grocery
10795.74,1654.88,MEDIA,94,439.9,Egreso,2025-09-01,Transaction at Gas Agency,Credito,5937.54,7,Bills
5253.0,7880.78,MEDIA,41,1420.83,Egreso,2025-09-17,Transaction at Reliance Digital,Credito,88527.84,11,Electronics
10436.36,6485.75,BAJA,70,126.12,Egreso,2025-12-07,Transaction at Apple Music,Debito,851.61,0,Entertainment
16017.39,1966.61,NULA,52,1394.51,Egreso,2025-12-12,Transaction at Meesho,Transferencia,12541.41,0,Online Shopping
17642.71,2358.68,MEDIA,11,723.62,Egreso,2025-10-27,Transaction at Apple Store,Transferencia,69864.78,0,Electronics
31543.52,3508.83,ALTA,77,1618.8,Egreso,2025-08-24,Transaction at Subway,Credito,466.35,1,Food
41321.09,6072.56,ALTA,63,1755.95,Egreso,2025-10-02,Transaction at IndiGo,Credito,24875.08,6,Travel
34613.84,7054.31,BAJA,74,1362.79,Egreso,2025-09-25,Transaction at Aha,Transferencia,754.78,0,Entertainment
24096.13,4962.58,BAJA,12,1961.34,Egreso,2025-12-04,Transaction at Yatra,Debito,4802.36,0,Travel
42891.1,8496.11,MEDIA,2,1403.87,Egreso,2025-08-14,Transaction at Vivo Store,Credito,4538.49,10,Electronics
34455.93,1803.03,BAJA,56,1311.81,Egreso,2025-10-21,Transaction at Pepperfry,Credito,7830.8,5,Online Shopping
44543.48,8679.59,ALTA,87,368.07,Egreso,2025-04-21,Transaction at Dominos,Transferencia,368.04,0,Food
35977.28,2045.47,MEDIA,11,277.54,Egreso,2025-07-15,Transaction at HP World,Credito,142238.41,10,Electronics
49038.33,7502.08,MEDIA,1,343.98,Egreso,2025-04-17,Transaction at Booking.com,Transferencia,12012.27,0,Travel
5086.49,8782.28,MEDIA,58,1270.38,Egreso,2025-11-11,Transaction at Water Board,Debito,4291.7,0,Bills
9926.5,4126.17,ALTA,89,1388.68,Egreso,2025-06-16,Transaction at Rapido,Transferencia,907.11,0,Transport
14127.68,6718.34,MEDIA,24,788.1,Egreso,2025-08-10,Transaction at More Supermarket,Debito,1480.16,0,Grocery
18526.41,6298.88,NULA,53,1541.65,Egreso,2025-01-27,Transaction at TSRTC,Transferencia,138.44,0,Transport
46134.28,5850.25,ALTA,59,562.97,Egreso,2025-01-06,Transaction at Rapido,Transferencia,1628.81,0,Transport
5162.52,9384.6,ALTA,29,1886.23,Egreso,2025-09-04,Transaction at ACT Fibernet,Transferencia,1077.08,0,Bills
35699.02,2581.2,ALTA,45,201.1,Egreso,2025-02-02,Transaction at Spencers,Transferencia,4747.96,0,Grocery
17113.44,1050.12,MEDIA,60,1510.28,Egreso,2025-04-20,Transaction at BSNL,Transferencia,2964.74,0,Bills
14006.84,6048.48,MEDIA,59,1688.71,Egreso,2025-09-28,Transaction at Uber,Transferencia,337.38,0,Transport
9962.89,1300.19,BAJA,24,1358.86,Egreso,2025-05-27,Transaction at US Polo,Credito,1782.95,8,Clothing
7311.71,8946.81,MEDIA,31,1708.9,Egreso,2025-09-27,Transaction at Ola,Debito,963.89,0,Transport
14597.14,9878.73,BAJA,63,592.19,Egreso,2025-01-20,Transaction at Samsung Store,Transferencia,60867.5,0,Electronics
15901.63,4871.88,NULA,26,1507.41,Egreso,2025-12-16,Transaction at Jio Fiber,Transferencia,1020.02,0,Bills
30480.96,7218.23,ALTA,28,1371.01,Egreso,2025-09-11,Transaction at Gaana,Transferencia,989.62,0,Entertainment
16868.87,7288.06,MEDIA,1,1535.34,Egreso,2025-03-14,Transaction at McDonalds,Credito,1026.65,11,Food
28847.93,1289.9,ALTA,0,129.39,Egreso,2025-01-23,Transaction at OnePlus,Debito,141702.11,0,Electronics
31367.23,1748.43,ALTA,88,1681.28,Egreso,2025-03-27,Transaction at Cream Stone,Credito,466.15,8,Food
5652.5,9087.95,NULA,32,893.01,Egreso,2025-01-27,Transaction at Woodland,Transferencia,6932.98,0,Clothing
39572.1,8082.02,ALTA,11,708.36,Egreso,2025-03-30,Transaction at IndiGo,Credito,7685.02,7,Travel
14757.57,9176.67,ALTA,2,1687.11,Egreso,2025-03-16,Transaction at Subway,Transferencia,651.4,0,Food
19980.7,7918.89,MEDIA,15,1925.64,Egreso,2025-10-05,Transaction at Rapido,Transferencia,979.84,0,Transport
28688.98,1034.51,BAJA,78,155.14,Egreso,2025-08-26,Transaction at Burger King,Debito,192.99,0,Food
6634.83,2352.92,NULA,84,1736.82,Egreso,2025-06-09,Transaction at Apollo Pharmacy,Debito,14384.11,0,Healthcare
14428.69,2405.49,NULA,38,391.88,Egreso,2025-02-06,Transaction at Metro Rail,Credito,452.66,5,Transport
11205.72,4823.72,ALTA,50,244.97,Egreso,2025-01-24,Transaction at Gaana,Debito,167.48,0,Entertainment
6849.9,6400.93,MEDIA,60,1437.44,Egreso,2025-11-21,Transaction at More Supermarket,Credito,1544.45,5,Grocery
12108.94,5175.67,MEDIA,21,746.86,Egreso,2025-05-11,Transaction at Amazon Prime,Debito,251.79,0,Entertainment
48957.16,7957.05,ALTA,64,382.31,Egreso,2025-10-04,Transaction at Reliance Fresh,Credito,3723.46,5,Grocery
49424.53,9133.14,NULA,71,1800.95,Egreso,2025-12-02,Transaction at Aster,Debito,4217.92,0,Healthcare
37883.62,9122.68,NULA,62,1398.75,Egreso,2025-01-15,Transaction at Yatra,Debito,21066.76,0,Travel
31367.0,7358.54,NULA,1,1929.95,Egreso,2025-07-11,Transaction at Hotstar,Transferencia,970.11,0,Entertainment
28726.57,6596.46,MEDIA,17,477.33,Egreso,2025-04-28,Transaction at AirAsia,Transferencia,17877.83,0,Travel
13544.91,1900.55,BAJA,32,1214.3,Egreso,2025-06-17,Transaction at Rapido,Credito,1858.28,9,Transport
38986.76,8741.33,ALTA,24,844.02,Egreso,2025-11-19,Transaction at Air India,Transferencia,3599.75,0,Travel
36069.55,6103.81,BAJA,41,720.9,Egreso,2025-06-18,Transaction at Vodafone Idea,Transferencia,703.37,0,Bills
7337.83,6895.84,NULA,35,935.09,Egreso,2025-03-05,Transaction at Apple Store,Transferencia,34711.89,0,Electronics
22158.01,2520.77,MEDIA,86,1519.71,Egreso,2025-09-26,Transaction at DMart,Debito,3222.32,0,Grocery
15310.99,8211.28,MEDIA,75,441.52,Egreso,2025-01-11,Transaction at Samsung Store,Transferencia,149113.6,0,Electronics
48177.58,7288.1,NULA,2,1461.55,Egreso,2025-07-30,Transaction at Sony Center,Transferencia,106154.47,0,Electronics
48802.78,8114.25,MEDIA,11,971.28,Egreso,2025-12-08,Transaction at SonyLiv,Debito,387.63,0,Entertainment
20722.1,6385.54,ALTA,24,110.1,Egreso,2025-04-03,Transaction at Pepperfry,Transferencia,11694.18,0,Online Shopping
36405.65,3353.77,NULA,92,274.29,Egreso,2025-11-08,Transaction at MedPlus,Transferencia,10772.9,0,Healthcare
31132.6,4831.01,BAJA,70,1038.69,Egreso,2025-07-17,Transaction at Nykaa,Transferencia,17263.74,0,Online Shopping
41275.94,4260.06,NULA,21,1163.3,Egreso,2025-09-19,Transaction at Goibibo,Credito,23676.89,8,Travel
21876.3,4963.03,ALTA,70,1002.49,Egreso,2025-12-02,Transaction at Max Fashion,Transferencia,4285.52,0,Clothing
43650.63,8600.89,ALTA,90,1034.23,Egreso,2025-03-20,Transaction at Vistara,Transferencia,26974.48,0,Travel
15227.24,7340.3,NULA,67,916.11,Egreso,2025-08-05,Transaction at Barbeque Nation,Transferencia,493.66,0,Food
28765.36,9896.29,ALTA,90,257.0,Egreso,2025-12-26,Transaction at Vodafone Idea,Debito,527.19,0,Bills
32283.66,5517.01,MEDIA,65,1217.6,Egreso,2025-04-21,Transaction at PharmEasy,Transferencia,7262.52,0,Healthcare
48470.68,6103.69,MEDIA,63,1465.83,Egreso,2025-06-20,Transaction at Dell Exclusive,Transferencia,10234.61,0,Electronics
5948.08,7846.23,MEDIA,0,1260.73,Egreso,2025-09-01,Transaction at US Polo,Transferencia,5037.46,0,Clothing
24434.01,6355.13,ALTA,71,867.73,Egreso,2025-09-02,Transaction at JioMart,Debito,2706.64,0,Grocery
46178.61,9048.36,BAJA,46,1720.32,Egreso,2025-01-20,Transaction at Booking.com,Transferencia,2232.34,0,Travel
47419.97,9801.01,MEDIA,43,1437.22,Egreso,2025-12-05,Transaction at Spotify,Debito,861.94,0,Entertainment
13400.41,1971.56,ALTA,1,1463.64,Egreso,2025-04-26,Transaction at Burger King,Credito,691.83,11,Food
20757.37,3473.66,NULA,87,1764.95,Egreso,2025-11-07,Transaction at OnePlus,Debito,47463.97,0,Electronics
15557.89,1149.07,NULA,79,532.41,Egreso,2025-06-25,Transaction at Water Board,Transferencia,4399.24,0,Bills
7076.75,3564.12,NULA,8,1906.4,Egreso,2025-01-23,Transaction at Dell Exclusive,Transferencia,37042.87,0,Electronics
40119.23,6537.76,NULA,39,1474.29,Egreso,2025-04-27,Transaction at Pepperfry,Credito,17899.65,1,Online Shopping
20864.13,8291.02,BAJA,70,232.91,Egreso,2025-12-14,Transaction at Noise,Transferencia,120560.9,0,Electronics
22610.6,2292.05,BAJA,61,737.06,Egreso,2025-08-13,Transaction at Air India,Transferencia,29906.37,0,Travel
11610.29,5992.0,MEDIA,56,822.91,Egreso,2025-03-14,Transaction at Metro Rail,Credito,168.41,9,Transport
18627.9,4642.87,BAJA,15,1668.98,Egreso,2025-07-14,Transaction at BSNL,Transferencia,880.16,0,Bills
29154.62,6531.94,ALTA,63,1341.31,Egreso,2025-01-15,Transaction at Yulu Bikes,Transferencia,77.25,0,Transport
14912.77,4441.11,BAJA,63,841.69,Egreso,2025-04-03,Transaction at Netmeds,Transferencia,9441.02,0,Healthcare
13662.31,1975.25,MEDIA,54,442.49,Egreso,2025-05-15,Transaction at CloudNine,Debito,14280.56,0,Healthcare
30079.8,6934.62,BAJA,73,714.28,Egreso,2025-06-27,Transaction at BSNL,Transferencia,4746.45,0,Bills
31781.53,3046.24,NULA,63,639.48,Egreso,2025-10-03,Transaction at BigBazaar,Credito,1687.56,6,Grocery
27392.62,1123.5,BAJA,39,285.57,Egreso,2025-09-30,Transaction at Zara,Debito,1686.13,0,Clothing
34203.78,6934.9,MEDIA,57,1873.06,Egreso,2025-09-18,Transaction at Aster,Credito,6278.96,7,Healthcare
39205.9,5177.33,BAJA,77,562.42,Egreso,2025-01-27,Transaction at Airtel,Debito,542.76,0,Bills
10163.08,5607.75,ALTA,45,1221.17,Egreso,2025-11-02,Transaction at Taco Bell,Debito,150.79,0,Food
26711.55,2630.8,BAJA,60,686.6,Egreso,2025-09-20,Transaction at Subway,Transferencia,230.44,0,Food
45544.3,2508.56,MEDIA,88,1484.73,Egreso,2025-06-07,Transaction at YouTube Premium,Debito,534.3,0,Entertainment
24539.83,2886.6,ALTA,60,1237.57,Egreso,2025-08-24,Transaction at Saravana Bhavan,Debito,835.5,0,Food
21601.5,2991.54,MEDIA,14,589.29,Egreso,2025-12-16,Transaction at Zee5,Credito,455.09,5,Entertainment
47096.53,8010.37,NULA,39,1705.61,Egreso,2025-04-13,Transaction at SonyLiv,Transferencia,814.41,0,Entertainment
20367.8,8034.15,NULA,42,423.9,Egreso,2025-08-23,Transaction at Wrogn,Debito,2683.55,0,Clothing
16688.43,4751.0,ALTA,23,1091.42,Egreso,2025-05-29,Transaction at Air India,Transferencia,7414.07,0,Travel
11528.13,3945.93,BAJA,99,1988.35,Egreso,2025-09-11,Transaction at OYO,Transferencia,4912.14,0,Travel
45053.92,3408.27,MEDIA,94,477.08,Egreso,2025-07-01,Transaction at Allen Solly,Credito,4142.69,11,Clothing
20571.26,2211.34,BAJA,57,769.37,Egreso,2025-05-28,Transaction at Nykaa,Transferencia,17596.36,0,Online Shopping
28565.75,9229.06,MEDIA,91,1321.41,Egreso,2025-03-30,Transaction at Amazon,Transferencia,18415.14,0,Online Shopping
44169.82,9115.02,BAJA,60,1714.01,Egreso,2025-09-02,Transaction at Max Fashion,Debito,5714.65,0,Clothing
15086.53,7876.6,ALTA,22,936.19,Egreso,2025-08-22,Transaction at BSNL,Transferencia,3922.35,0,Bills
16767.91,5347.5,NULA,81,607.21,Egreso,2025-08-21,Transaction at AirAsia,Debito,19231.26,0,Travel
36293.53,3115.99,ALTA,51,1744.45,Egreso,2025-10-27,Transaction at Samsung Store,Credito,114562.9,1,Electronics
36420.21,9483.82,ALTA,64,521.23,Egreso,2025-12-05,Transaction at Meesho,Transferencia,2131.87,0,Online Shopping
8492.63,3673.62,MEDIA,15,1867.35,Egreso,2025-11-14,Transaction at Vodafone Idea,Transferencia,4328.55,0,Bills
44609.25,6365.28,BAJA,91,1699.89,Egreso,2025-01-05,Transaction at Myntra,Credito,6247.98,6,Online Shopping
31765.58,1232.4,BAJA,79,251.08,Egreso,2025-02-06,Transaction at BigBazaar,Transferencia,4832.11,0,Grocery
33991.92,8578.96,MEDIA,58,675.81,Egreso,2025-06-18,Transaction at Apple Music,Credito,599.46,2,Entertainment
41560.41,6484.78,ALTA,56,1509.97,Egreso,2025-05-02,Transaction at Allen Solly,Transferencia,1986.61,0,Clothing
17494.67,2612.43,MEDIA,90,1117.08,Egreso,2025-02-11,Transaction at Gas Agency,Transferencia,5797.84,0,Bills
11571.73,4224.45,NULA,60,612.07,Egreso,2025-07-06,Transaction at RedBus,Debito,994.53,0,Transport
15781.22,1671.37,BAJA,81,1109.68,Egreso,2025-05-27,Transaction at Max Fashion,Transferencia,2066.83,0,Clothing
40829.05,9948.05,ALTA,45,938.19,Egreso,2025-08-03,Transaction at DMart,Credito,3970.15,11,Grocery
15117.9,2840.63,BAJA,49,139.08,Egreso,2025-02-04,Transaction at HP World,Transferencia,145008.11,0,Electronics
39830.77,3291.5,NULA,48,1284.58,Egreso,2025-05-19,Transaction at Apple Music,Credito,468.07,5,Entertainment
7432.74,2188.71,ALTA,49,1926.43,Egreso,2025-05-08,Transaction at Apollo Hospital,Debito,5930.81,0,Healthcare
30480.44,9153.44,ALTA,62,495.87,Egreso,2025-10-08,Transaction at Cream Stone,Transferencia,397.8,0,Food
19325.88,9612.43,MEDIA,45,497.74,Egreso,2025-11-08,Transaction at Noise,Credito,123317.58,7,Electronics
42282.25,4265.76,MEDIA,14,139.6,Egreso,2025-02-28,Transaction at 1mg,Debito,17506.31,0,Healthcare
8412.43,2869.7,MEDIA,69,1077.85,Egreso,2025-07-05,Transaction at KFC,Transferencia,1394.93,0,Food
29852.71,7184.67,ALTA,64,1752.15,Egreso,2025-02-02,Transaction at Biba,Transferencia,1944.82,0,Clothing
8623.79,5787.11,BAJA,77,258.63,Egreso,2025-05-29,Transaction at Flipkart,Transferencia,7653.66,0,Online Shopping
31361.86,9364.58,BAJA,94,197.66,Egreso,2025-01-14,Transaction at PharmEasy,Debito,13392.33,0,Healthcare
47107.16,3197.47,BAJA,78,1887.04,Egreso,2025-03-07,Transaction at IndiGo,Transferencia,3876.57,0,Travel
34102.12,6567.56,NULA,29,993.06,Egreso,2025-11-16,Transaction at OYO,Credito,13344.24,2,Travel
15083.27,9754.61,MEDIA,18,1110.18,Egreso,2025-04-08,Transaction at Fortis,Transferencia,18706.94,0,Healthcare
20611.58,5846.37,BAJA,3,406.38,Egreso,2025-04-03,Transaction at Vistara,Transferencia,7238.15,0,Travel
13664.94,8125.56,ALTA,23,1303.34,Egreso,2025-01-08,Transaction at Amazon,Transferencia,7245.63,0,Online Shopping
48893.5,6275.82,MEDIA,1,1108.88,Egreso,2025-08-03,Transaction at Burger King,Transferencia,825.7,0,Food
41010.81,1708.04,MEDIA,66,506.64,Egreso,2025-02-10,Transaction at Property Tax Online,Debito,3524.27,0,Bills
46802.92,9404.7,BAJA,73,349.08,Egreso,2025-09-02,Transaction at Ajio,Credito,19087.25,5,Online Shopping
47750.91,5450.62,MEDIA,28,1504.46,Egreso,2025-10-04,Transaction at Airtel,Transferencia,4935.02,0,Bills
27892.12,9845.27,BAJA,97,1341.52,Egreso,2025-01-06,Transaction at Gaana,Transferencia,924.88,0,Entertainment
10443.66,8432.75,NULA,87,1689.72,Egreso,2025-03-27,Transaction at Rapido,Debito,280.65,0,Transport
46685.1,6601.23,BAJA,82,715.1,Egreso,2025-12-30,Transaction at Barbeque Nation,Transferencia,1139.21,0,Food
48744.66,1471.08,NULA,40,394.37,Egreso,2025-01-26,Transaction at Airtel,Debito,4444.5,0,Bills
45267.21,8268.7,BAJA,65,928.43,Egreso,2025-08-20,Transaction at Levis,Debito,7840.93,0,Clothing
23437.2,1631.91,BAJA,34,1408.78,Egreso,2025-01-28,Transaction at Jio Fiber,Transferencia,499.75,0,Bills
20605.24,2832.53,BAJA,99,730.47,Egreso,2025-12-15,Transaction at Biba,Debito,2956.87,0,Clothing
21817.9,8901.48,BAJA,6,284.18,Egreso,2025-11-08,Transaction at Nykaa,Credito,6814.9,7,Online Shopping
16112.84,5399.04,BAJA,60,1209.12,Egreso,2025-07-12,Transaction at Kauvery,Transferencia,724.92,0,Healthcare
13046.54,5223.71,BAJA,11,479.32,Egreso,2025-08-22,Transaction at IndiGo,Transferencia,21341.75,0,Travel
46263.79,9755.08,BAJA,96,122.99,Egreso,2025-01-01,Transaction at CloudNine,Transferencia,17662.65,0,Healthcare
25026.79,2857.16,MEDIA,7,903.93,Egreso,2025-04-07,Transaction at HP World,Debito,133048.53,0,Electronics
8348.31,9164.59,MEDIA,0,1015.09,Egreso,2025-07-08,Transaction at CloudNine,Debito,15727.34,0,Healthcare
32927.94,8830.52,ALTA,92,1463.74,Egreso,2025-07-02,Transaction at Noise,Transferencia,98284.28,0,Electronics
33009.42,7161.13,MEDIA,82,344.12,Egreso,2025-08-10,Transaction at 1mg,Credito,5748.93,5,Healthcare
24264.33,9794.99,BAJA,46,375.97,Egreso,2025-10-19,Transaction at US Polo,Debito,5871.57,0,Clothing
30248.72,2066.36,NULA,72,1884.17,Egreso,2025-05-27,Transaction at Vodafone Idea,Credito,4494.59,9,Bills
20092.09,6256.6,ALTA,68,1640.17,Egreso,2025-04-08,Transaction at Water Board,Debito,5901.46,0,Bills
33729.51,6011.34,MEDIA,30,1133.78,Egreso,2025-07-24,Transaction at KFC,Credito,575.63,5,Food
31820.48,8943.41,NULA,39,895.92,Egreso,2025-10-20,Transaction at JioMart,Credito,3524.49,8,Grocery
11351.18,7630.85,BAJA,66,509.37,Egreso,2025-03-27,Transaction at TNEB,Debito,2631.01,0,Bills
11764.9,5220.4,BAJA,6,1461.4,Egreso,2025-06-12,Transaction at ACT Fibernet,Transferencia,4964.08,0,Bills
46991.56,1260.71,BAJA,89,539.78,Egreso,2025-07-11,Transaction at BSNL,Debito,2637.13,0,Bills
16912.1,8798.88,ALTA,64,1554.69,Egreso,2025-03-22,Transaction at Biba,Transferencia,6567.31,0,Clothing
12053.96,9786.76,ALTA,48,1048.99,Egreso,2025-06-24,Transaction at Apollo Pharmacy,Credito,4933.99,10,Healthcare
43597.44,8441.41,ALTA,66,1727.67,Egreso,2025-03-31,Transaction at HP World,Transferencia,119774.25,0,Electronics
34880.15,6474.31,NULA,74,1499.61,Egreso,2025-03-17,Transaction at IRCTC,Transferencia,27699.45,0,Travel
47706.88,6946.93,MEDIA,56,1161.25,Egreso,2025-11-05,Transaction at Saravana Bhavan,Credito,274.08,11,Food
20691.02,6594.72,MEDIA,48,1315.38,Egreso,2025-02-22,Transaction at JioMart,Transferencia,3772.43,0,Grocery
5554.43,7085.43,MEDIA,78,417.07,Egreso,2025-07-17,Transaction at HP World,Transferencia,25577.05,0,Electronics
34179.18,5769.84,BAJA,58,781.67,Egreso,2025-12-23,Transaction at Property Tax Online,Transferencia,217.2,0,Bills
12907.55,9923.06,ALTA,58,430.76,Egreso,2025-04-11,Transaction at Biba,Debito,3070.09,0,Clothing
46163.65,1590.09,BAJA,15,334.26,Egreso,2025-03-06,Transaction at Ajio,Debito,18560.12,0,Online Shopping
39629.14,3977.31,ALTA,2,1736.75,Egreso,2025-01-17,Transaction at TSRTC,Credito,1655.54,9,Transport
13658.22,8326.07,BAJA,20,481.74,Egreso,2025-09-02,Transaction at Noise,Transferencia,79404.26,0,Electronics
15007.02,8462.44,BAJA,21,984.76,Egreso,2025-06-26,Transaction at Lenskart,Transferencia,14353.27,0,Online Shopping
45721.03,2326.23,MEDIA,63,556.93,Egreso,2025-08-23,Transaction at Spencers,Transferencia,3028.58,0,Grocery
17257.51,1613.35,ALTA,40,493.69,Egreso,2025-11-28,Transaction at Aster,Transferencia,2816.8,0,Healthcare
25314.73,7192.95,NULA,95,681.43,Egreso,2025-07-09,Transaction at Samsung Store,Transferencia,143910.77,0,Electronics
35424.05,7644.85,BAJA,78,765.37,Egreso,2025-11-26,Transaction at Reliance Fresh,Transferencia,1603.62,0,Grocery
24192.47,9820.2,NULA,19,1591.39,Egreso,2025-11-19,Transaction at Air India,Credito,3135.92,7,Travel
26373.25,2725.75,BAJA,52,1228.87,Egreso,2025-12-26,Transaction at Taco Bell,Credito,674.73,3,Food
19443.5,5952.92,ALTA,23,1300.64,Egreso,2025-10-28,Transaction at Apollo Pharmacy,Debito,1296.4,0,Healthcare
37229.12,6668.37,MEDIA,12,1544.41,Egreso,2025-03-12,Transaction at Air India,Debito,28470.79,0,Travel
35422.98,1238.34,ALTA,64,274.37,Egreso,2025-01-09,Transaction at Paradise Biryani,Transferencia,483.17,0,Food
40680.35,6039.04,ALTA,74,1543.5,Egreso,2025-06-10,Transaction at Nykaa,Credito,18078.03,6,Online Shopping
35588.02,9384.97,BAJA,94,608.13,Egreso,2025-03-18,Transaction at OnePlus,Transferencia,146735.98,0,Electronics
10005.64,5595.99,NULA,6,1919.89,Egreso,2025-07-01,Transaction at Aster,Transferencia,276.78,0,Healthcare
7767.19,6849.99,MEDIA,59,591.62,Egreso,2025-07-29,Transaction at Saravana Bhavan,Transferencia,1261.82,0,Food
12434.34,4481.22,BAJA,96,814.2,Egreso,2025-08-24,Transaction at Airtel,Debito,4471.2,0,Bills
42198.36,8833.49,MEDIA,98,889.25,Egreso,2025-05-26,Transaction at BMTC,Transferencia,66.43,0,Transport
5170.65,3083.97,MEDIA,21,638.12,Egreso,2025-12-07,Transaction at Apollo Pharmacy,Credito,5452.85,7,Healthcare
25374.25,7636.54,BAJA,19,658.29,Egreso,2025-06-05,Transaction at Dell Exclusive,Transferencia,43375.53,0,Electronics
40010.54,6563.11,BAJA,90,1993.65,Egreso,2025-01-22,Transaction at Dominos,Transferencia,663.04,0,Food
26170.99,7234.15,ALTA,96,1425.72,Egreso,2025-12-05,Transaction at Barbeque Nation,Credito,748.13,2,Food
13710.95,6456.75,BAJA,92,1176.19,Egreso,2025-08-29,Transaction at Apple Music,Transferencia,809.96,0,Entertainment
28196.47,1713.15,NULA,25,205.2,Egreso,2025-08-05,Transaction at BMTC,Transferencia,698.7,0,Transport
38386.36,6283.64,BAJA,4,111.73,Egreso,2025-08-29,Transaction at TNEB,Transferencia,422.31,0,Bills
45118.69,6164.48,NULA,26,672.04,Egreso,2025-02-24,Transaction at Myntra,Transferencia,4248.89,0,Online Shopping
15566.47,9677.09,ALTA,40,716.56,Egreso,2025-05-18,Transaction at Vivo Store,Transferencia,69143.95,0,Electronics
6396.33,3924.39,BAJA,21,205.52,Egreso,2025-12-14,Transaction at BMTC,Credito,378.39,6,Transport
23589.7,4103.21,MEDIA,81,439.39,Egreso,2025-02-07,Transaction at A2B,Credito,315.65,10,Food
39507.86,2724.17,BAJA,76,1792.19,Egreso,2025-01-28,Transaction at Myntra,Debito,5350.06,0,Online Shopping
34776.19,5562.85,NULA,21,810.61,Egreso,2025-05-05,Transaction at BigBazaar,Credito,314.65,10,Grocery
6642.29,5159.32,MEDIA,34,296.56,Egreso,2025-11-03,Transaction at Myntra,Transferencia,8903.04,0,Online Shopping
44821.78,6697.8,ALTA,12,376.28,Egreso,2025-05-07,Transaction at Reliance Digital,Transferencia,140838.53,0,Electronics
37081.25,3315.53,BAJA,94,942.25,Egreso,2025-07-18,Transaction at Yatra,Transferencia,14668.51,0,Travel
31664.97,4991.28,BAJA,54,626.59,Egreso,2025-06-13,Transaction at MedPlus,Transferencia,5348.35,0,Healthcare
12836.8,7104.94,MEDIA,59,1242.45,Egreso,2025-10-22,Transaction at DMart,Transferencia,497.85,0,Grocery
29895.47,1258.68,ALTA,39,365.14,Egreso,2025-08-25,Transaction at Reliance Digital,Transferencia,44489.53,0,Electronics
19093.29,6013.49,BAJA,24,829.75,Egreso,2025-10-11,Transaction at Biba,Credito,1991.76,11,Clothing
20813.05,5332.23,NULA,9,209.34,Egreso,2025-08-07,Transaction at Boat Lifestyle,Transferencia,71015.98,0,Electronics
8798.64,6583.64,MEDIA,15,1766.84,Egreso,2025-11-05,Transaction at Fortis,Credito,19237.79,9,Healthcare
48813.4,8161.12,MEDIA,0,1837.9,Egreso,2025-12-16,Transaction at Dominos,Transferencia,482.55,0,Food
20510.03,2469.14,ALTA,87,1580.64,Egreso,2025-06-21,Transaction at Apple Music,Credito,376.58,8,Entertainment
26513.81,1010.17,MEDIA,48,867.13,Egreso,2025-01-25,Transaction at Metro Rail,Debito,1897.52,0,Transport
9537.11,2515.38,BAJA,4,252.99,Egreso,2025-05-31,Transaction at Dominos,Debito,1374.35,0,Food
40077.43,4694.57,ALTA,93,1884.09,Egreso,2025-12-08,Transaction at Samsung Store,Credito,94511.16,8,Electronics
26973.61,1634.54,BAJA,15,655.31,Egreso,2025-07-10,Transaction at Amazon Prime,Transferencia,712.81,0,Entertainment
42669.13,9351.77,ALTA,81,463.36,Egreso,2025-05-03,Transaction at Zee5,Transferencia,310.35,0,Entertainment
29723.74,2040.45,MEDIA,88,1471.27,Egreso,2025-11-26,Transaction at Subway,Transferencia,559.88,0,Food
9331.82,2349.38,NULA,76,303.26,Egreso,2025-08-24,Transaction at Vivo Store,Credito,95066.9,3,Electronics
37634.29,5996.19,NULA,16,565.34,Egreso,2025-06-03,Transaction at 1mg,Transferencia,15906.96,0,Healthcare
47314.02,8245.35,NULA,63,895.7,Egreso,2025-06-29,Transaction at Spotify,Credito,890.13,4,Entertainment
48906.45,9767.24,BAJA,21,759.66,Egreso,2025-09-15,Transaction at Spencers,Debito,4280.42,0,Grocery
35719.83,6495.04,NULA,67,1716.05,Egreso,2025-02-12,Transaction at Asus Store,Transferencia,19218.71,0,Electronics
21336.56,4964.48,NULA,15,1664.46,Egreso,2025-06-08,Transaction at Noise,Transferencia,49119.01,0,Electronics
21650.83,9256.21,MEDIA,42,414.87,Egreso,2025-10-05,Transaction at Max Fashion,Transferencia,6435.08,0,Clothing
22221.14,5322.6,MEDIA,56,1695.26,Egreso,2025-03-30,Transaction at Aster,Transferencia,14902.82,0,Healthcare
49068.81,8933.05,BAJA,33,1663.55,Egreso,2025-02-10,Transaction at IRCTC,Transferencia,9336.2,0,Travel
10336.19,8755.61,ALTA,39,1237.29,Egreso,2025-11-25,Transaction at AirAsia,Debito,12580.06,0,Travel
18594.2,9740.06,ALTA,43,854.69,Egreso,2025-11-04,Transaction at Apollo Pharmacy,Credito,19851.76,1,Healthcare
39855.89,6810.67,ALTA,13,467.32,Egreso,2025-06-17,Transaction at Puma,Credito,5547.4,4,Clothing
42364.67,1758.92,MEDIA,56,563.55,Egreso,2025-02-06,Transaction at Airtel,Credito,405.59,1,Bills
47496.51,7722.63,BAJA,72,1779.67,Egreso,2025-10-15,Transaction at Booking.com,Debito,19665.82,0,Travel
15130.14,8517.13,BAJA,29,378.15,Egreso,2025-05-20,Transaction at DMart,Debito,1101.03,0,Grocery
48889.81,6501.79,NULA,89,1894.82,Egreso,2025-05-15,Transaction at RedBus,Credito,1507.47,5,Transport
23315.32,4549.45,NULA,91,1742.55,Egreso,2025-03-20,Transaction at YouTube Premium,Transferencia,111.49,0,Entertainment
30319.17,7935.3,MEDIA,77,170.75,Egreso,2025-02-27,Transaction at ACT Fibernet,Transferencia,890.96,0,Bills
10990.08,1113.51,MEDIA,84,1945.7,Egreso,2025-12-18,Transaction at Pepperfry,Debito,5604.69,0,Online Shopping
14297.36,9843.82,MEDIA,83,1531.05,Egreso,2025-01-24,Transaction at More Supermarket,Credito,3818.78,5,Grocery
11735.49,3462.65,MEDIA,10,337.95,Egreso,2025-06-14,Transaction at Reliance Digital,Debito,69180.43,0,Electronics
14460.8,2275.29,ALTA,97,1301.81,Egreso,2025-07-29,Transaction at Flipkart,Transferencia,5195.02,0,Online Shopping
11359.61,1341.9,MEDIA,57,188.9,Egreso,2025-04-26,Transaction at Chai Point,Transferencia,395.26,0,Food
49694.35,5181.92,BAJA,64,1033.66,Egreso,2025-08-24,Transaction at Spencers,Debito,2790.2,0,Grocery
8805.74,4663.7,BAJA,57,733.96,Egreso,2025-05-26,Transaction at Ajio,Transferencia,14158.96,0,Online Shopping
36155.73,9786.61,NULA,36,571.3,Egreso,2025-05-17,Transaction at HP World,Transferencia,141844.68,0,Electronics
45998.36,5772.38,ALTA,36,362.4,Egreso,2025-10-10,Transaction at Tata Cliq,Transferencia,539.36,0,Online Shopping
16882.9,1177.74,ALTA,96,215.15,Egreso,2025-07-29,Transaction at A2B,Transferencia,277.94,0,Food
10782.67,7965.58,NULA,80,103.68,Egreso,2025-08-11,Transaction at Pepperfry,Debito,14887.16,0,Online Shopping
24388.62,1821.81,BAJA,73,1837.54,Egreso,2025-05-09,Transaction at Zara,Credito,2076.81,7,Clothing
6024.73,2674.5,NULA,18,181.78,Egreso,2025-09-29,Transaction at Water Board,Credito,5333.09,7,Bills
37950.93,2276.12,BAJA,16,941.4,Egreso,2025-06-26,Transaction at RedBus,Debito,943.21,0,Transport
11177.88,6151.94,NULA,72,244.5,Egreso,2025-05-15,Transaction at Amazon,Transferencia,2224.2,0,Online Shopping
14872.24,4543.65,BAJA,61,779.27,Egreso,2025-11-07,Transaction at Amazon Prime,Transferencia,204.7,0,Entertainment
7772.95,1664.44,BAJA,87,821.96,Egreso,2025-02-24,Transaction at H&M,Credito,3783.07,2,Clothing
19549.0,1004.23,MEDIA,50,1527.04,Egreso,2025-09-03,Transaction at Nature's Basket,Transferencia,1889.3,0,Grocery
29201.44,4333.95,MEDIA,82,792.25,Egreso,2025-08-15,Transaction at Snapdeal,Debito,19497.19,0,Online Shopping
6554.95,8767.06,ALTA,34,735.41,Egreso,2025-09-27,Transaction at Rapido,Debito,228.81,0,Transport
46450.88,5266.29,NULA,64,709.19,Egreso,2025-09-27,Transaction at Gas Agency,Credito,5157.62,2,Bills
15635.45,1401.42,NULA,23,1915.56,Egreso,2025-02-18,Transaction at Cream Stone,Debito,1056.93,0,Food
6290.02,5747.67,BAJA,32,935.09,Egreso,2025-02-17,Transaction at Air India,Debito,14802.7,0,Travel
33122.2,8820.48,MEDIA,6,1028.03,Egreso,2025-09-01,Transaction at Lenskart,Transferencia,9416.72,0,Online Shopping
41491.64,8325.32,BAJA,22,1516.67,Egreso,2025-01-16,Transaction at PharmEasy,Credito,1725.8,6,Healthcare
37212.71,7188.33,MEDIA,63,992.63,Egreso,2025-10-24,Transaction at Amazon,Debito,5331.64,0,Online Shopping
10080.86,8688.43,BAJA,8,352.04,Egreso,2025-05-31,Transaction at Netflix,Transferencia,313.6,0,Entertainment
49310.6,4873.78,BAJA,27,530.0,Egreso,2025-06-18,Transaction at Vodafone Idea,Transferencia,691.0,0,Bills
42029.8,9223.24,MEDIA,37,281.0,Egreso,2025-12-01,Transaction at Airtel,Debito,5066.79,0,Bills
5349.76,5605.38,BAJA,28,1779.67,Egreso,2025-12-26,Transaction at TSRTC,Debito,766.43,0,Transport
49750.32,5497.17,BAJA,77,830.38,Egreso,2025-06-11,Transaction at Netflix,Debito,647.68,0,Entertainment
38041.89,2246.73,MEDIA,6,697.74,Egreso,2025-12-13,Transaction at MakeMyTrip,Debito,19674.72,0,Travel
20403.31,5935.51,NULA,23,1010.14,Egreso,2025-05-11,Transaction at OnePlus,Transferencia,45489.94,0,Electronics
30431.96,4658.28,NULA,72,1504.64,Egreso,2025-03-28,Transaction at Chai Point,Credito,331.11,2,Food
42730.75,4416.67,MEDIA,6,1180.38,Egreso,2025-04-10,Transaction at Pepperfry,Transferencia,9926.96,0,Online Shopping
14544.15,6816.3,BAJA,84,1269.61,Egreso,2025-08-22,Transaction at Meru Cabs,Transferencia,895.62,0,Transport
18316.33,6098.2,BAJA,41,328.33,Egreso,2025-11-08,Transaction at BSNL,Transferencia,3956.82,0,Bills
40339.05,3064.19,ALTA,97,1743.58,Egreso,2025-03-30,Transaction at Jio Fiber,Debito,5398.66,0,Bills
36633.82,7605.89,ALTA,61,460.21,Egreso,2025-04-12,Transaction at Spotify,Debito,248.75,0,Entertainment
5664.6,1922.49,NULA,65,937.88,Egreso,2025-10-21,Transaction at CloudNine,Transferencia,7516.25,0,Healthcare
41557.63,5709.66,BAJA,31,1095.48,Egreso,2025-06-23,Transaction at TSRTC,Transferencia,498.36,0,Transport
41591.92,2831.32,MEDIA,31,1244.35,Egreso,2025-10-22,Transaction at CCD,Credito,799.04,2,Food
29837.02,4185.55,BAJA,10,1912.7,Egreso,2025-12-31,Transaction at Booking.com,Debito,15182.05,0,Travel
45832.05,5117.29,ALTA,10,1846.42,Egreso,2025-08-07,Transaction at Yulu Bikes,Transferencia,1953.54,0,Transport
34407.58,5780.73,BAJA,89,1071.61,Egreso,2025-05-31,Transaction at Nilgiris,Transferencia,4783.06,0,Grocery
14455.32,9917.23,MEDIA,71,643.61,Egreso,2025-07-05,Transaction at Dell Exclusive,Credito,140455.49,3,Electronics
28507.49,2142.63,ALTA,31,1547.0,Egreso,2025-10-27,Transaction at Cream Stone,Transferencia,796.01,0,Food
43724.04,5489.58,ALTA,79,1651.96,Egreso,2025-06-10,Transaction at MakeMyTrip,Credito,14469.33,9,Travel
48684.35,4532.51,NULA,85,1962.11,Egreso,2025-01-15,Transaction at Amazon,Transferencia,7774.24,0,Online Shopping
42293.23,8838.14,ALTA,45,753.81,Egreso,2025-03-24,Transaction at BMTC,Debito,1660.05,0,Transport
5544.28,3829.99,MEDIA,4,1580.71,Egreso,2025-12-11,Transaction at Nykaa,Transferencia,12615.03,0,Online Shopping
34407.84,1587.0,ALTA,60,1682.5,Egreso,2025-01-11,Transaction at Adidas,Transferencia,4506.61,0,Clothing
25462.11,7330.49,BAJA,70,1790.74,Egreso,2025-12-24,Transaction at Reliance Fresh,Debito,1869.46,0,Grocery
37851.37,5150.16,ALTA,27,1709.61,Egreso,2025-08-24,Transaction at BMTC,Debito,1019.39,0,Transport
47803.82,2528.88,BAJA,29,994.79,Egreso,2025-02-21,Transaction at Samsung Store,Transferencia,110070.13,0,Electronics
14779.01,2101.87,MEDIA,82,729.26,Egreso,2025-06-08,Transaction at Wrogn,Credito,4179.72,9,Clothing
15403.5,4032.72,NULA,25,848.51,Egreso,2025-04-26,Transaction at HP World,Transferencia,52458.14,0,Electronics
26657.1,3026.54,BAJA,72,1312.38,Egreso,2025-06-11,Transaction at Jio Fiber,Debito,1387.62,0,Bills
25772.66,4536.38,NULA,43,844.61,Egreso,2025-03-06,Transaction at Allen Solly,Credito,3437.12,3,Clothing
33879.36,3692.73,ALTA,15,1917.44,Egreso,2025-08-18,Transaction at Lenskart,Transferencia,13723.55,0,Online Shopping
44423.56,5528.93,BAJA,29,1741.06,Egreso,2025-01-14,Transaction at Amazon,Transferencia,7916.15,0,Online Shopping
6344.35,8383.66,BAJA,40,1878.62,Egreso,2025-01-02,Transaction at Star Bazaar,Credito,4235.13,7,Grocery
33519.67,6971.94,MEDIA,61,444.24,Egreso,2025-04-20,Transaction at More Supermarket,Credito,4413.21,6,Grocery
29184.23,8061.79,NULA,4,1972.24,Egreso,2025-06-09,Transaction at Pepperfry,Debito,13284.4,0,Online Shopping
33106.07,1912.69,NULA,76,1341.78,Egreso,2025-09-11,Transaction at Nike,Transferencia,1944.32,0,Clothing
45647.57,2690.38,MEDIA,31,778.48,Egreso,2025-08-03,Transaction at Ola,Credito,1181.36,4,Transport
15340.3,2375.71,ALTA,92,1664.34,Egreso,2025-06-27,Transaction at US Polo,Transferencia,6087.2,0,Clothing
25559.67,6618.74,ALTA,99,910.37,Egreso,2025-10-03,Transaction at More Supermarket,Debito,831.87,0,Grocery
5806.9,5134.37,ALTA,26,1186.95,Egreso,2025-05-15,Transaction at Goibibo,Transferencia,6758.59,0,Travel
33535.48,8750.29,BAJA,74,1675.65,Egreso,2025-11-23,Transaction at KFC,Credito,1135.69,9,Food
9747.64,8162.47,BAJA,10,1280.05,Egreso,2025-09-25,Transaction at Croma,Credito,113294.3,3,Electronics
37893.66,2876.52,ALTA,35,728.73,Egreso,2025-08-17,Transaction at RedBus,Credito,393.03,2,Transport
29678.09,5516.11,ALTA,57,221.38,Egreso,2025-01-13,Transaction at McDonalds,Transferencia,1017.64,0,Food
7025.08,4013.25,MEDIA,87,1435.74,Egreso,2025-09-08,Transaction at AirAsia,Debito,20569.42,0,Travel
32285.57,9413.62,ALTA,21,948.51,Egreso,2025-03-28,Transaction at Adidas,Debito,2528.34,0,Clothing
21568.74,3257.11,BAJA,0,1453.46,Egreso,2025-04-12,Transaction at Star Bazaar,Debito,4341.93,0,Grocery
25748.88,2968.99,BAJA,55,219.53,Egreso,2025-10-14,Transaction at Netflix,Transferencia,643.95,0,Entertainment
6106.37,1630.61,ALTA,88,1017.02,Egreso,2025-11-28,Transaction at Netflix,Debito,209.94,0,Entertainment
7614.87,1687.17,NULA,29,633.87,Egreso,2025-06-14,Transaction at ACT Fibernet,Transferencia,5015.72,0,Bills
25863.06,6883.66,BAJA,69,291.32,Egreso,2025-11-11,Transaction at Adidas,Transferencia,3888.67,0,Clothing
37177.38,5234.51,ALTA,16,1443.39,Egreso,2025-01-03,Transaction at Yulu Bikes,Credito,597.81,7,Transport
42175.38,3445.46,BAJA,80,241.09,Egreso,2025-05-19,Transaction at ACT Fibernet,Credito,2598.53,1,Bills
15477.17,1952.53,ALTA,76,942.38,Egreso,2025-12-22,Transaction at IRCTC,Credito,26347.43,11,Travel
24648.61,9894.52,MEDIA,94,262.73,Egreso,2025-05-13,Transaction at More Supermarket,Credito,1839.22,11,Grocery
47785.98,4240.03,BAJA,55,991.85,Egreso,2025-09-15,Transaction at Yulu Bikes,Transferencia,1317.18,0,Transport
35177.29,6361.84,BAJA,33,1452.48,Egreso,2025-02-09,Transaction at MedPlus,Transferencia,15844.52,0,Healthcare
9500.53,2550.34,ALTA,80,955.61,Egreso,2025-03-31,Transaction at Samsung Store,Debito,136702.8,0,Electronics
48601.7,5859.41,BAJA,98,826.87,Egreso,2025-01-13,Transaction at Vistara,Transferencia,28673.41,0,Travel
30740.16,2769.39,NULA,30,1774.82,Egreso,2025-03-23,Transaction at Aster,Debito,18849.52,0,Healthcare
45609.41,7681.63,NULA,97,1822.98,Egreso,2025-06-29,Transaction at CloudNine,Transferencia,10837.32,0,Healthcare
15514.02,1576.56,ALTA,56,1762.44,Egreso,2025-01-09,Transaction at Aha,Transferencia,876.32,0,Entertainment
9497.02,3771.77,MEDIA,81,694.76,Egreso,2025-12-03,Transaction at Chai Point,Debito,140.39,0,Food
18819.12,3853.72,NULA,43,823.57,Egreso,2025-02-02,Transaction at Apollo Pharmacy,Transferencia,14027.72,0,Healthcare
9966.52,4963.76,BAJA,89,531.18,Egreso,2025-10-02,Transaction at Goibibo,Credito,3993.48,5,Travel
39712.58,5752.4,NULA,75,662.67,Egreso,2025-10-25,Transaction at OYO,Transferencia,22555.05,0,Travel
42125.33,9582.28,MEDIA,94,150.2,Egreso,2025-04-01,Transaction at Amazon Prime,Credito,372.8,5,Entertainment
5656.46,1747.95,NULA,91,1057.67,Egreso,2025-06-20,Transaction at Nature's Basket,Transferencia,2052.43,0,Grocery
31297.45,9671.94,BAJA,12,983.58,Egreso,2025-05-29,Transaction at Nature's Basket,Transferencia,2839.15,0,Grocery
12117.89,1189.07,ALTA,32,760.1,Egreso,2025-04-28,Transaction at Dell Exclusive,Debito,76287.81,0,Electronics
47947.18,4031.3,BAJA,45,1461.79,Egreso,2025-09-16,Transaction at Apollo Hospital,Debito,8372.26,0,Healthcare
28389.15,9084.16,MEDIA,83,869.54,Egreso,2025-07-12,Transaction at Max Fashion,Transferencia,514.33,0,Clothing
46717.03,5493.41,NULA,55,975.49,Egreso,2025-08-25,Transaction at Samsung Store,Transferencia,90186.36,0,Electronics
39601.67,3457.98,MEDIA,87,295.0,Egreso,2025-03-03,Transaction at PharmEasy,Debito,13743.93,0,Healthcare
49485.88,6933.7,NULA,80,1849.05,Egreso,2025-06-14,Transaction at Apple Music,Credito,677.52,8,Entertainment
7398.95,9611.1,NULA,83,703.24,Egreso,2025-07-08,Transaction at Spencers,Debito,1137.32,0,Grocery
31772.9,5072.82,MEDIA,38,1731.95,Egreso,2025-04-05,Transaction at PharmEasy,Debito,2799.15,0,Healthcare
39607.42,6394.16,BAJA,75,432.19,Egreso,2025-07-23,Transaction at Sony Center,Transferencia,80819.09,0,Electronics
15580.41,3976.5,NULA,78,1763.15,Egreso,2025-10-17,Transaction at Zara,Credito,1943.06,10,Clothing
19436.36,1529.58,NULA,10,1060.38,Egreso,2025-05-29,Transaction at Reliance Digital,Transferencia,19732.17,0,Electronics
30837.54,8731.29,ALTA,50,907.82,Egreso,2025-10-30,Transaction at Ajio,Credito,13664.51,3,Online Shopping
6433.04,6492.84,ALTA,69,1051.21,Egreso,2025-02-16,Transaction at US Polo,Credito,7206.91,8,Clothing
45950.56,4548.48,NULA,24,1392.25,Egreso,2025-05-23,Transaction at Apollo Hospital,Transferencia,2178.48,0,Healthcare
34179.87,5107.61,NULA,46,1086.49,Egreso,2025-07-31,Transaction at BMTC,Credito,906.71,7,Transport
19573.64,4290.74,NULA,95,1241.31,Egreso,2025-01-11,Transaction at Woodland,Credito,6028.14,5,Clothing
33121.81,8287.31,NULA,90,190.43,Egreso,2025-01-08,Transaction at Zee5,Credito,496.67,1,Entertainment
32590.48,8876.76,NULA,9,549.77,Egreso,2025-09-12,Transaction at DMart,Credito,1853.31,10,Grocery
46172.95,8750.8,NULA,74,1092.55,Egreso,2025-02-04,Transaction at 1mg,Transferencia,11064.92,0,Healthcare
16218.87,7582.09,BAJA,30,908.82,Egreso,2025-07-13,Transaction at Ajio,Credito,491.01,8,Online Shopping
11659.54,2496.22,BAJA,36,295.12,Egreso,2025-04-11,Transaction at More Supermarket,Transferencia,909.92,0,Grocery
42156.36,6168.57,MEDIA,85,593.13,Egreso,2025-02-21,Transaction at Meru Cabs,Transferencia,1636.4,0,Transport
25994.9,1596.06,ALTA,57,1913.01,Egreso,2025-07-05,Transaction at Burger King,Credito,497.69,9,Food
22649.29,5612.33,ALTA,90,561.46,Egreso,2025-12-21,Transaction at Property Tax Online,Debito,1770.33,0,Bills
26464.52,8975.17,ALTA,13,643.91,Egreso,2025-07-25,Transaction at Meru Cabs,Debito,773.1,0,Transport
37490.71,6655.59,NULA,95,1809.95,Egreso,2025-06-29,Transaction at Nike,Debito,2179.35,0,Clothing
38978.55,4320.76,MEDIA,32,1529.61,Egreso,2025-01-29,Transaction at Apollo Pharmacy,Transferencia,1140.03,0,Healthcare
45409.24,4738.5,MEDIA,46,1128.96,Egreso,2025-10-24,Transaction at Max Fashion,Credito,6752.39,7,Clothing
21580.02,3199.53,BAJA,36,586.7,Egreso,2025-10-16,Transaction at Wrogn,Transferencia,7455.07,0,Clothing
37335.26,2527.12,ALTA,63,1109.45,Egreso,2025-07-04,Transaction at DMart,Transferencia,4135.07,0,Grocery
21165.11,2612.96,BAJA,60,1836.56,Egreso,2025-04-22,Transaction at Uber,Credito,116.35,2,Transport
27412.66,5734.04,MEDIA,67,764.33,Egreso,2025-02-04,Transaction at Meesho,Credito,8484.9,9,Online Shopping
38752.15,7616.54,BAJA,79,987.45,Egreso,2025-02-28,Transaction at DMart,Credito,4823.54,11,Grocery
31776.25,6067.87,ALTA,56,1701.68,Egreso,2025-01-15,Transaction at Chai Point,Debito,1287.3,0,Food
31527.47,7541.99,NULA,82,396.87,Egreso,2025-12-08,Transaction at Amazon,Transferencia,6182.72,0,Online Shopping
7734.25,8885.69,NULA,62,1778.15,Egreso,2025-09-29,Transaction at Pantaloons,Credito,1554.38,8,Clothing
46620.37,3096.44,NULA,82,1300.87,Egreso,2025-05-28,Transaction at DMart,Transferencia,3646.85,0,Grocery
26424.36,1574.04,MEDIA,34,1950.41,Egreso,2025-01-23,Transaction at CCD,Debito,1131.08,0,Food
17765.26,7275.49,BAJA,74,1732.35,Egreso,2025-07-05,Transaction at CloudNine,Credito,4093.75,9,Healthcare
9009.52,8314.03,MEDIA,80,802.87,Egreso,2025-06-06,Transaction at Water Board,Transferencia,3152.5,0,Bills
43591.96,5335.17,MEDIA,86,683.21,Egreso,2025-07-28,Transaction at Biba,Debito,2893.94,0,Clothing
12682.06,2298.02,BAJA,30,1589.96,Egreso,2025-02-25,Transaction at MakeMyTrip,Debito,21145.29,0,Travel
35974.3,2022.38,BAJA,63,679.29,Egreso,2025-02-23,Transaction at Gas Agency,Transferencia,1962.62,0,Bills
47120.96,9138.38,NULA,97,208.65,Egreso,2025-12-26,Transaction at Lenskart,Transferencia,3963.87,0,Online Shopping
16750.66,5366.22,BAJA,39,700.46,Egreso,2025-11-22,Transaction at Rapido,Debito,1751.8,0,Transport
5746.32,7309.72,BAJA,81,1527.77,Egreso,2025-11-22,Transaction at Spotify,Transferencia,778.29,0,Entertainment
47282.57,6503.58,MEDIA,17,431.97,Egreso,2025-10-03,Transaction at MedPlus,Transferencia,12928.7,0,Healthcare
46621.72,6702.19,NULA,27,1451.27,Egreso,2025-01-24,Transaction at Taco Bell,Transferencia,384.0,0,Food
21929.21,8064.26,MEDIA,76,1319.04,Egreso,2025-01-03,Transaction at Fortis,Credito,1484.72,10,Healthcare
29061.4,7960.51,ALTA,81,802.71,Egreso,2025-03-30,Transaction at Snapdeal,Debito,9763.1,0,Online Shopping
34442.16,1444.23,ALTA,1,860.91,Egreso,2025-12-30,Transaction at TNEB,Debito,1314.22,0,Bills
42486.48,7374.36,NULA,18,1587.74,Egreso,2025-05-06,Transaction at Noise,Credito,10879.73,5,Electronics
44587.94,9850.75,NULA,0,1878.68,Egreso,2025-09-09,Transaction at Vistara,Transferencia,4182.97,0,Travel
30643.95,6805.49,NULA,55,809.87,Egreso,2025-06-07,Transaction at BMTC,Credito,617.7,10,Transport
29594.83,6692.6,MEDIA,56,1586.05,Egreso,2025-08-17,Transaction at Spotify,Transferencia,490.42,0,Entertainment
10689.34,2631.33,ALTA,13,1408.66,Egreso,2025-11-19,Transaction at Nykaa,Transferencia,7607.1,0,Online Shopping
46270.64,1948.31,MEDIA,85,1570.3,Egreso,2025-08-28,Transaction at Star Bazaar,Transferencia,1578.72,0,Grocery
39720.37,9482.07,BAJA,17,1939.85,Egreso,2025-08-08,Transaction at Meru Cabs,Transferencia,784.22,0,Transport
29468.64,1402.52,NULA,3,316.54,Egreso,2025-10-20,Transaction at IRCTC,Debito,3217.19,0,Travel
22210.76,9671.2,MEDIA,19,400.41,Egreso,2025-05-27,Transaction at Zee5,Transferencia,501.74,0,Entertainment
6983.88,1940.48,BAJA,4,1928.66,Egreso,2025-10-12,Transaction at IRCTC,Debito,21553.14,0,Travel
38515.43,3299.75,BAJA,80,1563.58,Egreso,2025-04-24,Transaction at IndiGo,Debito,11264.19,0,Travel
34541.49,8199.84,ALTA,30,1567.41,Egreso,2025-03-07,Transaction at Levis,Debito,2109.88,0,Clothing
32015.42,7043.81,NULA,52,979.32,Egreso,2025-01-10,Transaction at Metro Rail,Credito,108.55,3,Transport
22213.22,3121.54,ALTA,31,1311.66,Egreso,2025-01-14,Transaction at Nykaa,Debito,4271.25,0,Online Shopping
14329.9,1706.94,MEDIA,57,995.76,Egreso,2025-12-28,Transaction at Airtel,Credito,3022.25,11,Bills
13807.22,5394.42,NULA,34,289.46,Egreso,2025-10-22,Transaction at Goibibo,Credito,6679.6,10,Travel
13281.81,8850.87,BAJA,52,1574.64,Egreso,2025-06-02,Transaction at McDonalds,Credito,306.22,10,Food
39734.36,8963.49,MEDIA,38,1439.71,Egreso,2025-05-02,Transaction at Rapido,Debito,1897.85,0,Transport
34472.4,1504.56,BAJA,72,1120.19,Egreso,2025-04-09,Transaction at Booking.com,Transferencia,2582.11,0,Travel
13337.67,2207.62,MEDIA,10,587.88,Egreso,2025-02-02,Transaction at Yatra,Debito,1945.69,0,Travel
42887.43,9683.0,ALTA,36,1371.83,Egreso,2025-08-07,Transaction at HP World,Transferencia,115263.6,0,Electronics
41293.72,7725.49,MEDIA,35,1111.65,Egreso,2025-02-16,Transaction at Allen Solly,Transferencia,2219.97,0,Clothing
17144.58,1575.38,MEDIA,97,1227.24,Egreso,2025-01-30,Transaction at JioMart,Credito,2768.52,7,Grocery
9700.11,5289.47,ALTA,54,1837.6,Egreso,2025-01-18,Transaction at Dell Exclusive,Debito,70295.55,0,Electronics
25621.33,9022.23,BAJA,1,1923.71,Egreso,2025-05-04,Transaction at YouTube Premium,Transferencia,985.46,0,Entertainment
11845.88,6030.32,MEDIA,40,682.26,Egreso,2025-12-14,Transaction at Gaana,Transferencia,445.83,0,Entertainment
14776.03,3669.02,ALTA,9,278.38,Egreso,2025-05-29,Transaction at Netmeds,Transferencia,19115.07,0,Healthcare
47181.76,1744.62,NULA,85,746.23,Egreso,2025-12-30,Transaction at Nature's Basket,Credito,1892.28,8,Grocery
24728.45,4286.44,NULA,5,466.82,Egreso,2025-08-29,Transaction at Airtel,Transferencia,2398.95,0,Bills
15990.83,8989.36,ALTA,56,1803.01,Egreso,2025-10-22,Transaction at Max Fashion,Debito,6234.9,0,Clothing
37263.15,3467.66,ALTA,32,594.66,Egreso,2025-09-22,Transaction at Star Bazaar,Debito,608.49,0,Grocery
15671.82,4785.78,ALTA,34,1569.18,Egreso,2025-09-12,Transaction at A2B,Transferencia,1269.41,0,Food
35506.53,5839.94,ALTA,61,1773.83,Egreso,2025-01-18,Transaction at Biba,Transferencia,7312.79,0,Clothing
33497.76,2031.16,NULA,57,693.27,Egreso,2025-04-11,Transaction at Allen Solly,Transferencia,6724.87,0,Clothing
45727.58,6563.41,ALTA,52,106.72,Egreso,2025-08-08,Transaction at Goibibo,Credito,11530.76,7,Travel
27229.97,2634.68,BAJA,58,221.29,Egreso,2025-04-30,Transaction at Airtel,Transferencia,2992.03,0,Bills
11919.64,6811.95,ALTA,37,390.86,Egreso,2025-01-22,Transaction at Puma,Credito,4725.53,6,Clothing
47628.43,3317.26,NULA,56,1811.65,Egreso,2025-10-23,Transaction at OnePlus,Credito,20640.24,6,Electronics
31092.72,7335.88,ALTA,0,1153.18,Egreso,2025-06-12,Transaction at Meru Cabs,Transferencia,918.14,0,Transport
25794.2,4548.86,NULA,19,719.69,Egreso,2025-05-09,Transaction at IRCTC,Transferencia,24537.98,0,Travel
8208.41,2946.29,MEDIA,77,1143.43,Egreso,2025-08-08,Transaction at Apollo Pharmacy,Debito,19169.17,0,Healthcare
19312.07,7128.69,BAJA,94,223.31,Egreso,2025-11-28,Transaction at Star Bazaar,Transferencia,1510.01,0,Grocery
45123.31,6022.54,MEDIA,69,1589.37,Egreso,2025-11-21,Transaction at Gas Agency,Credito,5388.53,9,Bills
16375.74,6427.17,ALTA,54,279.92,Egreso,2025-12-23,Transaction at Gaana,Debito,966.47,0,Entertainment
46584.25,1634.27,NULA,57,845.38,Egreso,2025-04-06,Transaction at Goibibo,Credito,17641.79,9,Travel
17636.17,3938.52,BAJA,74,241.47,Egreso,2025-11-01,Transaction at JioMart,Transferencia,4395.87,0,Grocery
8599.4,3989.96,NULA,94,1373.19,Egreso,2025-09-24,Transaction at CloudNine,Transferencia,3719.11,0,Healthcare
39967.6,2825.94,BAJA,9,1677.86,Egreso,2025-01-07,Transaction at Water Board,Transferencia,5926.49,0,Bills
38534.02,1607.67,BAJA,26,324.45,Egreso,2025-10-20,Transaction at Boat Lifestyle,Transferencia,84652.94,0,Electronics
37750.46,2619.84,MEDIA,40,1108.05,Egreso,2025-09-29,Transaction at Meru Cabs,Transferencia,1058.67,0,Transport
34055.87,1001.75,BAJA,19,1350.73,Egreso,2025-12-30,Transaction at Apollo Pharmacy,Transferencia,14038.21,0,Healthcare
28200.28,7808.68,NULA,3,835.23,Egreso,2025-10-07,Transaction at Noise,Transferencia,108094.21,0,Electronics
26929.52,1195.67,ALTA,68,1369.97,Egreso,2025-08-08,Transaction at US Polo,Debito,4709.38,0,Clothing
39639.46,3951.56,ALTA,19,820.53,Egreso,2025-10-31,Transaction at Pizza Hut,Credito,1336.58,2,Food
14148.75,6813.2,BAJA,39,773.9,Egreso,2025-01-22,Transaction at Pepperfry,Debito,2989.25,0,Online Shopping
40624.66,3641.85,MEDIA,96,1522.43,Egreso,2025-08-18,Transaction at Amazon Prime,Transferencia,496.25,0,Entertainment
12290.99,3752.49,NULA,91,1234.76,Egreso,2025-10-12,Transaction at Subway,Credito,464.4,7,Food
35735.06,6041.98,MEDIA,82,566.37,Egreso,2025-02-20,Transaction at MedPlus,Debito,2744.05,0,Healthcare
16948.23,4467.72,BAJA,37,811.79,Egreso,2025-12-05,Transaction at SonyLiv,Transferencia,868.18,0,Entertainment
33386.16,9853.83,NULA,31,188.96,Egreso,2025-02-19,Transaction at TNEB,Credito,4302.6,5,Bills
32965.55,1276.73,BAJA,70,1008.33,Egreso,2025-12-28,Transaction at Star Bazaar,Transferencia,1759.93,0,Grocery
11737.09,8440.6,NULA,82,844.31,Egreso,2025-05-09,Transaction at US Polo,Transferencia,759.5,0,Clothing
46603.34,1044.22,MEDIA,41,1043.44,Egreso,2025-06-07,Transaction at Amazon Prime,Debito,779.34,0,Entertainment
38194.93,1155.6,NULA,68,319.68,Egreso,2025-02-26,Transaction at Barbeque Nation,Transferencia,1227.42,0,Food
31216.08,4594.51,ALTA,84,1149.74,Egreso,2025-06-02,Transaction at Hotstar,Debito,510.26,0,Entertainment
5066.77,8748.57,NULA,17,757.28,Egreso,2025-05-08,Transaction at AirAsia,Transferencia,22805.46,0,Travel
18978.92,8524.54,ALTA,27,1323.62,Egreso,2025-10-15,Transaction at AirAsia,Debito,8765.67,0,Travel
7942.21,5995.36,ALTA,16,856.58,Egreso,2025-04-22,Transaction at Paradise Biryani,Debito,801.72,0,Food
39425.57,7398.46,ALTA,30,1061.35,Egreso,2025-09-20,Transaction at Nilgiris,Transferencia,1406.33,0,Grocery
26269.0,5108.36,MEDIA,95,1194.66,Egreso,2025-01-20,Transaction at Air India,Credito,5952.1,11,Travel
29333.83,3063.16,BAJA,36,1321.71,Egreso,2025-02-11,Transaction at Apollo Hospital,Transferencia,16681.98,0,Healthcare
18431.92,2274.98,ALTA,49,556.95,Egreso,2025-10-20,Transaction at Netflix,Debito,686.43,0,Entertainment
14899.15,3278.29,NULA,45,1378.36,Egreso,2025-06-26,Transaction at Aha,Credito,470.93,5,Entertainment
49123.68,6356.96,BAJA,89,1724.66,Egreso,2025-12-08,Transaction at Kauvery,Credito,5932.64,10,Healthcare
16546.33,8031.25,NULA,33,756.92,Egreso,2025-07-08,Transaction at Metro Rail,Transferencia,297.21,0,Transport
17886.59,2954.11,NULA,38,940.52,Egreso,2025-12-21,Transaction at Samsung Store,Transferencia,17321.1,0,Electronics
45296.67,9110.22,NULA,21,151.49,Egreso,2025-05-14,Transaction at BMTC,Debito,1982.19,0,Transport
42634.67,4751.41,ALTA,10,1756.7,Egreso,2025-01-31,Transaction at Allen Solly,Transferencia,4396.8,0,Clothing
41154.15,7594.91,BAJA,52,372.16,Egreso,2025-12-13,Transaction at YouTube Premium,Transferencia,702.17,0,Entertainment
37923.82,5511.84,MEDIA,91,1178.53,Egreso,2025-05-11,Transaction at Ajio,Transferencia,2962.18,0,Online Shopping
34185.13,5661.87,ALTA,44,777.96,Egreso,2025-10-27,Transaction at ACT Fibernet,Credito,5125.96,7,Bills
41605.72,5677.59,BAJA,15,1082.12,Egreso,2025-06-30,Transaction at Hotstar,Debito,986.05,0,Entertainment
14415.6,2217.34,MEDIA,18,558.25,Egreso,2025-01-30,Transaction at Taco Bell,Transferencia,1403.73,0,Food
14814.37,3934.56,BAJA,20,891.67,Egreso,2025-03-14,Transaction at Sony Center,Transferencia,83348.78,0,Electronics
19176.37,2302.15,NULA,34,1724.79,Egreso,2025-09-11,Transaction at Tata Cliq,Transferencia,7523.44,0,Online Shopping
42703.56,2545.45,ALTA,84,1621.73,Egreso,2025-05-30,Transaction at CloudNine,Credito,1597.44,1,Healthcare
40120.16,2659.18,MEDIA,63,683.92,Egreso,2025-05-23,Transaction at BMTC,Transferencia,704.99,0,Transport
21789.88,8603.96,BAJA,98,1216.77,Egreso,2025-09-09,Transaction at IndiGo,Transferencia,20443.98,0,Travel
29577.7,3152.65,ALTA,87,595.81,Egreso,2025-07-28,Transaction at Tata Cliq,Transferencia,838.07,0,Online Shopping
32387.76,2973.25,ALTA,67,1952.9,Egreso,2025-12-25,Transaction at Flipkart,Transferencia,2781.65,0,Online Shopping
15037.27,7186.22,NULA,78,1268.38,Egreso,2025-04-26,Transaction at JioMart,Transferencia,1373.63,0,Grocery
37427.09,7369.87,ALTA,85,795.6,Egreso,2025-01-12,Transaction at Spotify,Credito,728.33,10,Entertainment
6619.58,6207.28,NULA,63,207.86,Egreso,2025-07-04,Transaction at CloudNine,Transferencia,10120.42,0,Healthcare
31598.63,9215.99,BAJA,37,1728.54,Egreso,2025-01-01,Transaction at Cream Stone,Debito,284.41,0,Food
20830.61,3204.98,ALTA,60,1039.81,Egreso,2025-02-18,Transaction at Pepperfry,Debito,14478.56,0,Online Shopping
20859.59,6697.62,BAJA,30,330.01,Egreso,2025-08-05,Transaction at Taco Bell,Credito,1323.23,10,Food
48870.87,6573.98,BAJA,94,731.13,Egreso,2025-08-17,Transaction at Airtel,Credito,5565.33,4,Bills
14666.94,3287.35,ALTA,1,1930.31,Egreso,2025-08-08,Transaction at RedBus,Transferencia,1828.95,0,Transport
10850.24,8739.22,MEDIA,63,1272.04,Egreso,2025-04-21,Transaction at Sony Center,Credito,13850.43,4,Electronics
30114.46,2554.44,BAJA,42,1976.06,Egreso,2025-05-06,Transaction at Asus Store,Credito,84106.92,1,Electronics
5363.23,8559.43,BAJA,46,232.35,Egreso,2025-03-21,Transaction at Reliance Digital,Transferencia,16504.01,0,Electronics
19730.81,4323.48,MEDIA,92,1197.8,Egreso,2025-12-24,Transaction at Dominos,Transferencia,826.72,0,Food
48963.69,4882.29,NULA,93,1742.79,Egreso,2025-02-02,Transaction at Star Bazaar,Credito,4272.6,4,Grocery
46875.33,2744.35,BAJA,57,497.02,Egreso,2025-03-10,Transaction at RedBus,Transferencia,914.33,0,Transport
7753.64,4714.15,ALTA,46,1005.21,Egreso,2025-09-03,Transaction at Starbucks,Transferencia,809.7,0,Food
46548.58,9842.08,MEDIA,90,603.42,Egreso,2025-03-27,Transaction at Hotstar,Credito,628.57,7,Entertainment
13722.92,4033.21,NULA,24,165.3,Egreso,2025-03-26,Transaction at Yulu Bikes,Debito,896.34,0,Transport
6331.95,8979.35,BAJA,75,1020.27,Egreso,2025-02-17,Transaction at Nykaa,Debito,6777.73,0,Online Shopping
8246.5,6669.79,MEDIA,81,1191.82,Egreso,2025-02-05,Transaction at Zee5,Transferencia,281.8,0,Entertainment
32619.38,3792.37,NULA,94,1640.67,Egreso,2025-12-27,Transaction at Water Board,Credito,1290.62,3,Bills
35544.55,8610.19,MEDIA,0,145.84,Egreso,2025-12-15,Transaction at OnePlus,Transferencia,81131.72,0,Electronics
17125.57,6074.15,BAJA,16,924.58,Egreso,2025-06-16,Transaction at More Supermarket,Credito,357.4,9,Grocery
15427.73,8810.89,ALTA,73,766.64,Egreso,2025-12-16,Transaction at Kauvery,Debito,5616.2,0,Healthcare
10426.07,4658.34,ALTA,85,1661.85,Egreso,2025-02-20,Transaction at Apple Music,Debito,711.43,0,Entertainment
24432.31,9225.81,MEDIA,53,761.73,Egreso,2025-04-07,Transaction at Booking.com,Debito,1922.4,0,Travel
44743.57,8154.51,MEDIA,67,430.73,Egreso,2025-11-09,Transaction at Adidas,Credito,1745.8,11,Clothing
5117.2,3851.2,MEDIA,15,496.27,Egreso,2025-02-20,Transaction at Hotstar,Transferencia,153.64,0,Entertainment
15040.24,9311.71,ALTA,38,1941.6,Egreso,2025-12-29,Transaction at Zara,Transferencia,533.34,0,Clothing
20789.84,9326.28,NULA,28,364.3,Egreso,2025-01-14,Transaction at Woodland,Credito,6265.63,2,Clothing
6566.02,2553.54,BAJA,66,183.92,Egreso,2025-05-29,Transaction at Boat Lifestyle,Transferencia,48970.62,0,Electronics
16717.66,6462.93,NULA,34,358.89,Egreso,2025-11-01,Transaction at Vivo Store,Transferencia,101981.92,0,Electronics
48039.37,2132.37,MEDIA,55,703.37,Egreso,2025-10-14,Transaction at Netflix,Transferencia,183.62,0,Entertainment
27363.62,4746.92,MEDIA,47,1290.36,Egreso,2025-01-03,Transaction at Apollo Pharmacy,Transferencia,2631.3,0,Healthcare
13579.59,6540.34,BAJA,67,1044.09,Egreso,2025-03-05,Transaction at Apple Store,Debito,117559.6,0,Electronics
43532.5,5248.11,MEDIA,49,1710.34,Egreso,2025-04-21,Transaction at Noise,Transferencia,144976.97,0,Electronics
40689.85,2616.85,NULA,36,144.83,Egreso,2025-05-19,Transaction at JioMart,Debito,4116.06,0,Grocery
40968.21,7991.86,NULA,57,584.8,Egreso,2025-06-05,Transaction at HP World,Transferencia,4362.92,0,Electronics
45812.47,4721.24,BAJA,91,1018.83,Egreso,2025-09-12,Transaction at Uber,Transferencia,205.94,0,Transport
41940.49,8775.21,NULA,73,629.38,Egreso,2025-03-24,Transaction at IndiGo,Credito,19470.74,9,Travel
43231.76,3541.21,MEDIA,55,117.81,Egreso,2025-09-15,Transaction at Gaana,Transferencia,921.1,0,Entertainment
49053.38,5099.94,ALTA,55,162.33,Egreso,2025-01-20,Transaction at Starbucks,Debito,955.61,0,Food
35613.73,3502.34,ALTA,86,705.69,Egreso,2025-04-05,Transaction at Yatra,Transferencia,15334.83,0,Travel
28619.96,2099.97,NULA,38,1964.06,Egreso,2025-05-16,Transaction at Yatra,Transferencia,27289.83,0,Travel
37484.99,1305.85,ALTA,97,930.77,Egreso,2025-12-30,Transaction at Gaana,Credito,249.52,1,Entertainment
9340.07,1887.75,NULA,26,1554.97,Egreso,2025-11-17,Transaction at Apple Music,Credito,413.32,7,Entertainment
21739.22,3339.18,BAJA,1,1306.28,Egreso,2025-05-09,Transaction at Pizza Hut,Credito,174.37,7,Food
8912.23,5726.17,NULA,94,1301.28,Egreso,2025-07-02,Transaction at Vodafone Idea,Transferencia,3972.2,0,Bills
28398.93,7283.0,MEDIA,96,1055.6,Egreso,2025-07-08,Transaction at Biba,Transferencia,7257.52,0,Clothing
44750.82,1311.63,MEDIA,11,1774.57,Egreso,2025-12-16,Transaction at Nykaa,Debito,6093.44,0,Online Shopping
47749.98,5996.47,BAJA,64,1454.92,Egreso,2025-05-17,Transaction at Metro Rail,Transferencia,1685.31,0,Transport
27058.09,4605.18,ALTA,99,1851.25,Egreso,2025-01-16,Transaction at Zee5,Transferencia,716.63,0,Entertainment
10897.84,2962.77,NULA,36,1776.43,Egreso,2025-02-12,Transaction at TNEB,Credito,3171.52,2,Bills
35159.94,6918.95,ALTA,64,1913.22,Egreso,2025-11-19,Transaction at IndiGo,Transferencia,11439.56,0,Travel
22453.03,5044.04,MEDIA,63,1016.44,Egreso,2025-02-19,Transaction at OnePlus,Credito,20558.66,9,Electronics
13068.15,4984.5,BAJA,68,1188.2,Egreso,2025-07-08,Transaction at MakeMyTrip,Transferencia,3959.15,0,Travel
5671.54,7298.55,ALTA,70,1723.51,Egreso,2025-10-04,Transaction at Fortis,Credito,3905.2,6,Healthcare
48829.54,6038.71,NULA,95,421.06,Egreso,2025-11-13,Transaction at Vodafone Idea,Credito,3300.38,11,Bills
39278.69,3826.59,BAJA,1,224.88,Egreso,2025-05-30,Transaction at CloudNine,Credito,8504.76,10,Healthcare
25966.73,6122.48,BAJA,42,957.37,Egreso,2025-12-08,Transaction at Meesho,Debito,12720.51,0,Online Shopping
12974.53,5152.56,NULA,64,641.11,Egreso,2025-06-28,Transaction at IndiGo,Transferencia,9889.33,0,Travel
28043.52,2099.66,BAJA,2,830.67,Egreso,2025-03-09,Transaction at Fortis,Debito,7935.36,0,Healthcare
24707.84,3680.26,BAJA,32,264.09,Egreso,2025-06-25,Transaction at Nature's Basket,Transferencia,2172.82,0,Grocery
22338.11,5787.97,NULA,19,1562.3,Egreso,2025-03-29,Transaction at Spencers,Transferencia,4099.11,0,Grocery
16336.14,6416.45,NULA,11,387.57,Egreso,2025-02-14,Transaction at Paradise Biryani,Transferencia,817.54,0,Food
13238.44,8381.5,BAJA,5,629.55,Egreso,2025-03-26,Transaction at DMart,Transferencia,4298.09,0,Grocery
16841.42,2693.85,NULA,45,1643.68,Egreso,2025-11-11,Transaction at Yatra,Debito,6725.91,0,Travel
27148.12,1424.81,NULA,88,1404.02,Egreso,2025-10-27,Transaction at Ajio,Credito,9975.53,6,Online Shopping
17529.42,5989.18,BAJA,65,561.31,Egreso,2025-10-20,Transaction at Reliance Fresh,Transferencia,3906.33,0,Grocery
30780.65,1593.38,ALTA,35,1794.21,Egreso,2025-01-14,Transaction at Gas Agency,Debito,616.08,0,Bills
15784.19,7122.01,ALTA,24,1946.37,Egreso,2025-12-24,Transaction at KFC,Credito,1244.48,11,Food
45559.89,5457.59,MEDIA,49,158.83,Egreso,2025-04-03,Transaction at Lenskart,Credito,12302.47,9,Online Shopping
15613.17,8500.33,MEDIA,13,222.36,Egreso,2025-11-29,Transaction at Yatra,Debito,3359.21,0,Travel
48517.08,1334.34,NULA,0,1388.39,Egreso,2025-02-19,Transaction at Apollo Hospital,Debito,17695.87,0,Healthcare
45867.83,2941.84,BAJA,62,573.24,Egreso,2025-06-28,Transaction at Apple Store,Transferencia,28957.72,0,Electronics
23000.24,6414.21,BAJA,61,1451.64,Egreso,2025-01-04,Transaction at Netmeds,Credito,18244.2,9,Healthcare
26542.97,3879.07,NULA,0,772.68,Egreso,2025-10-11,Transaction at Yatra,Transferencia,18819.86,0,Travel
12368.64,4098.93,ALTA,71,659.05,Egreso,2025-11-03,Transaction at Adidas,Credito,3260.49,3,Clothing
10190.68,1279.15,BAJA,69,285.07,Egreso,2025-11-10,Transaction at Vodafone Idea,Transferencia,2414.34,0,Bills
47466.09,4209.2,BAJA,1,983.94,Egreso,2025-10-17,Transaction at BigBazaar,Transferencia,3576.87,0,Grocery
43232.85,8805.34,NULA,84,213.71,Egreso,2025-07-07,Transaction at Vivo Store,Debito,109273.86,0,Electronics
13707.58,3025.09,BAJA,46,770.66,Egreso,2025-08-30,Transaction at JioMart,Transferencia,4939.24,0,Grocery
49231.43,3405.76,ALTA,33,894.88,Egreso,2025-07-07,Transaction at Yulu Bikes,Debito,405.13,0,Transport
20567.37,9397.5,BAJA,11,277.97,Egreso,2025-11-23,Transaction at BSNL,Credito,4529.83,1,Bills
41587.71,5289.13,ALTA,37,1857.48,Egreso,2025-03-30,Transaction at Pizza Hut,Credito,929.66,10,Food
16958.09,7847.43,MEDIA,98,581.47,Egreso,2025-03-20,Transaction at Ajio,Credito,13375.83,11,Online Shopping
26440.89,2569.78,NULA,40,1199.96,Egreso,2025-01-18,Transaction at 1mg,Transferencia,14683.48,0,Healthcare
34993.21,3320.54,MEDIA,29,1671.14,Egreso,2025-02-10,Transaction at Tata Cliq,Credito,11717.81,7,Online Shopping
21915.35,5434.9,BAJA,2,1225.02,Egreso,2025-08-08,Transaction at Gas Agency,Credito,2198.18,5,Bills
12944.41,6749.75,ALTA,56,806.5,Egreso,2025-04-12,Transaction at Gaana,Credito,707.6,3,Entertainment
20434.07,5430.87,MEDIA,36,154.92,Egreso,2025-10-20,Transaction at Ajio,Transferencia,12224.59,0,Online Shopping
37320.43,5941.79,NULA,58,947.32,Egreso,2025-04-05,Transaction at Vistara,Transferencia,3975.25,0,Travel
32362.84,4552.04,BAJA,74,1174.92,Egreso,2025-09-13,Transaction at Nilgiris,Transferencia,1672.23,0,Grocery
45581.7,2140.45,NULA,5,1856.1,Egreso,2025-11-24,Transaction at Uber,Debito,1176.63,0,Transport
24053.1,3378.28,MEDIA,41,1450.09,Egreso,2025-07-06,Transaction at TNEB,Transferencia,3182.63,0,Bills
11638.12,9473.62,BAJA,69,1494.99,Egreso,2025-09-17,Transaction at More Supermarket,Credito,1329.62,10,Grocery
47651.35,7178.37,ALTA,50,1822.24,Egreso,2025-01-09,Transaction at Rapido,Transferencia,1837.58,0,Transport
20795.01,5688.19,MEDIA,60,240.29,Egreso,2025-06-18,Transaction at Booking.com,Transferencia,3098.91,0,Travel
32368.08,4533.66,BAJA,43,1404.26,Egreso,2025-08-28,Transaction at PharmEasy,Credito,10129.39,1,Healthcare
30177.9,3910.57,BAJA,63,781.71,Egreso,2025-02-21,Transaction at Zara,Transferencia,1376.3,0,Clothing
43280.1,5892.88,BAJA,94,1672.79,Egreso,2025-07-09,Transaction at Airtel,Credito,442.96,9,Bills
26186.16,7476.7,MEDIA,12,1196.07,Egreso,2025-05-17,Transaction at Star Bazaar,Transferencia,2377.25,0,Grocery
11285.03,4135.47,ALTA,44,1496.12,Egreso,2025-08-02,Transaction at IndiGo,Transferencia,9702.17,0,Travel
25320.81,5668.61,ALTA,3,785.29,Egreso,2025-03-18,Transaction at Jio Fiber,Credito,4919.21,6,Bills
21458.42,7914.78,ALTA,96,657.04,Egreso,2025-03-17,Transaction at Amazon Prime,Transferencia,739.18,0,Entertainment
43298.15,7388.92,BAJA,49,114.54,Egreso,2025-04-21,Transaction at Burger King,Transferencia,242.09,0,Food
12939.63,1996.67,MEDIA,24,782.74,Egreso,2025-08-23,Transaction at Myntra,Debito,2991.11,0,Online Shopping
19281.18,8806.18,ALTA,13,1770.32,Egreso,2025-08-08,Transaction at Pepperfry,Transferencia,11826.44,0,Online Shopping
29493.01,4528.29,MEDIA,93,1472.7,Egreso,2025-12-10,Transaction at A2B,Transferencia,1386.13,0,Food
26399.38,5151.96,BAJA,23,121.99,Egreso,2025-04-26,Transaction at Apollo Pharmacy,Credito,2891.65,4,Healthcare
42307.82,7660.53,MEDIA,95,1847.93,Egreso,2025-10-13,Transaction at Dominos,Credito,1249.18,4,Food
25343.76,8440.83,ALTA,58,1381.72,Egreso,2025-08-04,Transaction at More Supermarket,Transferencia,534.64,0,Grocery
11715.95,8564.28,ALTA,15,1780.91,Egreso,2025-12-11,Transaction at A2B,Transferencia,1005.65,0,Food
31660.56,6866.71,BAJA,71,971.58,Egreso,2025-12-23,Transaction at SonyLiv,Transferencia,691.29,0,Entertainment
47170.43,9485.27,ALTA,99,702.45,Egreso,2025-12-08,Transaction at Woodland,Credito,3076.37,7,Clothing
25305.32,2964.59,NULA,83,1947.75,Egreso,2025-05-08,Transaction at Nilgiris,Transferencia,4383.89,0,Grocery
25727.82,1573.58,BAJA,74,1684.77,Egreso,2025-05-25,Transaction at Apollo Hospital,Transferencia,739.48,0,Healthcare
5194.46,4122.24,MEDIA,9,641.64,Egreso,2025-07-01,Transaction at BSNL,Credito,5547.68,2,Bills
48574.45,4407.48,NULA,2,140.31,Egreso,2025-12-04,Transaction at US Polo,Transferencia,1175.37,0,Clothing
11395.64,5904.17,NULA,5,1872.77,Egreso,2025-03-18,Transaction at BSNL,Credito,4488.51,9,Bills
7612.27,5989.46,BAJA,99,694.31,Egreso,2025-09-19,Transaction at Nilgiris,Credito,2133.83,11,Grocery
6177.29,5710.38,BAJA,30,767.58,Egreso,2025-03-17,Transaction at Croma,Debito,16594.0,0,Electronics
21893.47,9905.88,BAJA,54,1896.04,Egreso,2025-02-24,Transaction at CCD,Credito,643.22,10,Food
42577.56,1886.66,MEDIA,15,1468.46,Egreso,2025-09-18,Transaction at Water Board,Transferencia,627.92,0,Bills
38682.27,3206.68,BAJA,12,1109.61,Egreso,2025-05-08,Transaction at Amazon Prime,Transferencia,829.98,0,Entertainment
45476.16,9092.66,NULA,54,1157.23,Egreso,2025-10-24,Transaction at BigBazaar,Transferencia,2917.59,0,Grocery
37954.58,1251.98,MEDIA,63,477.31,Egreso,2025-07-03,Transaction at Apple Store,Credito,72953.28,2,Electronics
36487.99,9927.9,NULA,4,1942.08,Egreso,2025-05-08,Transaction at Nykaa,Transferencia,7942.89,0,Online Shopping
30159.27,5626.17,NULA,59,1098.62,Egreso,2025-05-22,Transaction at Flipkart,Credito,16727.62,4,Online Shopping
5316.31,1496.79,ALTA,81,770.22,Egreso,2025-08-20,Transaction at Tata Cliq,Credito,8421.88,7,Online Shopping
41386.84,9764.89,MEDIA,85,1115.34,Egreso,2025-02-17,Transaction at DMart,Transferencia,2066.03,0,Grocery
11937.61,2571.27,MEDIA,16,984.31,Egreso,2025-08-06,Transaction at Air India,Transferencia,20469.36,0,Travel
5663.95,2798.04,BAJA,33,711.65,Egreso,2025-11-10,Transaction at DMart,Debito,789.55,0,Grocery
29652.24,4943.35,MEDIA,22,1602.78,Egreso,2025-05-06,Transaction at MakeMyTrip,Debito,21463.0,0,Travel
40949.6,5974.56,NULA,87,238.55,Egreso,2025-12-01,Transaction at Taco Bell,Debito,522.86,0,Food
39019.91,4713.64,MEDIA,64,349.11,Egreso,2025-03-12,Transaction at Taco Bell,Credito,1104.21,4,Food
47698.66,5988.74,ALTA,12,1810.36,Egreso,2025-03-20,Transaction at SonyLiv,Debito,426.4,0,Entertainment
20668.22,2326.99,BAJA,68,1906.76,Egreso,2025-12-02,Transaction at McDonalds,Transferencia,498.78,0,Food
19304.05,2232.59,NULA,49,926.5,Egreso,2025-11-21,Transaction at IRCTC,Debito,25964.97,0,Travel
34728.42,2345.66,MEDIA,78,238.58,Egreso,2025-12-11,Transaction at Airtel,Transferencia,5553.49,0,Bills
23292.57,4435.38,NULA,9,1673.98,Egreso,2025-01-06,Transaction at Croma,Debito,91112.19,0,Electronics
30219.84,2089.77,NULA,65,1309.87,Egreso,2025-01-16,Transaction at OYO,Credito,2990.68,7,Travel
37508.95,3097.39,NULA,61,946.74,Egreso,2025-07-22,Transaction at Apple Music,Debito,631.37,0,Entertainment
45088.88,6435.13,NULA,44,1039.46,Egreso,2025-10-27,Transaction at Amazon,Debito,11880.24,0,Online Shopping
10597.2,4489.65,ALTA,76,1624.79,Egreso,2025-01-29,Transaction at Ajio,Debito,4404.16,0,Online Shopping
8621.9,1424.17,BAJA,11,172.47,Egreso,2025-05-28,Transaction at Cream Stone,Transferencia,328.01,0,Food
10360.35,6373.3,ALTA,57,799.19,Egreso,2025-04-02,Transaction at Aha,Transferencia,138.13,0,Entertainment
47317.82,2266.62,NULA,67,1543.08,Egreso,2025-12-11,Transaction at Ajio,Debito,5260.41,0,Online Shopping
24604.59,1618.3,MEDIA,89,1683.17,Egreso,2025-09-21,Transaction at Nykaa,Transferencia,3257.94,0,Online Shopping
45334.59,3385.8,ALTA,58,149.71,Egreso,2025-09-20,Transaction at Property Tax Online,Transferencia,2324.43,0,Bills
12606.66,7742.65,NULA,17,1369.86,Egreso,2025-02-21,Transaction at Lenskart,Transferencia,16971.6,0,Online Shopping
34083.32,3861.61,MEDIA,33,1226.12,Egreso,2025-05-19,Transaction at Subway,Debito,1222.84,0,Food
6823.25,6071.33,NULA,22,1760.83,Egreso,2025-08-09,Transaction at Apple Music,Credito,499.41,10,Entertainment
5057.76,1780.6,BAJA,27,1188.12,Egreso,2025-10-04,Transaction at Nilgiris,Credito,718.71,2,Grocery
30123.41,7395.45,NULA,17,162.46,Egreso,2025-03-30,Transaction at Pepperfry,Debito,5690.16,0,Online Shopping
45924.55,2924.48,BAJA,71,1984.72,Egreso,2025-07-18,Transaction at Pizza Hut,Transferencia,297.58,0,Food
24767.73,2519.81,BAJA,89,1010.51,Egreso,2025-12-23,Transaction at Yulu Bikes,Credito,827.96,11,Transport
25432.37,9777.65,ALTA,63,291.01,Egreso,2025-01-27,Transaction at JioMart,Transferencia,1462.23,0,Grocery
36607.53,4027.55,MEDIA,94,538.81,Egreso,2025-04-17,Transaction at JioMart,Credito,3778.41,3,Grocery
12349.83,5842.9,ALTA,56,1143.4,Egreso,2025-12-28,Transaction at TNEB,Debito,4438.48,0,Bills
5318.97,9697.78,MEDIA,52,1284.71,Egreso,2025-08-27,Transaction at Booking.com,Transferencia,24831.54,0,Travel
40282.1,1759.11,MEDIA,6,858.39,Egreso,2025-10-10,Transaction at JioMart,Transferencia,3115.42,0,Grocery
44998.68,3315.31,MEDIA,18,1299.34,Egreso,2025-03-09,Transaction at Vivo Store,Transferencia,63376.59,0,Electronics
43004.61,2210.98,BAJA,34,380.72,Egreso,2025-05-01,Transaction at Snapdeal,Transferencia,18832.83,0,Online Shopping
10329.95,5593.68,MEDIA,81,1989.55,Egreso,2025-08-12,Transaction at Vivo Store,Debito,99170.46,0,Electronics
23477.21,6629.41,BAJA,40,270.14,Egreso,2025-07-19,Transaction at H&M,Transferencia,3782.01,0,Clothing
27389.21,6732.33,NULA,41,513.31,Egreso,2025-01-09,Transaction at Pepperfry,Transferencia,3701.78,0,Online Shopping
17895.43,3427.78,BAJA,45,1666.36,Egreso,2025-06-21,Transaction at Netmeds,Transferencia,19357.71,0,Healthcare
38709.4,7823.12,BAJA,65,1374.66,Egreso,2025-11-03,Transaction at Burger King,Credito,212.43,10,Food
10055.75,1372.44,MEDIA,94,1133.12,Egreso,2025-03-10,Transaction at TSRTC,Transferencia,751.02,0,Transport
16858.72,3920.49,ALTA,4,599.13,Egreso,2025-04-15,Transaction at Boat Lifestyle,Credito,68623.3,3,Electronics
23036.34,1551.54,BAJA,56,459.13,Egreso,2025-11-16,Transaction at Pantaloons,Transferencia,5357.58,0,Clothing
13107.51,3163.6,MEDIA,67,1250.04,Egreso,2025-12-27,Transaction at Saravana Bhavan,Credito,483.23,4,Food
16433.1,4392.98,NULA,14,1608.01,Egreso,2025-06-09,Transaction at Flipkart,Credito,4825.61,1,Online Shopping
17712.01,4187.51,MEDIA,46,1888.81,Egreso,2025-03-05,Transaction at Nilgiris,Credito,4807.08,5,Grocery
33397.49,4169.51,MEDIA,63,1271.71,Egreso,2025-10-04,Transaction at Tata Cliq,Debito,11378.25,0,Online Shopping
12485.69,8149.37,MEDIA,93,1853.58,Egreso,2025-05-18,Transaction at Airtel,Transferencia,969.68,0,Bills
34661.45,2582.09,ALTA,63,1836.68,Egreso,2025-08-07,Transaction at Burger King,Transferencia,512.89,0,Food
19007.13,9979.94,MEDIA,20,841.51,Egreso,2025-12-26,Transaction at PharmEasy,Credito,1171.38,10,Healthcare
16674.72,6488.65,BAJA,29,1906.64,Egreso,2025-11-10,Transaction at Pepperfry,Transferencia,18994.29,0,Online Shopping
48487.65,2069.25,ALTA,29,1714.34,Egreso,2025-02-17,Transaction at Samsung Store,Credito,70919.57,2,Electronics
29541.67,9780.84,ALTA,11,570.12,Egreso,2025-08-12,Transaction at Dominos,Transferencia,659.55,0,Food
24258.3,9481.01,ALTA,60,1350.07,Egreso,2025-12-04,Transaction at Zee5,Transferencia,603.26,0,Entertainment
48378.93,4064.54,MEDIA,98,1455.21,Egreso,2025-12-19,Transaction at OYO,Transferencia,5912.56,0,Travel
41342.89,3043.92,BAJA,39,1302.21,Egreso,2025-10-25,Transaction at Saravana Bhavan,Transferencia,1336.94,0,Food
32325.47,7553.37,NULA,68,843.67,Egreso,2025-10-12,Transaction at Allen Solly,Transferencia,3047.62,0,Clothing
6374.71,7750.81,BAJA,2,847.03,Egreso,2025-08-26,Transaction at IndiGo,Credito,3983.34,7,Travel
15625.77,3089.28,MEDIA,20,1115.81,Egreso,2025-02-03,Transaction at ACT Fibernet,Credito,3168.23,5,Bills
46658.77,9061.46,NULA,29,1259.83,Egreso,2025-07-14,Transaction at HP World,Transferencia,108452.24,0,Electronics
16959.57,7158.11,ALTA,41,1333.81,Egreso,2025-01-31,Transaction at Yulu Bikes,Debito,1727.78,0,Transport
43365.32,1275.44,NULA,93,955.17,Egreso,2025-03-03,Transaction at BMTC,Transferencia,275.5,0,Transport
46321.61,7432.79,NULA,64,351.17,Egreso,2025-12-27,Transaction at More Supermarket,Debito,857.34,0,Grocery
20745.9,4339.59,MEDIA,41,510.93,Egreso,2025-06-09,Transaction at Dominos,Debito,1236.4,0,Food
41533.03,1664.91,NULA,35,1491.43,Egreso,2025-12-23,Transaction at Rapido,Credito,649.59,11,Transport
31555.7,6903.32,MEDIA,35,1230.22,Egreso,2025-11-25,Transaction at Pepperfry,Credito,19791.74,6,Online Shopping
32750.43,3293.63,ALTA,89,1475.29,Egreso,2025-10-25,Transaction at AirAsia,Transferencia,29817.3,0,Travel
19993.78,9573.15,MEDIA,12,611.08,Egreso,2025-06-14,Transaction at SonyLiv,Transferencia,155.59,0,Entertainment
10678.72,8485.91,MEDIA,10,1453.47,Egreso,2025-08-05,Transaction at CloudNine,Debito,13087.49,0,Healthcare
49760.31,1757.4,MEDIA,54,822.17,Egreso,2025-02-18,Transaction at Reliance Fresh,Transferencia,4718.87,0,Grocery
5553.82,7435.98,ALTA,15,1217.9,Egreso,2025-03-14,Transaction at MakeMyTrip,Debito,10106.87,0,Travel
18892.61,5465.7,NULA,53,1274.79,Egreso,2025-01-08,Transaction at Biba,Transferencia,5125.54,0,Clothing
33703.07,4260.24,NULA,22,1915.56,Egreso,2025-06-11,Transaction at More Supermarket,Transferencia,2111.08,0,Grocery
43235.99,8822.94,MEDIA,87,1979.47,Egreso,2025-11-22,Transaction at Adidas,Transferencia,5570.73,0,Clothing
47940.19,8172.38,BAJA,59,593.09,Egreso,2025-02-04,Transaction at IndiGo,Transferencia,25679.52,0,Travel
14805.21,1498.9,BAJA,6,278.32,Egreso,2025-01-29,Transaction at BSNL,Transferencia,613.3,0,Bills
49258.38,6581.46,NULA,52,1201.58,Egreso,2025-09-26,Transaction at Hotstar,Transferencia,957.14,0,Entertainment
20730.66,8421.57,ALTA,13,1801.39,Egreso,2025-09-02,Transaction at Myntra,Transferencia,7073.38,0,Online Shopping
44870.93,5838.68,NULA,71,344.27,Egreso,2025-10-07,Transaction at Yulu Bikes,Credito,391.78,9,Transport
5732.1,5283.64,NULA,27,1094.97,Egreso,2025-04-23,Transaction at Apollo Hospital,Debito,15832.68,0,Healthcare
24501.2,2041.06,MEDIA,31,1488.24,Egreso,2025-11-11,Transaction at Aha,Debito,99.83,0,Entertainment
48269.78,8224.52,MEDIA,30,513.07,Egreso,2025-12-27,Transaction at Gaana,Debito,616.47,0,Entertainment
45395.29,9391.05,BAJA,70,1104.47,Egreso,2025-03-01,Transaction at BigBazaar,Debito,4644.64,0,Grocery
18444.06,5545.46,ALTA,18,890.22,Egreso,2025-09-25,Transaction at Vodafone Idea,Debito,2179.98,0,Bills
12009.12,8003.29,BAJA,71,1784.64,Egreso,2025-02-26,Transaction at Amazon Prime,Credito,501.86,4,Entertainment
49713.77,9256.74,MEDIA,42,1251.88,Egreso,2025-07-01,Transaction at Snapdeal,Transferencia,11676.07,0,Online Shopping
14174.18,8162.51,NULA,10,1858.38,Egreso,2025-05-27,Transaction at Vistara,Credito,11372.87,6,Travel
47613.57,5220.66,MEDIA,84,447.42,Egreso,2025-03-20,Transaction at Ajio,Credito,16290.41,4,Online Shopping
32622.2,4059.72,NULA,15,1289.28,Egreso,2025-01-19,Transaction at Meru Cabs,Debito,918.39,0,Transport
21867.23,6675.76,ALTA,87,382.98,Egreso,2025-06-05,Transaction at Amazon Prime,Transferencia,927.43,0,Entertainment
15782.86,7290.06,MEDIA,96,1311.84,Egreso,2025-04-30,Transaction at IndiGo,Transferencia,4190.37,0,Travel
32056.88,9534.35,BAJA,30,354.48,Egreso,2025-05-23,Transaction at Meesho,Debito,669.3,0,Online Shopping
27615.98,9424.33,NULA,25,1266.7,Egreso,2025-07-02,Transaction at Amazon Prime,Debito,750.88,0,Entertainment
34782.98,3969.22,MEDIA,19,523.09,Egreso,2025-09-21,Transaction at YouTube Premium,Credito,180.49,8,Entertainment
38309.5,3477.66,ALTA,90,1969.91,Egreso,2025-01-17,Transaction at PharmEasy,Transferencia,8062.42,0,Healthcare
6568.97,4950.92,ALTA,24,620.65,Egreso,2025-09-21,Transaction at Flipkart,Transferencia,3324.83,0,Online Shopping
31432.24,2578.84,MEDIA,53,1994.08,Egreso,2025-10-29,Transaction at Taco Bell,Credito,633.56,9,Food
32560.1,1150.12,BAJA,25,912.85,Egreso,2025-09-09,Transaction at Yatra,Credito,1308.81,2,Travel
29043.76,9918.45,ALTA,88,1922.11,Egreso,2025-12-26,Transaction at Netmeds,Credito,4422.02,2,Healthcare
31523.21,9919.87,BAJA,73,1348.66,Egreso,2025-06-02,Transaction at Nature's Basket,Transferencia,2644.27,0,Grocery
40076.17,6950.85,NULA,10,514.0,Egreso,2025-11-08,Transaction at AirAsia,Credito,19294.43,4,Travel
40108.21,9968.51,BAJA,51,1053.65,Egreso,2025-06-17,Transaction at Saravana Bhavan,Debito,242.0,0,Food
10185.26,1274.19,NULA,98,481.31,Egreso,2025-05-26,Transaction at Subway,Debito,1109.76,0,Food
15705.5,3368.63,BAJA,87,1257.99,Egreso,2025-01-27,Transaction at IndiGo,Credito,4228.14,5,Travel
36295.58,7153.9,BAJA,19,578.33,Egreso,2025-09-24,Transaction at Mi Store,Transferencia,142587.66,0,Electronics
38715.15,6558.82,ALTA,64,562.18,Egreso,2025-09-22,Transaction at Adidas,Transferencia,3705.34,0,Clothing
37606.0,9078.21,MEDIA,75,1493.04,Egreso,2025-07-23,Transaction at SonyLiv,Transferencia,151.86,0,Entertainment
34054.54,2505.37,NULA,87,587.79,Egreso,2025-11-06,Transaction at Flipkart,Transferencia,10972.07,0,Online Shopping
42928.12,4705.81,NULA,73,1220.5,Egreso,2025-11-30,Transaction at RedBus,Transferencia,470.1,0,Transport
26350.28,5641.77,BAJA,60,177.25,Egreso,2025-04-26,Transaction at MedPlus,Debito,13032.47,0,Healthcare
39299.08,5654.17,MEDIA,86,1339.98,Egreso,2025-11-01,Transaction at YouTube Premium,Credito,758.92,10,Entertainment
10577.8,7696.49,ALTA,63,679.05,Egreso,2025-05-29,Transaction at Tata Cliq,Credito,14037.3,7,Online Shopping
9853.66,4585.4,ALTA,57,1584.16,Egreso,2025-01-02,Transaction at IndiGo,Transferencia,1310.56,0,Travel
47922.78,7090.48,BAJA,16,880.02,Egreso,2025-03-31,Transaction at Pepperfry,Debito,13619.07,0,Online Shopping
44186.02,7116.36,BAJA,29,1296.09,Egreso,2025-11-23,Transaction at TSRTC,Debito,911.19,0,Transport
33657.95,9922.47,ALTA,85,372.42,Egreso,2025-10-01,Transaction at Myntra,Credito,4060.4,5,Online Shopping
43240.9,4726.15,BAJA,45,337.05,Egreso,2025-07-24,Transaction at AirAsia,Transferencia,14670.27,0,Travel
38773.76,4538.3,NULA,21,1823.19,Egreso,2025-09-16,Transaction at Levis,Credito,6362.18,9,Clothing
18330.01,6306.96,BAJA,93,1680.71,Egreso,2025-08-09,Transaction at RedBus,Credito,1726.39,11,Transport
29111.39,5697.24,NULA,82,1894.25,Egreso,2025-06-09,Transaction at PharmEasy,Transferencia,1503.4,0,Healthcare
27684.88,4332.92,MEDIA,65,1965.74,Egreso,2025-10-19,Transaction at Pantaloons,Transferencia,4013.75,0,Clothing
30097.67,7880.8,NULA,82,333.08,Egreso,2025-10-31,Transaction at Amazon Prime,Credito,948.58,7,Entertainment
22975.75,5354.27,MEDIA,73,1265.3,Egreso,2025-01-28,Transaction at MakeMyTrip,Credito,18182.37,2,Travel
38134.92,8360.26,BAJA,78,1083.78,Egreso,2025-12-13,Transaction at Nature's Basket,Transferencia,3951.44,0,Grocery
47516.28,5760.75,MEDIA,2,204.88,Egreso,2025-08-22,Transaction at Netflix,Credito,318.35,1,Entertainment
17058.73,3004.68,BAJA,12,1730.12,Egreso,2025-06-11,Transaction at RedBus,Credito,1337.91,1,Transport
48514.33,8998.38,NULA,12,1801.41,Egreso,2025-07-25,Transaction at Netflix,Credito,411.54,8,Entertainment
47776.15,8239.48,BAJA,83,1504.67,Egreso,2025-07-16,Transaction at Dominos,Debito,1173.15,0,Food
46652.8,2012.54,BAJA,93,141.79,Egreso,2025-01-07,Transaction at 1mg,Credito,5915.31,1,Healthcare
7882.81,1714.77,MEDIA,92,962.57,Egreso,2025-09-25,Transaction at RedBus,Credito,647.8,11,Transport
37155.74,7175.74,MEDIA,46,557.27,Egreso,2025-03-01,Transaction at KFC,Debito,1391.99,0,Food
11530.29,4526.43,ALTA,55,159.95,Egreso,2025-06-16,Transaction at KFC,Credito,716.57,11,Food
9107.7,8180.19,MEDIA,13,959.16,Egreso,2025-06-23,Transaction at Asus Store,Credito,51012.52,5,Electronics
37323.44,4415.08,ALTA,42,826.35,Egreso,2025-06-23,Transaction at CCD,Credito,647.45,4,Food
31941.56,8970.61,NULA,18,624.37,Egreso,2025-03-24,Transaction at Tata Cliq,Credito,1790.8,6,Online Shopping
15159.47,3192.42,BAJA,71,1723.9,Egreso,2025-12-28,Transaction at IRCTC,Transferencia,11938.91,0,Travel
18312.24,2110.59,ALTA,4,1536.7,Egreso,2025-09-04,Transaction at A2B,Credito,923.34,4,Food
38044.31,4433.2,NULA,60,1745.68,Egreso,2025-07-19,Transaction at BSNL,Transferencia,2466.57,0,Bills
14816.92,5716.91,BAJA,39,854.38,Egreso,2025-08-01,Transaction at MakeMyTrip,Debito,711.42,0,Travel
10784.61,8448.48,MEDIA,99,531.64,Egreso,2025-07-12,Transaction at Gas Agency,Transferencia,3114.58,0,Bills
5895.66,4592.73,MEDIA,82,1951.69,Egreso,2025-10-30,Transaction at Nykaa,Transferencia,5289.31,0,Online Shopping
25403.58,1939.27,MEDIA,62,357.2,Egreso,2025-12-14,Transaction at Aha,Transferencia,575.62,0,Entertainment
32319.63,1188.57,BAJA,58,1798.74,Egreso,2025-03-01,Transaction at Star Bazaar,Debito,2596.25,0,Grocery
16894.74,1803.55,NULA,52,1877.33,Egreso,2025-05-23,Transaction at Apple Music,Transferencia,463.83,0,Entertainment
33073.24,2923.1,MEDIA,90,1179.25,Egreso,2025-02-26,Transaction at Zara,Transferencia,7724.55,0,Clothing
15184.57,3185.77,NULA,2,460.6,Egreso,2025-08-10,Transaction at Yulu Bikes,Transferencia,497.37,0,Transport
10661.37,3846.69,NULA,26,1632.32,Egreso,2025-12-08,Transaction at A2B,Transferencia,533.28,0,Food
39938.96,3739.32,MEDIA,0,336.21,Egreso,2025-04-22,Transaction at TNEB,Debito,3094.6,0,Bills
27496.42,5539.43,BAJA,67,1353.8,Egreso,2025-01-16,Transaction at Amazon,Debito,16163.41,0,Online Shopping
49232.21,1138.36,ALTA,94,1610.78,Egreso,2025-03-08,Transaction at IRCTC,Transferencia,28156.44,0,Travel
26039.63,6519.33,BAJA,71,742.06,Egreso,2025-06-12,Transaction at Uber,Transferencia,858.21,0,Transport
21780.4,1154.29,MEDIA,24,894.54,Egreso,2025-07-25,Transaction at Boat Lifestyle,Credito,41879.08,5,Electronics
26296.35,4933.07,BAJA,99,920.5,Egreso,2025-04-29,Transaction at Apollo Pharmacy,Credito,17508.96,10,Healthcare
40639.34,1601.39,NULA,26,445.36,Egreso,2025-02-28,Transaction at Dell Exclusive,Credito,44535.67,5,Electronics
19316.59,2659.34,BAJA,10,1663.01,Egreso,2025-06-12,Transaction at Burger King,Credito,1482.48,4,Food
49036.66,8029.51,BAJA,81,238.38,Egreso,2025-12-08,Transaction at Apollo Pharmacy,Transferencia,5179.58,0,Healthcare
35454.62,7057.82,NULA,63,299.27,Egreso,2025-05-15,Transaction at JioMart,Credito,3888.14,10,Grocery
17335.13,8055.47,BAJA,39,774.54,Egreso,2025-06-30,Transaction at Taco Bell,Credito,485.5,5,Food
16161.73,3729.8,ALTA,8,1158.72,Egreso,2025-03-12,Transaction at MakeMyTrip,Transferencia,17031.73,0,Travel
43978.19,1949.89,BAJA,55,460.57,Egreso,2025-07-16,Transaction at Reliance Fresh,Debito,3531.18,0,Grocery
6580.93,3980.95,ALTA,84,645.17,Egreso,2025-04-20,Transaction at TNEB,Debito,5773.77,0,Bills
26339.73,7272.43,NULA,6,737.12,Egreso,2025-09-09,Transaction at Yatra,Transferencia,15370.31,0,Travel
5029.82,3587.82,NULA,6,1154.48,Egreso,2025-03-20,Transaction at Max Fashion,Transferencia,7865.01,0,Clothing
24305.34,8022.56,NULA,4,788.55,Egreso,2025-03-07,Transaction at Gaana,Transferencia,771.64,0,Entertainment
24011.29,4489.09,MEDIA,56,1872.86,Egreso,2025-11-13,Transaction at Croma,Transferencia,86050.58,0,Electronics
42172.16,2919.14,NULA,13,1513.43,Egreso,2025-07-26,Transaction at Vodafone Idea,Transferencia,2488.2,0,Bills
37719.19,2311.18,BAJA,27,1050.45,Egreso,2025-02-05,Transaction at Nykaa,Transferencia,15289.18,0,Online Shopping
18869.12,2911.5,BAJA,74,1001.46,Egreso,2025-07-27,Transaction at Aster,Transferencia,14374.2,0,Healthcare
28908.1,9330.49,ALTA,77,419.92,Egreso,2025-08-20,Transaction at TSRTC,Transferencia,552.84,0,Transport
9187.14,1138.16,NULA,15,1545.2,Egreso,2025-02-28,Transaction at Subway,Debito,584.77,0,Food
28151.23,3722.0,MEDIA,8,1141.41,Egreso,2025-08-24,Transaction at Biba,Credito,3984.7,10,Clothing
32492.57,9326.35,BAJA,46,1109.37,Egreso,2025-09-18,Transaction at Barbeque Nation,Transferencia,225.83,0,Food
27511.1,6470.32,ALTA,79,677.61,Egreso,2025-03-05,Transaction at Lenskart,Transferencia,12167.39,0,Online Shopping
21995.62,2026.08,NULA,65,929.18,Egreso,2025-07-08,Transaction at 1mg,Credito,4706.32,9,Healthcare
9575.27,2793.96,BAJA,22,217.93,Egreso,2025-12-10,Transaction at Apollo Hospital,Transferencia,4280.45,0,Healthcare
17425.08,6334.62,NULA,97,671.42,Egreso,2025-05-31,Transaction at CloudNine,Credito,13688.77,7,Healthcare
43875.86,2903.69,BAJA,61,736.55,Egreso,2025-12-20,Transaction at YouTube Premium,Debito,952.79,0,Entertainment
18196.75,2436.48,MEDIA,26,1489.3,Egreso,2025-12-15,Transaction at Vivo Store,Credito,114052.4,7,Electronics
46416.36,2213.86,ALTA,45,811.04,Egreso,2025-08-29,Transaction at Fortis,Transferencia,16563.55,0,Healthcare
15371.4,7246.64,BAJA,8,1860.33,Egreso,2025-10-03,Transaction at BMTC,Credito,341.51,10,Transport
18895.69,7381.7,ALTA,77,1764.39,Egreso,2025-02-23,Transaction at Metro Rail,Debito,1380.2,0,Transport
17782.62,7596.5,MEDIA,76,396.04,Egreso,2025-10-20,Transaction at SonyLiv,Credito,454.06,9,Entertainment
48939.48,8124.08,ALTA,46,857.87,Egreso,2025-06-07,Transaction at Apple Music,Transferencia,864.11,0,Entertainment
17589.99,9986.7,MEDIA,54,1553.87,Egreso,2025-08-12,Transaction at Woodland,Debito,6462.69,0,Clothing
34959.67,5524.13,BAJA,93,1449.42,Egreso,2025-12-19,Transaction at AirAsia,Transferencia,27975.54,0,Travel
6831.33,5433.79,BAJA,7,1950.78,Egreso,2025-02-10,Transaction at Airtel,Credito,2083.94,5,Bills
32290.36,9976.07,MEDIA,38,1137.19,Egreso,2025-10-10,Transaction at Rapido,Transferencia,1659.59,0,Transport
31646.0,1311.87,NULA,56,785.59,Egreso,2025-10-09,Transaction at Netmeds,Transferencia,14081.65,0,Healthcare
21172.05,2385.85,ALTA,84,805.19,Egreso,2025-12-30,Transaction at Max Fashion,Transferencia,7719.07,0,Clothing
6426.7,8781.33,ALTA,79,171.96,Egreso,2025-12-21,Transaction at Gaana,Transferencia,514.7,0,Entertainment
43852.64,3020.72,BAJA,9,340.17,Egreso,2025-07-02,Transaction at AirAsia,Transferencia,25965.32,0,Travel
29015.39,1976.65,NULA,28,1895.7,Egreso,2025-12-09,Transaction at Hotstar,Credito,331.5,3,Entertainment
7926.61,9251.6,NULA,80,1308.71,Egreso,2025-02-17,Transaction at MedPlus,Debito,9109.9,0,Healthcare
40883.45,3592.91,NULA,36,898.27,Egreso,2025-07-03,Transaction at Vodafone Idea,Credito,1980.93,3,Bills
16735.1,3924.52,NULA,77,1560.67,Egreso,2025-12-29,Transaction at Asus Store,Debito,28844.76,0,Electronics
6454.48,9531.9,MEDIA,97,1948.83,Egreso,2025-02-20,Transaction at CCD,Transferencia,1216.66,0,Food
46135.0,4678.96,BAJA,66,1725.07,Egreso,2025-11-14,Transaction at Tata Cliq,Transferencia,12249.5,0,Online Shopping
15396.85,5465.85,BAJA,13,1171.68,Egreso,2025-02-22,Transaction at IRCTC,Debito,28407.42,0,Travel
26440.41,8410.31,MEDIA,73,1077.26,Egreso,2025-05-27,Transaction at A2B,Debito,430.59,0,Food
17480.23,9924.56,BAJA,22,1257.27,Egreso,2025-03-10,Transaction at Boat Lifestyle,Transferencia,72988.29,0,Electronics
21726.51,2718.98,BAJA,65,524.6,Egreso,2025-02-06,Transaction at Ola,Transferencia,237.18,0,Transport
19728.81,7644.33,ALTA,29,1055.05,Egreso,2025-04-06,Transaction at Netflix,Debito,307.22,0,Entertainment
5350.78,3454.32,ALTA,69,965.25,Egreso,2025-10-17,Transaction at Pepperfry,Debito,6589.03,0,Online Shopping
32117.68,9387.9,MEDIA,52,1906.83,Egreso,2025-02-12,Transaction at Starbucks,Debito,733.84,0,Food
23169.9,6696.55,BAJA,24,440.67,Egreso,2025-06-16,Transaction at Flipkart,Transferencia,13686.78,0,Online Shopping
20151.84,7346.69,ALTA,65,818.24,Egreso,2025-05-08,Transaction at Apollo Pharmacy,Transferencia,3853.02,0,Healthcare
22000.1,6504.29,MEDIA,42,644.05,Egreso,2025-12-16,Transaction at Starbucks,Debito,1342.17,0,Food
15215.57,5542.85,BAJA,38,1076.43,Egreso,2025-05-18,Transaction at Pizza Hut,Transferencia,675.19,0,Food
40310.3,9571.94,NULA,49,1189.97,Egreso,2025-05-20,Transaction at Water Board,Credito,4197.89,2,Bills
48534.73,6589.95,ALTA,57,1719.47,Egreso,2025-03-12,Transaction at RedBus,Transferencia,1044.41,0,Transport
7889.54,9683.61,ALTA,77,1603.83,Egreso,2025-10-19,Transaction at A2B,Credito,376.89,4,Food
41775.78,7575.73,ALTA,3,814.19,Egreso,2025-07-24,Transaction at Gas Agency,Transferencia,3522.02,0,Bills
23216.91,2756.62,BAJA,97,439.4,Egreso,2025-01-24,Transaction at Flipkart,Debito,19236.46,0,Online Shopping
35602.23,1641.7,BAJA,46,437.5,Egreso,2025-01-01,Transaction at Aha,Transferencia,241.25,0,Entertainment
7377.56,3943.33,BAJA,77,1836.58,Egreso,2025-03-12,Transaction at Metro Rail,Debito,908.94,0,Transport
17463.79,6703.03,MEDIA,15,1005.16,Egreso,2025-10-14,Transaction at Fortis,Credito,10531.94,11,Healthcare
12325.63,9261.94,BAJA,20,484.3,Egreso,2025-12-08,Transaction at Jio Fiber,Credito,243.95,6,Bills
36842.85,1296.81,NULA,23,1860.55,Egreso,2025-01-29,Transaction at Meru Cabs,Credito,1981.27,7,Transport
20979.07,9970.42,MEDIA,59,472.05,Egreso,2025-05-02,Transaction at MedPlus,Transferencia,12835.69,0,Healthcare
7982.55,6602.46,MEDIA,25,1339.0,Egreso,2025-02-19,Transaction at BSNL,Transferencia,3019.68,0,Bills
23997.83,2931.24,NULA,30,311.85,Egreso,2025-08-27,Transaction at Taco Bell,Transferencia,754.31,0,Food
24171.18,7127.36,BAJA,11,1031.69,Egreso,2025-05-26,Transaction at H&M,Credito,2357.37,5,Clothing
40185.04,1182.28,BAJA,8,1949.71,Egreso,2025-04-13,Transaction at US Polo,Debito,3734.99,0,Clothing
44895.87,8840.77,BAJA,54,981.94,Egreso,2025-12-31,Transaction at Spotify,Transferencia,103.51,0,Entertainment
5990.66,3638.56,ALTA,0,247.99,Egreso,2025-03-10,Transaction at Cream Stone,Transferencia,497.17,0,Food
16794.23,5064.24,NULA,84,1085.5,Egreso,2025-07-04,Transaction at Apollo Pharmacy,Credito,16457.98,5,Healthcare
17722.6,8508.11,NULA,6,1663.17,Egreso,2025-07-21,Transaction at JioMart,Transferencia,2272.22,0,Grocery
20990.1,9450.09,NULA,56,938.11,Egreso,2025-04-28,Transaction at Levis,Credito,1619.54,9,Clothing
44482.94,7129.37,ALTA,23,461.58,Egreso,2025-02-10,Transaction at Ola,Credito,481.64,8,Transport
10864.94,7288.98,BAJA,86,1607.93,Egreso,2025-06-15,Transaction at CCD,Transferencia,1347.75,0,Food
36854.34,3848.29,BAJA,32,894.23,Egreso,2025-09-19,Transaction at YouTube Premium,Credito,915.46,11,Entertainment
15630.99,9642.28,BAJA,53,1829.11,Egreso,2025-08-07,Transaction at Woodland,Credito,5579.89,5,Clothing
39940.32,1543.69,NULA,9,1229.28,Egreso,2025-11-18,Transaction at RedBus,Transferencia,433.62,0,Transport
37618.54,5981.4,MEDIA,54,1128.04,Egreso,2025-08-20,Transaction at Tata Cliq,Debito,11302.02,0,Online Shopping
48374.51,9182.47,NULA,69,1545.81,Egreso,2025-02-06,Transaction at Myntra,Debito,17133.19,0,Online Shopping
44425.46,2778.43,NULA,0,1901.94,Egreso,2025-04-15,Transaction at Subway,Credito,548.69,9,Food
17018.3,7720.51,BAJA,44,1132.87,Egreso,2025-06-01,Transaction at Airtel,Transferencia,2221.56,0,Bills
25330.29,9919.59,BAJA,45,508.86,Egreso,2025-07-22,Transaction at Flipkart,Transferencia,4922.32,0,Online Shopping
5689.08,7997.08,ALTA,21,640.97,Egreso,2025-04-08,Transaction at Biba,Transferencia,4972.83,0,Clothing
8270.32,2434.94,BAJA,94,1550.8,Egreso,2025-11-16,Transaction at Sony Center,Credito,51855.47,8,Electronics
25999.43,7326.9,BAJA,80,1115.69,Egreso,2025-05-01,Transaction at Flipkart,Credito,1474.18,4,Online Shopping
44204.14,6127.24,NULA,21,1981.21,Egreso,2025-07-13,Transaction at BigBazaar,Debito,1314.67,0,Grocery
23907.21,4879.34,ALTA,85,1046.06,Egreso,2025-12-21,Transaction at Dell Exclusive,Transferencia,105066.91,0,Electronics
45177.01,1237.22,BAJA,31,1729.47,Egreso,2025-07-26,Transaction at Nilgiris,Transferencia,2453.61,0,Grocery
13688.41,9540.98,MEDIA,75,1066.48,Egreso,2025-03-14,Transaction at Airtel,Transferencia,2522.7,0,Bills
30340.49,1698.38,BAJA,58,587.38,Egreso,2025-05-08,Transaction at Ola,Credito,87.36,6,Transport
30131.57,6504.23,BAJA,19,821.14,Egreso,2025-09-12,Transaction at Gas Agency,Debito,5965.42,0,Bills
30720.58,1551.02,NULA,34,1391.59,Egreso,2025-04-04,Transaction at Zee5,Credito,670.11,8,Entertainment
17016.62,9313.44,BAJA,68,1745.99,Egreso,2025-02-17,Transaction at Vodafone Idea,Transferencia,1857.65,0,Bills
12720.05,5069.21,NULA,57,1049.67,Egreso,2025-06-25,Transaction at Ajio,Credito,18324.08,4,Online Shopping
32854.97,5602.24,MEDIA,95,1934.18,Egreso,2025-06-12,Transaction at BigBazaar,Credito,3499.51,9,Grocery
31995.09,6222.4,NULA,93,1947.9,Egreso,2025-02-20,Transaction at Myntra,Credito,2699.49,8,Online Shopping
33096.02,8912.29,MEDIA,98,1395.05,Egreso,2025-03-17,Transaction at Nature's Basket,Debito,608.18,0,Grocery
45377.08,5108.41,ALTA,44,614.47,Egreso,2025-03-27,Transaction at Aster,Transferencia,8630.26,0,Healthcare
18460.57,6818.1,NULA,66,1781.94,Egreso,2025-04-20,Transaction at Spencers,Debito,3647.32,0,Grocery
23401.89,1330.53,NULA,42,1381.04,Egreso,2025-06-28,Transaction at Chai Point,Debito,693.82,0,Food
16307.51,1546.27,MEDIA,1,236.89,Egreso,2025-08-08,Transaction at Spotify,Transferencia,286.64,0,Entertainment
32003.78,9309.35,NULA,71,1765.66,Egreso,2025-03-08,Transaction at RedBus,Debito,149.49,0,Transport
30366.88,5761.34,ALTA,99,636.28,Egreso,2025-05-16,Transaction at Burger King,Transferencia,121.11,0,Food
29307.3,1669.12,BAJA,54,277.1,Egreso,2025-09-14,Transaction at Nykaa,Transferencia,5006.92,0,Online Shopping
31671.63,1104.78,ALTA,5,184.68,Egreso,2025-09-06,Transaction at TSRTC,Transferencia,1367.59,0,Transport
42967.9,3728.04,MEDIA,98,520.19,Egreso,2025-09-17,Transaction at Sony Center,Credito,74144.84,11,Electronics
49405.71,1510.77,NULA,27,1360.78,Egreso,2025-07-26,Transaction at Flipkart,Transferencia,17805.48,0,Online Shopping
46595.9,8077.36,MEDIA,70,1748.83,Egreso,2025-11-02,Transaction at Gaana,Transferencia,466.87,0,Entertainment
41705.75,5494.39,BAJA,82,1228.84,Egreso,2025-01-24,Transaction at Asus Store,Credito,114658.74,3,Electronics
5097.33,8537.64,BAJA,22,249.61,Egreso,2025-11-21,Transaction at Boat Lifestyle,Credito,63126.18,1,Electronics
20705.26,1113.09,BAJA,14,383.36,Egreso,2025-07-22,Transaction at DMart,Transferencia,4520.89,0,Grocery
30365.53,5769.71,ALTA,5,1982.6,Egreso,2025-05-28,Transaction at Pantaloons,Credito,3711.92,9,Clothing
19044.56,7310.88,ALTA,16,1819.55,Egreso,2025-10-22,Transaction at Uber,Debito,1814.0,0,Transport
24692.39,2015.46,BAJA,18,1187.8,Egreso,2025-05-17,Transaction at Zee5,Debito,725.04,0,Entertainment
12717.47,2738.34,ALTA,93,171.41,Egreso,2025-03-04,Transaction at MedPlus,Transferencia,10656.21,0,Healthcare
41261.79,3536.06,BAJA,63,398.23,Egreso,2025-11-01,Transaction at MedPlus,Transferencia,5480.15,0,Healthcare
26435.82,6141.03,ALTA,33,204.3,Egreso,2025-09-14,Transaction at IRCTC,Transferencia,8686.28,0,Travel
46634.16,4074.08,NULA,86,1768.16,Egreso,2025-04-10,Transaction at JioMart,Transferencia,2911.82,0,Grocery
43925.84,9910.96,BAJA,44,721.13,Egreso,2025-01-15,Transaction at Cream Stone,Debito,1095.79,0,Food
42886.67,2149.94,ALTA,98,718.0,Egreso,2025-10-17,Transaction at MedPlus,Credito,2470.24,7,Healthcare
39592.79,5653.94,BAJA,93,1556.88,Egreso,2025-03-23,Transaction at Paradise Biryani,Credito,1381.26,1,Food
44411.55,5132.02,ALTA,3,893.33,Egreso,2025-10-12,Transaction at Meesho,Transferencia,878.42,0,Online Shopping
17636.66,8703.67,MEDIA,8,1242.51,Egreso,2025-07-28,Transaction at Cream Stone,Debito,1201.6,0,Food
22185.11,2726.35,NULA,81,1068.15,Egreso,2025-10-17,Transaction at Star Bazaar,Debito,1838.04,0,Grocery
45941.18,6991.02,BAJA,32,1171.96,Egreso,2025-01-10,Transaction at Zara,Credito,3897.33,3,Clothing
43805.41,7505.14,NULA,31,1267.65,Egreso,2025-05-25,Transaction at Meru Cabs,Transferencia,123.67,0,Transport
16837.69,3459.02,MEDIA,38,115.84,Egreso,2025-08-27,Transaction at Uber,Debito,905.47,0,Transport
35393.97,3214.28,BAJA,78,1166.76,Egreso,2025-07-07,Transaction at ACT Fibernet,Debito,4835.37,0,Bills
14003.24,8795.95,BAJA,48,130.94,Egreso,2025-07-08,Transaction at Allen Solly,Transferencia,2347.76,0,Clothing
13798.5,3778.84,ALTA,61,110.74,Egreso,2025-12-19,Transaction at YouTube Premium,Debito,475.91,0,Entertainment
14001.81,6627.68,NULA,18,824.79,Egreso,2025-03-28,Transaction at Allen Solly,Transferencia,5577.84,0,Clothing
14289.87,1013.84,NULA,79,1176.68,Egreso,2025-05-07,Transaction at CloudNine,Credito,14464.14,4,Healthcare
38339.0,2224.05,NULA,96,134.67,Egreso,2025-02-11,Transaction at Yulu Bikes,Transferencia,1852.26,0,Transport
49329.86,5283.05,ALTA,37,684.95,Egreso,2025-12-31,Transaction at AirAsia,Transferencia,21195.5,0,Travel
37447.99,7322.3,BAJA,76,807.87,Egreso,2025-02-23,Transaction at Reliance Digital,Transferencia,47672.43,0,Electronics
39716.57,5225.17,MEDIA,52,489.75,Egreso,2025-02-09,Transaction at Meesho,Credito,18826.29,6,Online Shopping
21534.35,4574.84,BAJA,41,1014.14,Egreso,2025-12-07,Transaction at Booking.com,Debito,1904.74,0,Travel
49553.8,4351.77,BAJA,15,473.59,Egreso,2025-10-03,Transaction at MakeMyTrip,Credito,14597.06,3,Travel
36235.95,1818.73,ALTA,7,1059.37,Egreso,2025-05-22,Transaction at Amazon Prime,Transferencia,834.88,0,Entertainment
8957.56,4905.46,NULA,86,141.05,Egreso,2025-09-02,Transaction at HP World,Debito,130859.65,0,Electronics
18185.11,9823.31,NULA,67,1774.86,Egreso,2025-09-09,Transaction at Nature's Basket,Transferencia,664.81,0,Grocery
33967.37,3984.65,BAJA,30,860.64,Egreso,2025-08-24,Transaction at MakeMyTrip,Credito,2757.21,10,Travel
12408.01,5395.87,BAJA,12,579.72,Egreso,2025-11-28,Transaction at Amazon,Transferencia,3248.68,0,Online Shopping
32317.13,3681.19,ALTA,10,128.95,Egreso,2025-03-29,Transaction at Fortis,Transferencia,9827.99,0,Healthcare
48528.6,5108.72,MEDIA,62,514.11,Egreso,2025-12-06,Transaction at Lenskart,Transferencia,783.38,0,Online Shopping
41929.79,8590.58,ALTA,13,840.61,Egreso,2025-11-20,Transaction at Fortis,Transferencia,3969.19,0,Healthcare
22557.2,6933.16,BAJA,93,1954.65,Egreso,2025-03-08,Transaction at Meru Cabs,Transferencia,268.15,0,Transport
9151.93,4359.98,MEDIA,10,1170.91,Egreso,2025-10-21,Transaction at Water Board,Credito,1456.52,4,Bills
28957.74,9951.35,ALTA,93,1649.5,Egreso,2025-06-19,Transaction at Paradise Biryani,Transferencia,1378.25,0,Food
32868.79,8399.03,MEDIA,13,800.42,Egreso,2025-07-14,Transaction at Saravana Bhavan,Credito,215.36,4,Food
8216.26,8933.19,NULA,41,428.19,Egreso,2025-09-26,Transaction at Reliance Digital,Transferencia,65943.25,0,Electronics
9271.55,7923.43,BAJA,49,1843.33,Egreso,2025-11-29,Transaction at Uber,Transferencia,607.47,0,Transport
29221.58,2295.66,ALTA,56,994.76,Egreso,2025-02-05,Transaction at Snapdeal,Transferencia,6507.75,0,Online Shopping
33560.94,4831.01,NULA,26,1559.32,Egreso,2025-05-12,Transaction at Flipkart,Transferencia,13904.33,0,Online Shopping
32278.72,5791.7,MEDIA,56,960.59,Egreso,2025-04-20,Transaction at Netflix,Credito,796.72,4,Entertainment
41531.82,1554.96,ALTA,53,983.02,Egreso,2025-02-01,Transaction at More Supermarket,Credito,4205.24,3,Grocery
29941.66,9164.06,NULA,55,841.07,Egreso,2025-03-26,Transaction at RedBus,Transferencia,1747.46,0,Transport
15976.77,6808.25,MEDIA,80,176.91,Egreso,2025-06-12,Transaction at 1mg,Transferencia,19131.44,0,Healthcare
25782.98,9043.86,NULA,40,891.87,Egreso,2025-05-11,Transaction at Netflix,Debito,438.34,0,Entertainment
21454.0,9951.27,MEDIA,72,614.11,Egreso,2025-05-18,Transaction at Vodafone Idea,Transferencia,337.62,0,Bills
16728.82,9284.54,NULA,87,1081.96,Egreso,2025-04-24,Transaction at IRCTC,Debito,21291.42,0,Travel
33944.68,6404.66,ALTA,51,332.39,Egreso,2025-04-04,Transaction at IRCTC,Credito,1519.58,1,Travel
29674.33,8058.23,MEDIA,37,133.12,Egreso,2025-06-24,Transaction at Spotify,Credito,221.53,6,Entertainment
32485.42,8900.62,NULA,85,1040.06,Egreso,2025-05-17,Transaction at Meru Cabs,Credito,250.15,10,Transport
8535.14,3265.9,MEDIA,49,1712.35,Egreso,2025-03-17,Transaction at Spencers,Transferencia,4383.09,0,Grocery
47775.04,9627.93,ALTA,85,724.77,Egreso,2025-08-07,Transaction at Subway,Debito,853.88,0,Food
7298.33,9193.4,ALTA,15,1523.06,Egreso,2025-03-30,Transaction at Tata Cliq,Transferencia,15375.04,0,Online Shopping
44689.25,4646.68,MEDIA,89,952.27,Egreso,2025-12-01,Transaction at Noise,Credito,97430.82,6,Electronics
21908.77,2383.57,BAJA,18,370.47,Egreso,2025-03-01,Transaction at IRCTC,Credito,2496.95,8,Travel
40587.08,2982.17,MEDIA,30,1564.33,Egreso,2025-05-09,Transaction at Air India,Credito,11557.57,3,Travel
19309.6,2250.08,ALTA,51,382.39,Egreso,2025-07-11,Transaction at Goibibo,Transferencia,17366.05,0,Travel
14509.48,4516.39,NULA,0,1447.28,Egreso,2025-03-26,Transaction at Goibibo,Transferencia,10062.4,0,Travel
23549.89,6262.31,NULA,3,1781.89,Egreso,2025-05-12,Transaction at Reliance Fresh,Transferencia,3311.14,0,Grocery
13819.64,2537.04,BAJA,15,1751.71,Egreso,2025-08-30,Transaction at Airtel,Credito,2483.13,10,Bills
6379.68,2496.42,MEDIA,44,587.08,Egreso,2025-07-26,Transaction at Boat Lifestyle,Credito,53150.81,4,Electronics
46583.47,9777.03,BAJA,91,1286.48,Egreso,2025-06-26,Transaction at Levis,Transferencia,847.61,0,Clothing
23951.5,7623.11,MEDIA,59,1825.62,Egreso,2025-04-10,Transaction at BigBazaar,Credito,448.72,10,Grocery
19178.62,6418.36,ALTA,35,400.83,Egreso,2025-03-26,Transaction at Vistara,Transferencia,23383.94,0,Travel
36013.88,3757.6,ALTA,76,1973.19,Egreso,2025-06-30,Transaction at Netflix,Credito,841.24,1,Entertainment
29830.13,9531.01,BAJA,51,1145.77,Egreso,2025-03-01,Transaction at Netflix,Transferencia,869.52,0,Entertainment
23422.34,7793.73,BAJA,95,1689.43,Egreso,2025-12-20,Transaction at PharmEasy,Transferencia,11288.62,0,Healthcare
42741.31,5026.28,NULA,61,1720.23,Egreso,2025-07-04,Transaction at Burger King,Debito,104.99,0,Food
24011.38,2650.82,NULA,9,1942.03,Egreso,2025-12-03,Transaction at Amazon,Debito,14206.76,0,Online Shopping
7134.94,1277.64,MEDIA,85,467.17,Egreso,2025-04-21,Transaction at Goibibo,Credito,22087.93,3,Travel
24676.05,9531.05,MEDIA,24,1483.26,Egreso,2025-09-10,Transaction at IRCTC,Transferencia,4831.09,0,Travel
28966.31,5462.89,BAJA,32,912.21,Egreso,2025-06-28,Transaction at Puma,Transferencia,6807.54,0,Clothing
34982.2,8564.97,NULA,23,1888.68,Egreso,2025-01-16,Transaction at Netflix,Transferencia,963.96,0,Entertainment
12108.4,4869.52,NULA,93,176.14,Egreso,2025-03-19,Transaction at Ajio,Credito,9612.2,9,Online Shopping
9716.93,8256.73,BAJA,92,375.56,Egreso,2025-12-22,Transaction at Gaana,Transferencia,510.6,0,Entertainment
19824.9,6639.04,MEDIA,69,743.93,Egreso,2025-02-10,Transaction at Property Tax Online,Transferencia,1757.04,0,Bills
16367.75,5182.55,MEDIA,81,1347.46,Egreso,2025-12-19,Transaction at Apollo Hospital,Credito,10807.71,2,Healthcare
23512.1,7314.01,BAJA,64,1870.19,Egreso,2025-09-03,Transaction at Nykaa,Transferencia,14126.42,0,Online Shopping
35719.2,9188.48,NULA,70,1386.39,Egreso,2025-09-14,Transaction at AirAsia,Transferencia,21982.39,0,Travel
46789.73,4322.48,MEDIA,63,1790.68,Egreso,2025-04-04,Transaction at Ola,Debito,1635.97,0,Transport
22662.51,3643.08,NULA,93,1208.86,Egreso,2025-10-18,Transaction at CloudNine,Transferencia,16282.69,0,Healthcare
17814.74,1281.95,ALTA,21,1760.12,Egreso,2025-05-07,Transaction at IndiGo,Credito,12184.4,10,Travel
43506.53,7702.04,ALTA,74,296.75,Egreso,2025-09-20,Transaction at BSNL,Debito,2991.84,0,Bills
30289.7,2778.28,BAJA,20,1344.19,Egreso,2025-01-08,Transaction at Meesho,Transferencia,9256.43,0,Online Shopping
10691.42,1687.96,ALTA,74,1334.45,Egreso,2025-03-06,Transaction at Dominos,Credito,657.5,4,Food
35042.87,1693.45,MEDIA,23,1014.9,Egreso,2025-03-22,Transaction at Aster,Credito,9501.15,9,Healthcare
29030.83,2710.04,NULA,10,1459.57,Egreso,2025-01-04,Transaction at Lenskart,Debito,8910.28,0,Online Shopping
26249.73,8127.23,MEDIA,93,248.9,Egreso,2025-06-29,Transaction at Tata Cliq,Credito,18813.02,6,Online Shopping
40483.97,5239.2,BAJA,29,1012.46,Egreso,2025-10-30,Transaction at Metro Rail,Credito,1090.93,7,Transport
20598.26,3088.92,MEDIA,5,675.57,Egreso,2025-04-28,Transaction at Myntra,Transferencia,2999.44,0,Online Shopping
39478.53,7858.84,NULA,55,1012.39,Egreso,2025-03-26,Transaction at Gas Agency,Transferencia,4376.74,0,Bills
7468.24,1268.22,ALTA,15,1169.04,Egreso,2025-08-14,Transaction at TNEB,Debito,1016.78,0,Bills
46140.06,9977.04,NULA,89,914.12,Egreso,2025-12-07,Transaction at Nilgiris,Transferencia,2155.9,0,Grocery
24192.91,4298.1,NULA,94,1557.56,Egreso,2025-10-12,Transaction at Amazon,Transferencia,11782.88,0,Online Shopping
15584.75,1787.07,NULA,47,1074.27,Egreso,2025-09-25,Transaction at Kauvery,Transferencia,2179.5,0,Healthcare
8557.52,2399.21,ALTA,33,585.01,Egreso,2025-05-23,Transaction at Apollo Pharmacy,Transferencia,9747.14,0,Healthcare
43271.74,1148.52,BAJA,87,1197.5,Egreso,2025-08-26,Transaction at Croma,Transferencia,101364.36,0,Electronics
38395.44,8613.61,MEDIA,70,1860.04,Egreso,2025-11-13,Transaction at KFC,Transferencia,844.53,0,Food
33860.36,1449.41,ALTA,6,164.49,Egreso,2025-01-15,Transaction at Vivo Store,Transferencia,68611.46,0,Electronics
17949.1,5808.16,MEDIA,3,1507.93,Egreso,2025-04-01,Transaction at Cream Stone,Debito,719.47,0,Food
44066.87,4535.59,BAJA,84,205.55,Egreso,2025-08-22,Transaction at Levis,Credito,5627.87,8,Clothing
35205.86,3863.0,NULA,20,678.94,Egreso,2025-05-08,Transaction at MakeMyTrip,Credito,12454.55,2,Travel
23104.48,4200.35,BAJA,9,1372.23,Egreso,2025-10-19,Transaction at BSNL,Transferencia,351.06,0,Bills
5710.9,5814.35,NULA,45,1100.76,Egreso,2025-07-28,Transaction at Meesho,Debito,16544.33,0,Online Shopping
37025.59,6080.12,MEDIA,24,248.69,Egreso,2025-06-05,Transaction at Amazon,Credito,9108.43,1,Online Shopping
33267.49,4333.21,NULA,68,729.51,Egreso,2025-01-29,Transaction at Biba,Debito,7790.96,0,Clothing
23676.58,5468.25,BAJA,32,1708.23,Egreso,2025-07-11,Transaction at A2B,Credito,171.19,9,Food
46916.03,6652.29,ALTA,57,1807.54,Egreso,2025-11-28,Transaction at TNEB,Debito,2165.98,0,Bills
25802.12,1484.91,ALTA,76,1671.58,Egreso,2025-09-21,Transaction at Fortis,Credito,11799.17,7,Healthcare
24157.99,3867.44,ALTA,40,904.97,Egreso,2025-03-14,Transaction at Zee5,Transferencia,653.83,0,Entertainment
11333.52,6917.22,BAJA,23,1363.96,Egreso,2025-01-27,Transaction at Nature's Basket,Transferencia,2888.22,0,Grocery
15429.03,4908.35,NULA,1,1668.45,Egreso,2025-09-01,Transaction at Adidas,Transferencia,4188.29,0,Clothing
6095.5,7925.84,ALTA,71,1889.82,Egreso,2025-06-25,Transaction at OnePlus,Transferencia,123907.0,0,Electronics
47765.78,5518.53,BAJA,90,205.68,Egreso,2025-07-09,Transaction at Gaana,Transferencia,956.55,0,Entertainment
8960.46,2658.76,BAJA,94,794.47,Egreso,2025-08-03,Transaction at ACT Fibernet,Credito,2486.97,5,Bills
30615.44,5242.45,NULA,59,1193.65,Egreso,2025-05-26,Transaction at Booking.com,Transferencia,28995.33,0,Travel
49426.2,4370.26,NULA,80,1567.01,Egreso,2025-05-16,Transaction at Reliance Fresh,Transferencia,4372.86,0,Grocery
17248.26,7167.79,MEDIA,68,440.12,Egreso,2025-08-02,Transaction at CCD,Credito,235.14,4,Food
29595.55,2827.03,ALTA,87,275.45,Egreso,2025-12-23,Transaction at RedBus,Transferencia,1299.33,0,Transport
12554.06,5418.37,BAJA,70,119.34,Egreso,2025-02-12,Transaction at BMTC,Transferencia,1510.59,0,Transport
10932.04,9005.2,NULA,37,1895.61,Egreso,2025-02-08,Transaction at Zee5,Credito,169.38,11,Entertainment
16433.65,9958.09,MEDIA,11,1736.67,Egreso,2025-03-16,Transaction at Netmeds,Credito,11556.73,3,Healthcare
11651.81,9487.03,MEDIA,31,951.86,Egreso,2025-08-21,Transaction at Apple Music,Credito,206.22,5,Entertainment
11713.13,1072.37,ALTA,73,1990.3,Egreso,2025-01-15,Transaction at Metro Rail,Transferencia,1318.26,0,Transport
43852.66,5623.55,NULA,28,180.31,Egreso,2025-11-20,Transaction at Gaana,Transferencia,984.79,0,Entertainment
44282.37,9511.34,MEDIA,15,1340.49,Egreso,2025-07-12,Transaction at Aster,Debito,2898.85,0,Healthcare
22784.13,4477.55,MEDIA,3,1154.27,Egreso,2025-07-12,Transaction at Amazon,Transferencia,6885.28,0,Online Shopping
16560.89,2453.85,ALTA,58,869.34,Egreso,2025-10-26,Transaction at Nykaa,Credito,9014.08,1,Online Shopping
40905.47,1918.66,BAJA,51,1864.04,Egreso,2025-01-13,Transaction at Flipkart,Transferencia,19775.63,0,Online Shopping
28594.73,5116.46,MEDIA,10,1343.36,Egreso,2025-07-22,Transaction at Property Tax Online,Credito,404.24,9,Bills
9013.4,5599.62,NULA,9,1745.97,Egreso,2025-04-27,Transaction at Vistara,Credito,29561.22,4,Travel
42003.21,8913.19,NULA,11,570.29,Egreso,2025-12-27,Transaction at Adidas,Debito,4040.04,0,Clothing
35416.0,1262.74,BAJA,26,1546.95,Egreso,2025-06-24,Transaction at Airtel,Transferencia,3855.81,0,Bills
35089.59,2598.94,NULA,44,284.41,Egreso,2025-12-25,Transaction at 1mg,Transferencia,6234.55,0,Healthcare
11038.99,8074.29,ALTA,51,887.0,Egreso,2025-08-23,Transaction at Kauvery,Transferencia,7270.59,0,Healthcare
12857.23,6668.64,NULA,59,394.68,Egreso,2025-02-13,Transaction at Paradise Biryani,Credito,141.29,9,Food
21644.57,8456.27,NULA,68,1277.97,Egreso,2025-11-02,Transaction at Saravana Bhavan,Transferencia,668.41,0,Food
5042.04,3293.88,ALTA,11,988.17,Egreso,2025-03-03,Transaction at Wrogn,Transferencia,5949.64,0,Clothing
9723.76,9756.11,ALTA,80,707.11,Egreso,2025-03-25,Transaction at Reliance Fresh,Transferencia,1319.6,0,Grocery
48239.02,1646.24,MEDIA,17,1273.38,Egreso,2025-06-27,Transaction at Burger King,Transferencia,1402.68,0,Food
15032.82,4277.72,BAJA,59,1491.26,Egreso,2025-03-23,Transaction at Netmeds,Credito,19353.19,8,Healthcare
42721.52,5237.75,NULA,58,270.11,Egreso,2025-03-05,Transaction at Spotify,Debito,495.55,0,Entertainment
28113.61,9925.04,ALTA,56,1239.2,Egreso,2025-09-03,Transaction at Allen Solly,Debito,6615.92,0,Clothing
30974.12,6690.55,MEDIA,2,960.6,Egreso,2025-03-11,Transaction at Pantaloons,Debito,7479.22,0,Clothing
46904.46,2889.7,BAJA,60,1978.9,Egreso,2025-06-14,Transaction at Yulu Bikes,Transferencia,729.75,0,Transport
27812.64,1163.93,ALTA,34,472.71,Egreso,2025-01-15,Transaction at MakeMyTrip,Credito,29764.79,7,Travel
41886.26,3975.33,BAJA,63,968.48,Egreso,2025-03-06,Transaction at Hotstar,Transferencia,732.77,0,Entertainment
12764.55,9656.2,NULA,40,261.82,Egreso,2025-06-13,Transaction at 1mg,Transferencia,8048.87,0,Healthcare
7314.8,5969.81,ALTA,31,1886.07,Egreso,2025-09-12,Transaction at Max Fashion,Transferencia,5523.12,0,Clothing
39888.74,3862.16,BAJA,5,1393.89,Egreso,2025-10-07,Transaction at Reliance Fresh,Transferencia,1168.83,0,Grocery
7173.52,6753.48,BAJA,79,907.58,Egreso,2025-10-12,Transaction at Aha,Transferencia,443.24,0,Entertainment
20357.97,3352.98,MEDIA,89,1368.02,Egreso,2025-03-04,Transaction at Spotify,Credito,406.84,9,Entertainment
27668.56,3503.97,ALTA,19,513.67,Egreso,2025-02-17,Transaction at Reliance Fresh,Transferencia,3602.97,0,Grocery
6991.32,8036.12,BAJA,21,848.99,Egreso,2025-02-17,Transaction at ACT Fibernet,Debito,229.13,0,Bills
41916.51,8458.08,BAJA,77,983.41,Egreso,2025-12-24,Transaction at A2B,Transferencia,242.25,0,Food
13491.15,1727.42,NULA,26,815.19,Egreso,2025-08-15,Transaction at Aha,Debito,185.22,0,Entertainment
31183.95,8128.11,BAJA,60,1743.05,Egreso,2025-04-27,Transaction at IRCTC,Debito,4503.95,0,Travel
43608.45,8245.48,BAJA,88,629.07,Egreso,2025-04-08,Transaction at Snapdeal,Transferencia,6742.63,0,Online Shopping
30380.38,2522.15,NULA,51,1202.93,Egreso,2025-11-08,Transaction at Croma,Transferencia,118447.57,0,Electronics
13075.78,6486.53,NULA,74,904.04,Egreso,2025-01-22,Transaction at OYO,Transferencia,13509.18,0,Travel
38416.28,7874.34,NULA,69,970.82,Egreso,2025-10-29,Transaction at JioMart,Transferencia,4801.98,0,Grocery
7802.78,5911.59,NULA,69,597.86,Egreso,2025-05-31,Transaction at Star Bazaar,Debito,615.58,0,Grocery
24782.32,8662.16,MEDIA,36,1250.08,Egreso,2025-01-02,Transaction at Water Board,Credito,4973.64,8,Bills
32135.35,6558.16,ALTA,86,432.66,Egreso,2025-05-20,Transaction at RedBus,Transferencia,145.72,0,Transport
37500.49,7351.06,BAJA,91,848.47,Egreso,2025-10-28,Transaction at Snapdeal,Transferencia,13485.12,0,Online Shopping
22518.76,2787.78,NULA,91,1788.44,Egreso,2025-10-10,Transaction at Puma,Credito,3533.77,6,Clothing
37701.66,3417.36,BAJA,47,450.35,Egreso,2025-05-11,Transaction at Ajio,Transferencia,14732.43,0,Online Shopping
43514.82,4110.41,BAJA,34,1430.16,Egreso,2025-11-09,Transaction at Amazon,Transferencia,10861.5,0,Online Shopping
14736.81,6612.11,NULA,51,1163.62,Egreso,2025-06-14,Transaction at Metro Rail,Credito,1837.43,1,Transport
44633.9,2679.34,BAJA,28,1086.57,Egreso,2025-11-10,Transaction at Saravana Bhavan,Credito,1322.92,5,Food
39136.97,8757.26,NULA,23,135.27,Egreso,2025-01-25,Transaction at Apollo Hospital,Credito,835.1,10,Healthcare
42953.39,4189.42,MEDIA,98,355.67,Egreso,2025-12-02,Transaction at Spotify,Credito,252.1,1,Entertainment
18914.3,2653.53,ALTA,9,1606.92,Egreso,2025-02-09,Transaction at Jio Fiber,Transferencia,5043.24,0,Bills
49764.18,6346.32,BAJA,92,1287.41,Egreso,2025-10-16,Transaction at Vistara,Credito,25232.68,11,Travel
41350.24,6712.1,MEDIA,24,490.72,Egreso,2025-03-17,Transaction at Levis,Debito,1046.61,0,Clothing
27756.58,2847.13,NULA,29,1821.11,Egreso,2025-06-20,Transaction at Apollo Hospital,Transferencia,5708.51,0,Healthcare
43218.9,6853.35,BAJA,28,1512.42,Egreso,2025-04-26,Transaction at IRCTC,Debito,10001.9,0,Travel
46403.43,4543.1,MEDIA,19,1918.28,Egreso,2025-05-02,Transaction at Dell Exclusive,Transferencia,105348.66,0,Electronics
49229.92,5212.91,MEDIA,80,233.24,Egreso,2025-10-18,Transaction at Aster,Debito,843.92,0,Healthcare
30626.58,6291.81,ALTA,89,1120.9,Egreso,2025-04-04,Transaction at Snapdeal,Debito,15264.17,0,Online Shopping
7093.66,4337.57,BAJA,39,1476.23,Egreso,2025-07-17,Transaction at Property Tax Online,Debito,2341.7,0,Bills
40768.36,3512.92,ALTA,86,1192.9,Egreso,2025-08-03,Transaction at Samsung Store,Transferencia,110245.4,0,Electronics
43945.99,7124.96,NULA,74,630.94,Egreso,2025-09-22,Transaction at Burger King,Debito,1436.2,0,Food
48630.77,3358.1,BAJA,5,640.11,Egreso,2025-01-20,Transaction at Netmeds,Transferencia,11513.64,0,Healthcare
37373.4,4424.65,NULA,42,959.23,Egreso,2025-03-21,Transaction at Booking.com,Transferencia,10177.58,0,Travel
40962.27,3852.15,ALTA,54,522.01,Egreso,2025-07-21,Transaction at Wrogn,Transferencia,2858.22,0,Clothing
44586.43,8981.43,NULA,29,1557.75,Egreso,2025-01-31,Transaction at 1mg,Transferencia,894.49,0,Healthcare
10932.68,5101.15,NULA,27,1666.39,Egreso,2025-03-22,Transaction at Taco Bell,Transferencia,1147.84,0,Food
35291.02,4448.64,BAJA,3,1367.72,Egreso,2025-05-29,Transaction at Aha,Credito,947.52,2,Entertainment
36699.31,2569.27,BAJA,45,1049.23,Egreso,2025-04-13,Transaction at Aha,Credito,791.57,7,Entertainment
31698.83,9068.66,ALTA,68,607.66,Egreso,2025-04-09,Transaction at Adidas,Debito,1595.21,0,Clothing
30421.98,2040.82,NULA,39,1448.04,Egreso,2025-11-15,Transaction at Apollo Pharmacy,Credito,19854.49,6,Healthcare
38986.33,9622.03,ALTA,52,724.21,Egreso,2025-09-15,Transaction at SonyLiv,Credito,99.29,5,Entertainment
44433.36,2432.0,ALTA,93,1864.9,Egreso,2025-04-12,Transaction at Asus Store,Credito,42805.02,5,Electronics
16271.25,5173.32,ALTA,10,451.95,Egreso,2025-06-01,Transaction at Star Bazaar,Transferencia,2489.75,0,Grocery
38655.24,3510.86,ALTA,33,1038.81,Egreso,2025-08-12,Transaction at DMart,Transferencia,1783.43,0,Grocery
44327.96,8285.24,ALTA,48,1451.2,Egreso,2025-05-29,Transaction at Pantaloons,Transferencia,4875.57,0,Clothing
42649.18,1379.41,NULA,90,955.97,Egreso,2025-03-07,Transaction at Amazon,Credito,4072.49,9,Online Shopping
35319.58,5475.22,MEDIA,7,1122.19,Egreso,2025-08-06,Transaction at Vodafone Idea,Transferencia,1667.63,0,Bills
37674.94,9896.25,MEDIA,81,1067.76,Egreso,2025-10-21,Transaction at AirAsia,Credito,6264.29,11,Travel
28195.82,2397.04,ALTA,87,1225.12,Egreso,2025-09-23,Transaction at OYO,Credito,15438.54,10,Travel
8012.92,4444.92,BAJA,46,287.97,Egreso,2025-11-20,Transaction at Lenskart,Transferencia,2063.14,0,Online Shopping
10898.48,7256.38,MEDIA,83,1493.7,Egreso,2025-04-02,Transaction at Nature's Basket,Credito,869.15,7,Grocery
40414.56,7540.99,ALTA,87,1307.13,Egreso,2025-08-05,Transaction at Nature's Basket,Transferencia,3065.74,0,Grocery
33835.85,1142.2,ALTA,76,1952.07,Egreso,2025-11-07,Transaction at Ajio,Debito,19880.82,0,Online Shopping
10538.16,1815.19,BAJA,32,1984.94,Egreso,2025-06-04,Transaction at Aha,Transferencia,864.25,0,Entertainment
42080.23,4918.66,ALTA,23,1194.39,Egreso,2025-10-28,Transaction at Paradise Biryani,Transferencia,488.9,0,Food
34177.68,5807.19,NULA,86,1126.31,Egreso,2025-05-09,Transaction at BSNL,Debito,3228.26,0,Bills
19345.69,9968.89,MEDIA,73,630.96,Egreso,2025-10-04,Transaction at H&M,Transferencia,5560.42,0,Clothing
36186.69,1105.56,MEDIA,38,1351.14,Egreso,2025-07-13,Transaction at Metro Rail,Debito,1224.32,0,Transport
18984.59,2497.1,MEDIA,99,1190.35,Egreso,2025-10-24,Transaction at Yulu Bikes,Debito,1888.03,0,Transport
18457.0,4961.16,NULA,75,356.02,Egreso,2025-12-23,Transaction at Star Bazaar,Transferencia,2616.98,0,Grocery
33143.72,2595.07,BAJA,97,1007.22,Egreso,2025-08-28,Transaction at Flipkart,Debito,10407.42,0,Online Shopping
13158.11,2093.03,BAJA,93,688.04,Egreso,2025-01-11,Transaction at Sony Center,Transferencia,119718.87,0,Electronics
17102.72,8074.17,NULA,84,1830.85,Egreso,2025-09-17,Transaction at Dominos,Transferencia,100.2,0,Food
13786.45,9614.88,NULA,4,1470.61,Egreso,2025-10-07,Transaction at More Supermarket,Credito,931.41,1,Grocery
41995.07,2138.7,BAJA,94,1569.15,Egreso,2025-07-14,Transaction at Asus Store,Debito,137172.55,0,Electronics
49578.91,9486.53,BAJA,59,1945.92,Egreso,2025-10-14,Transaction at US Polo,Debito,2969.3,0,Clothing
34491.27,4871.45,MEDIA,7,860.44,Egreso,2025-08-09,Transaction at BMTC,Credito,233.91,3,Transport
31797.31,6035.11,ALTA,38,1210.57,Egreso,2025-02-02,Transaction at Yulu Bikes,Transferencia,1304.82,0,Transport
38117.12,1150.39,BAJA,17,458.07,Egreso,2025-02-11,Transaction at Subway,Transferencia,291.13,0,Food
40128.0,9695.35,NULA,64,1126.92,Egreso,2025-06-12,Transaction at A2B,Debito,721.77,0,Food
44062.81,7939.68,MEDIA,5,129.97,Egreso,2025-01-23,Transaction at Myntra,Transferencia,2826.55,0,Online Shopping
48186.9,8554.89,MEDIA,18,1093.08,Egreso,2025-07-10,Transaction at Noise,Credito,89602.49,8,Electronics
24001.23,3390.44,MEDIA,12,1548.37,Egreso,2025-03-07,Transaction at Hotstar,Debito,393.0,0,Entertainment
22710.44,9528.9,MEDIA,31,1216.16,Egreso,2025-12-24,Transaction at Vodafone Idea,Transferencia,793.41,0,Bills
29610.4,8586.58,MEDIA,3,1267.19,Egreso,2025-08-09,Transaction at Star Bazaar,Credito,1938.52,6,Grocery
29157.71,6734.12,ALTA,91,917.03,Egreso,2025-08-11,Transaction at Rapido,Transferencia,261.82,0,Transport
22863.4,5531.28,BAJA,90,1342.0,Egreso,2025-09-05,Transaction at Apollo Pharmacy,Debito,17482.67,0,Healthcare
35883.09,8117.68,BAJA,31,101.13,Egreso,2025-05-04,Transaction at Levis,Credito,5430.6,4,Clothing
16435.92,6235.21,BAJA,37,1063.95,Egreso,2025-05-22,Transaction at Property Tax Online,Credito,1792.9,5,Bills
16925.33,4033.31,MEDIA,92,1350.99,Egreso,2025-10-18,Transaction at BSNL,Transferencia,5740.9,0,Bills
38963.06,2477.61,BAJA,3,1047.37,Egreso,2025-06-02,Transaction at Amazon,Transferencia,135.21,0,Online Shopping
31532.33,6626.51,MEDIA,64,925.3,Egreso,2025-09-12,Transaction at Sony Center,Transferencia,49786.22,0,Electronics
47596.13,6750.73,NULA,51,611.36,Egreso,2025-11-01,Transaction at Water Board,Transferencia,1593.99,0,Bills
10616.47,7574.49,BAJA,64,107.7,Egreso,2025-05-06,Transaction at Gas Agency,Transferencia,2610.32,0,Bills
14452.69,6596.25,NULA,48,999.95,Egreso,2025-08-20,Transaction at Max Fashion,Transferencia,5396.55,0,Clothing
42159.23,3125.04,ALTA,37,1549.34,Egreso,2025-02-16,Transaction at Tata Cliq,Debito,11241.08,0,Online Shopping
35183.18,8672.34,BAJA,99,709.06,Egreso,2025-12-03,Transaction at Ola,Debito,1250.99,0,Transport
34219.76,9225.65,MEDIA,91,846.41,Egreso,2025-05-16,Transaction at Amazon Prime,Transferencia,289.61,0,Entertainment
36957.33,5029.13,BAJA,39,393.51,Egreso,2025-03-28,Transaction at Wrogn,Credito,6930.67,4,Clothing
43341.54,1201.04,NULA,44,1937.1,Egreso,2025-07-30,Transaction at BMTC,Debito,1980.28,0,Transport
40439.43,2162.3,ALTA,86,1101.32,Egreso,2025-03-14,Transaction at Spotify,Debito,299.83,0,Entertainment
40933.15,3631.16,MEDIA,42,272.6,Egreso,2025-05-12,Transaction at JioMart,Transferencia,4057.55,0,Grocery
47427.51,3871.15,ALTA,84,1399.98,Egreso,2025-02-10,Transaction at Starbucks,Debito,1285.37,0,Food
45435.77,1205.24,MEDIA,23,342.22,Egreso,2025-02-27,Transaction at Goibibo,Debito,11894.23,0,Travel
47211.38,6247.71,MEDIA,96,913.14,Egreso,2025-04-26,Transaction at Fortis,Credito,15132.78,3,Healthcare
47200.73,1754.85,ALTA,93,994.65,Egreso,2025-07-16,Transaction at ACT Fibernet,Transferencia,1605.74,0,Bills
44783.66,5069.52,BAJA,66,360.97,Egreso,2025-12-11,Transaction at TNEB,Transferencia,4540.69,0,Bills
32018.48,3634.33,BAJA,26,1025.28,Egreso,2025-12-24,Transaction at Tata Cliq,Transferencia,5267.66,0,Online Shopping
8377.39,8838.31,NULA,47,314.86,Egreso,2025-01-19,Transaction at Zara,Credito,1519.45,8,Clothing
23284.6,6421.08,NULA,24,488.43,Egreso,2025-03-22,Transaction at Apollo Pharmacy,Transferencia,18718.63,0,Healthcare
26404.12,6951.58,NULA,74,444.28,Egreso,2025-06-27,Transaction at RedBus,Debito,141.32,0,Transport
35591.4,1052.71,ALTA,58,1327.27,Egreso,2025-08-25,Transaction at Mi Store,Transferencia,57404.96,0,Electronics
44084.55,2176.31,ALTA,9,1116.27,Egreso,2025-07-06,Transaction at Tata Cliq,Transferencia,11020.82,0,Online Shopping
19384.45,4894.5,NULA,29,581.96,Egreso,2025-04-06,Transaction at Spotify,Credito,284.27,4,Entertainment
47761.96,3518.67,MEDIA,6,1369.71,Egreso,2025-05-07,Transaction at Puma,Credito,5874.85,1,Clothing
14982.38,5468.36,BAJA,98,1839.75,Egreso,2025-09-30,Transaction at IndiGo,Transferencia,6247.14,0,Travel
16542.11,3227.36,ALTA,6,156.53,Egreso,2025-01-29,Transaction at AirAsia,Credito,6893.82,3,Travel
41562.79,4425.36,MEDIA,99,605.16,Egreso,2025-07-02,Transaction at SonyLiv,Transferencia,918.18,0,Entertainment
40274.57,9646.79,NULA,53,774.31,Egreso,2025-07-13,Transaction at Meru Cabs,Credito,1725.44,2,Transport
40378.39,3121.67,MEDIA,63,1394.7,Egreso,2025-09-21,Transaction at Hotstar,Debito,228.81,0,Entertainment
31128.8,6080.57,NULA,62,1895.65,Egreso,2025-09-29,Transaction at Samsung Store,Debito,25143.68,0,Electronics
42559.64,9854.42,ALTA,83,810.61,Egreso,2025-05-05,Transaction at Reliance Fresh,Transferencia,2391.31,0,Grocery
22487.3,6971.52,MEDIA,45,1392.6,Egreso,2025-04-05,Transaction at Dell Exclusive,Debito,127948.78,0,Electronics
49315.88,7416.31,ALTA,23,490.17,Egreso,2025-09-20,Transaction at Airtel,Transferencia,4422.43,0,Bills
24069.19,7891.38,NULA,75,934.65,Egreso,2025-12-05,Transaction at Zara,Debito,6477.98,0,Clothing
31144.42,9072.43,BAJA,18,1038.67,Egreso,2025-04-23,Transaction at Vistara,Debito,9191.21,0,Travel
33606.5,9997.73,NULA,29,1118.62,Egreso,2025-04-20,Transaction at HP World,Debito,132749.14,0,Electronics
35829.77,4077.05,MEDIA,87,1676.7,Egreso,2025-02-13,Transaction at Spotify,Transferencia,172.47,0,Entertainment
48440.91,5779.63,NULA,16,1211.33,Egreso,2025-08-16,Transaction at AirAsia,Credito,28812.73,1,Travel
33358.1,8835.37,MEDIA,64,440.94,Egreso,2025-02-15,Transaction at Hotstar,Transferencia,945.91,0,Entertainment
48874.49,9250.17,NULA,73,623.33,Egreso,2025-08-08,Transaction at Star Bazaar,Credito,3087.32,8,Grocery
19775.58,3467.95,NULA,5,1611.45,Egreso,2025-11-27,Transaction at OnePlus,Credito,32231.86,9,Electronics
49701.95,5322.25,NULA,78,471.24,Egreso,2025-03-19,Transaction at Ola,Transferencia,649.09,0,Transport
39707.93,7044.9,MEDIA,74,1172.89,Egreso,2025-08-18,Transaction at Zee5,Transferencia,977.96,0,Entertainment
26358.1,5755.81,BAJA,49,211.1,Egreso,2025-01-31,Transaction at Property Tax Online,Debito,3803.05,0,Bills
27212.69,7192.75,ALTA,84,743.55,Egreso,2025-07-16,Transaction at TNEB,Transferencia,3307.39,0,Bills
8628.53,5772.33,MEDIA,55,830.94,Egreso,2025-07-09,Transaction at OYO,Debito,1378.98,0,Travel
32914.92,9920.47,MEDIA,97,1535.65,Egreso,2025-02-27,Transaction at Allen Solly,Transferencia,7845.25,0,Clothing
33987.14,2235.91,BAJA,92,706.52,Egreso,2025-08-14,Transaction at McDonalds,Debito,1197.28,0,Food
25239.16,9092.78,ALTA,62,1268.49,Egreso,2025-04-14,Transaction at Spotify,Debito,809.46,0,Entertainment
39857.39,4231.25,ALTA,77,345.9,Egreso,2025-03-07,Transaction at Samsung Store,Transferencia,143383.11,0,Electronics
15949.64,9431.5,BAJA,35,1068.38,Egreso,2025-09-29,Transaction at Gas Agency,Debito,3933.89,0,Bills
18751.97,4868.01,BAJA,15,1017.07,Egreso,2025-04-15,Transaction at Tata Cliq,Credito,12215.06,8,Online Shopping
24581.09,6652.2,BAJA,30,900.31,Egreso,2025-06-11,Transaction at Myntra,Debito,7995.66,0,Online Shopping
39691.6,6301.8,NULA,87,1878.58,Egreso,2025-08-21,Transaction at KFC,Transferencia,1206.71,0,Food
18132.45,7295.1,ALTA,60,1610.27,Egreso,2025-06-07,Transaction at Hotstar,Transferencia,294.94,0,Entertainment
11533.21,1116.6,NULA,26,1915.33,Egreso,2025-05-20,Transaction at Wrogn,Debito,5342.56,0,Clothing
41036.53,6644.95,BAJA,76,313.48,Egreso,2025-03-27,Transaction at Vodafone Idea,Credito,5570.97,8,Bills
20524.27,8278.72,ALTA,26,835.64,Egreso,2025-05-27,Transaction at Meru Cabs,Debito,1371.59,0,Transport
20672.15,3644.51,ALTA,60,1567.01,Egreso,2025-10-08,Transaction at Ajio,Transferencia,14259.95,0,Online Shopping
42322.0,7053.76,ALTA,98,1601.55,Egreso,2025-09-21,Transaction at SonyLiv,Credito,715.2,6,Entertainment
26021.7,8382.33,ALTA,84,1144.88,Egreso,2025-12-17,Transaction at Water Board,Credito,3107.07,2,Bills
6304.49,1114.12,ALTA,55,397.77,Egreso,2025-12-26,Transaction at Metro Rail,Transferencia,957.15,0,Transport
23293.4,9652.39,BAJA,78,1999.61,Egreso,2025-05-09,Transaction at 1mg,Credito,8788.62,2,Healthcare
37979.69,6579.99,NULA,12,1615.96,Egreso,2025-10-04,Transaction at Adidas,Transferencia,1732.18,0,Clothing
30403.26,6548.54,NULA,0,777.11,Egreso,2025-08-12,Transaction at Ajio,Debito,2607.62,0,Online Shopping
41299.83,4616.52,ALTA,37,1226.52,Egreso,2025-07-14,Transaction at A2B,Debito,555.8,0,Food
37682.18,6346.83,ALTA,62,618.23,Egreso,2025-02-24,Transaction at Boat Lifestyle,Transferencia,29502.88,0,Electronics
42765.82,5463.83,ALTA,81,1941.87,Egreso,2025-10-03,Transaction at Water Board,Transferencia,2510.78,0,Bills
16987.88,9794.11,MEDIA,87,376.66,Egreso,2025-01-15,Transaction at Gaana,Transferencia,719.52,0,Entertainment
24535.13,8877.16,NULA,85,1496.13,Egreso,2025-10-27,Transaction at Reliance Digital,Transferencia,133794.03,0,Electronics
43242.15,7079.51,MEDIA,3,1999.48,Egreso,2025-10-20,Transaction at Water Board,Transferencia,2089.15,0,Bills
14280.25,6564.86,MEDIA,27,1712.7,Egreso,2025-04-07,Transaction at Starbucks,Credito,1224.25,3,Food
5353.24,7853.0,ALTA,44,787.01,Egreso,2025-10-25,Transaction at Nature's Basket,Debito,757.04,0,Grocery
18145.06,4370.76,ALTA,63,1685.08,Egreso,2025-10-26,Transaction at Max Fashion,Credito,3305.68,10,Clothing
16777.05,5117.94,MEDIA,8,1215.35,Egreso,2025-01-09,Transaction at Booking.com,Debito,29587.72,0,Travel
33446.73,6137.26,ALTA,97,748.75,Egreso,2025-05-24,Transaction at Air India,Credito,13708.54,1,Travel
20225.75,8701.36,BAJA,44,640.09,Egreso,2025-06-07,Transaction at Fortis,Transferencia,18892.5,0,Healthcare
33090.95,4197.18,BAJA,36,1987.54,Egreso,2025-06-19,Transaction at 1mg,Debito,11010.08,0,Healthcare
38625.53,4501.88,BAJA,5,136.81,Egreso,2025-06-16,Transaction at ACT Fibernet,Transferencia,2191.31,0,Bills
20946.67,1839.86,MEDIA,70,1665.56,Egreso,2025-09-13,Transaction at MedPlus,Debito,5490.71,0,Healthcare
17342.77,5236.53,BAJA,66,669.44,Egreso,2025-04-06,Transaction at Adidas,Credito,5732.41,9,Clothing
35786.32,6303.05,MEDIA,42,957.16,Egreso,2025-01-13,Transaction at Myntra,Debito,14567.04,0,Online Shopping
24298.45,3160.11,ALTA,36,496.05,Egreso,2025-10-30,Transaction at Amazon,Credito,2942.4,3,Online Shopping
48090.23,4915.5,MEDIA,65,538.84,Egreso,2025-11-16,Transaction at Star Bazaar,Transferencia,1089.15,0,Grocery
38918.47,7293.26,BAJA,98,866.56,Egreso,2025-09-25,Transaction at SonyLiv,Debito,453.61,0,Entertainment
43511.45,6514.02,NULA,64,1701.24,Egreso,2025-01-18,Transaction at Netflix,Transferencia,290.66,0,Entertainment
11707.93,2477.62,NULA,36,1536.82,Egreso,2025-03-04,Transaction at DMart,Transferencia,4553.73,0,Grocery
24019.23,1117.03,MEDIA,26,649.55,Egreso,2025-12-11,Transaction at More Supermarket,Transferencia,1744.58,0,Grocery
26987.55,2668.56,ALTA,50,499.15,Egreso,2025-05-23,Transaction at Samsung Store,Credito,94742.08,4,Electronics
47059.5,6367.89,BAJA,97,905.19,Egreso,2025-12-19,Transaction at Subway,Credito,438.5,11,Food
13528.03,9324.86,BAJA,18,1523.26,Egreso,2025-11-16,Transaction at Subway,Credito,887.85,6,Food
44778.84,7952.89,BAJA,6,701.66,Egreso,2025-01-14,Transaction at Apple Store,Transferencia,19100.71,0,Electronics
10903.37,5664.21,ALTA,61,556.26,Egreso,2025-11-29,Transaction at Metro Rail,Credito,96.32,9,Transport
45018.59,6892.9,ALTA,2,675.43,Egreso,2025-08-03,Transaction at Jio Fiber,Credito,2059.22,3,Bills
15858.89,6685.48,MEDIA,71,333.37,Egreso,2025-05-31,Transaction at More Supermarket,Transferencia,1693.46,0,Grocery
45154.1,3409.35,BAJA,50,1657.27,Egreso,2025-04-18,Transaction at Paradise Biryani,Debito,991.26,0,Food
26087.03,6094.79,MEDIA,60,287.69,Egreso,2025-08-19,Transaction at Nature's Basket,Debito,1025.13,0,Grocery
43892.86,8938.64,ALTA,0,1626.45,Egreso,2025-03-14,Transaction at Nilgiris,Debito,2188.11,0,Grocery
49284.16,2371.69,ALTA,26,1129.12,Egreso,2025-07-24,Transaction at Spotify,Debito,302.55,0,Entertainment
29517.31,6589.35,ALTA,42,1112.83,Egreso,2025-11-16,Transaction at Dell Exclusive,Transferencia,130987.84,0,Electronics
6829.67,6162.31,BAJA,41,805.95,Egreso,2025-08-02,Transaction at CCD,Credito,1119.26,3,Food
13706.85,3814.77,NULA,91,829.53,Egreso,2025-10-01,Transaction at Kauvery,Credito,15684.14,6,Healthcare
48509.87,3695.53,MEDIA,12,562.6,Egreso,2025-04-05,Transaction at Nilgiris,Transferencia,448.83,0,Grocery
25799.84,1887.74,NULA,81,723.41,Egreso,2025-06-09,Transaction at Metro Rail,Transferencia,1404.44,0,Transport
35164.31,4402.55,BAJA,46,609.49,Egreso,2025-10-06,Transaction at Yatra,Transferencia,22039.63,0,Travel
31747.01,7365.11,ALTA,58,299.72,Egreso,2025-11-14,Transaction at MedPlus,Transferencia,649.9,0,Healthcare
30173.62,7733.38,ALTA,27,904.47,Egreso,2025-12-07,Transaction at McDonalds,Transferencia,914.07,0,Food
32101.51,9255.95,MEDIA,33,1698.58,Egreso,2025-11-30,Transaction at Levis,Transferencia,5470.35,0,Clothing
11052.09,4399.31,ALTA,53,241.36,Egreso,2025-06-23,Transaction at SonyLiv,Credito,871.5,2,Entertainment
25109.59,4507.35,BAJA,59,1961.2,Egreso,2025-11-27,Transaction at KFC,Debito,1392.38,0,Food
23874.64,7971.22,ALTA,43,1421.94,Egreso,2025-08-01,Transaction at Yatra,Debito,22597.09,0,Travel
5571.67,6239.82,ALTA,55,222.65,Egreso,2025-09-09,Transaction at Sony Center,Credito,143563.92,10,Electronics
22507.95,2400.55,BAJA,23,1581.98,Egreso,2025-07-28,Transaction at MakeMyTrip,Transferencia,7390.41,0,Travel
20981.55,9566.26,MEDIA,21,291.68,Egreso,2025-04-15,Transaction at Pantaloons,Debito,2986.52,0,Clothing
49234.39,6122.82,BAJA,0,678.4,Egreso,2025-05-14,Transaction at Biba,Credito,3885.4,10,Clothing
21261.78,6026.42,NULA,69,595.13,Egreso,2025-08-04,Transaction at Nilgiris,Debito,2451.26,0,Grocery
18570.76,8531.86,BAJA,66,164.59,Egreso,2025-05-24,Transaction at Star Bazaar,Transferencia,4195.59,0,Grocery
34639.51,8785.24,BAJA,25,136.83,Egreso,2025-04-23,Transaction at Reliance Fresh,Debito,2012.91,0,Grocery
14864.06,9536.62,NULA,62,749.12,Egreso,2025-04-11,Transaction at Starbucks,Transferencia,1326.56,0,Food
34290.72,3751.72,MEDIA,68,709.83,Egreso,2025-04-04,Transaction at AirAsia,Debito,1191.05,0,Travel
40504.46,8047.31,NULA,4,1317.02,Egreso,2025-06-05,Transaction at Asus Store,Transferencia,80206.6,0,Electronics
15363.04,6033.9,MEDIA,99,1383.83,Egreso,2025-02-14,Transaction at Metro Rail,Transferencia,301.95,0,Transport
41532.15,5770.21,ALTA,40,857.11,Egreso,2025-01-06,Transaction at Pantaloons,Credito,2578.14,4,Clothing
10385.9,6160.65,MEDIA,38,1608.14,Egreso,2025-07-14,Transaction at JioMart,Credito,4291.75,3,Grocery
27972.6,6970.04,NULA,65,200.44,Egreso,2025-03-26,Transaction at Gas Agency,Transferencia,4014.34,0,Bills
48895.76,7969.37,ALTA,62,263.56,Egreso,2025-05-21,Transaction at Samsung Store,Debito,67441.44,0,Electronics
13270.57,7678.82,ALTA,47,1518.24,Egreso,2025-10-01,Transaction at TSRTC,Credito,1276.02,10,Transport
35799.1,6199.93,ALTA,14,1039.08,Egreso,2025-04-07,Transaction at Fortis,Transferencia,13381.99,0,Healthcare
23919.17,5856.58,ALTA,97,1309.09,Egreso,2025-02-02,Transaction at Puma,Debito,3225.3,0,Clothing
48469.94,5432.43,NULA,9,1656.79,Egreso,2025-10-07,Transaction at Goibibo,Transferencia,15919.14,0,Travel
17744.46,4691.15,BAJA,55,1501.7,Egreso,2025-06-15,Transaction at Woodland,Transferencia,5614.75,0,Clothing
26858.44,1385.88,NULA,16,644.16,Egreso,2025-04-29,Transaction at Star Bazaar,Transferencia,4647.47,0,Grocery
22627.66,2423.51,NULA,31,267.9,Egreso,2025-05-24,Transaction at Lenskart,Debito,14442.25,0,Online Shopping
15341.36,6237.1,ALTA,10,1119.68,Egreso,2025-01-06,Transaction at TNEB,Debito,5850.5,0,Bills
42549.29,5884.73,ALTA,15,137.73,Egreso,2025-04-07,Transaction at TNEB,Debito,5440.12,0,Bills
23790.56,8135.17,NULA,91,1187.42,Egreso,2025-06-13,Transaction at Yatra,Credito,27346.93,10,Travel
11172.74,6252.06,NULA,47,775.22,Egreso,2025-07-19,Transaction at PharmEasy,Transferencia,797.84,0,Healthcare
41496.06,6960.05,ALTA,97,758.0,Egreso,2025-06-07,Transaction at US Polo,Debito,3949.99,0,Clothing
18511.55,4448.64,MEDIA,14,765.19,Egreso,2025-10-20,Transaction at Allen Solly,Transferencia,3984.58,0,Clothing
40319.93,4153.61,NULA,60,1993.63,Egreso,2025-08-05,Transaction at Flipkart,Transferencia,535.02,0,Online Shopping
32084.49,8631.88,MEDIA,7,1739.17,Egreso,2025-08-29,Transaction at Woodland,Credito,2453.91,1,Clothing
9238.62,4025.54,MEDIA,21,153.56,Egreso,2025-02-27,Transaction at Gas Agency,Debito,3851.15,0,Bills
20381.97,2554.33,MEDIA,38,733.69,Egreso,2025-03-06,Transaction at TSRTC,Debito,1114.15,0,Transport
12168.96,6966.69,MEDIA,2,561.0,Egreso,2025-08-31,Transaction at OnePlus,Transferencia,128008.08,0,Electronics
33896.67,1053.92,BAJA,18,1399.19,Egreso,2025-02-15,Transaction at Spencers,Debito,3113.72,0,Grocery
8293.73,6501.99,BAJA,28,241.05,Egreso,2025-01-22,Transaction at Allen Solly,Credito,6414.95,1,Clothing
17459.11,9255.82,ALTA,9,1702.51,Egreso,2025-03-24,Transaction at Noise,Transferencia,93292.5,0,Electronics
48664.04,1133.61,ALTA,52,1025.12,Egreso,2025-02-15,Transaction at Woodland,Credito,4527.72,6,Clothing
13453.2,6215.45,NULA,63,640.6,Egreso,2025-01-10,Transaction at Barbeque Nation,Credito,1201.89,5,Food
11187.07,6503.22,BAJA,23,503.68,Egreso,2025-09-11,Transaction at Netflix,Transferencia,375.7,0,Entertainment
18551.55,1029.5,NULA,9,1416.29,Egreso,2025-05-01,Transaction at Apple Music,Transferencia,914.72,0,Entertainment
48019.77,9445.45,NULA,77,1007.85,Egreso,2025-06-26,Transaction at Amazon,Transferencia,5070.61,0,Online Shopping
14459.19,2366.09,BAJA,95,440.36,Egreso,2025-08-28,Transaction at Ola,Debito,910.98,0,Transport
7051.49,7694.5,MEDIA,29,957.85,Egreso,2025-09-16,Transaction at Meru Cabs,Debito,359.25,0,Transport
5554.67,3704.64,ALTA,29,781.86,Egreso,2025-04-18,Transaction at Puma,Transferencia,6214.75,0,Clothing
8234.67,7228.12,BAJA,11,1704.83,Egreso,2025-03-21,Transaction at YouTube Premium,Transferencia,806.37,0,Entertainment
45032.9,7702.14,ALTA,72,1920.64,Egreso,2025-08-27,Transaction at Nykaa,Transferencia,11573.7,0,Online Shopping
46111.2,2831.42,ALTA,35,1476.07,Egreso,2025-04-14,Transaction at Subway,Transferencia,1405.52,0,Food
18234.73,2218.07,ALTA,26,1218.71,Egreso,2025-09-21,Transaction at MakeMyTrip,Transferencia,7606.01,0,Travel
18694.91,5440.64,NULA,0,632.81,Egreso,2025-02-21,Transaction at Dominos,Credito,679.31,7,Food
22136.39,1079.27,ALTA,6,367.5,Egreso,2025-07-02,Transaction at Spencers,Credito,2340.75,11,Grocery
45539.81,8546.82,BAJA,42,1236.84,Egreso,2025-10-10,Transaction at DMart,Transferencia,789.93,0,Grocery
10908.99,8504.97,NULA,28,1821.21,Egreso,2025-10-31,Transaction at Pizza Hut,Debito,552.54,0,Food
24659.33,3883.12,ALTA,95,1667.95,Egreso,2025-09-04,Transaction at H&M,Credito,2885.83,3,Clothing
5168.41,6029.57,NULA,96,1107.52,Egreso,2025-08-21,Transaction at Nature's Basket,Transferencia,1690.22,0,Grocery
29870.41,1593.58,BAJA,64,389.54,Egreso,2025-06-10,Transaction at Amazon Prime,Transferencia,650.89,0,Entertainment
33596.02,7995.09,ALTA,79,1231.23,Egreso,2025-09-18,Transaction at Air India,Transferencia,24299.24,0,Travel
39812.22,3156.55,NULA,44,527.72,Egreso,2025-01-30,Transaction at Flipkart,Debito,5517.67,0,Online Shopping
19402.66,8764.86,MEDIA,60,848.45,Egreso,2025-10-17,Transaction at DMart,Transferencia,2974.81,0,Grocery
43857.53,2325.78,NULA,78,447.38,Egreso,2025-01-28,Transaction at Booking.com,Credito,16741.49,10,Travel
18234.92,7033.74,NULA,67,290.0,Egreso,2025-06-04,Transaction at PharmEasy,Credito,229.14,1,Healthcare
15764.86,7280.01,NULA,33,598.06,Egreso,2025-12-08,Transaction at Starbucks,Credito,360.07,6,Food
10159.12,2815.61,ALTA,27,1175.66,Egreso,2025-10-17,Transaction at Mi Store,Credito,46022.92,1,Electronics
39867.75,3063.17,NULA,85,144.56,Egreso,2025-10-26,Transaction at 1mg,Transferencia,8552.84,0,Healthcare
34659.13,6969.16,NULA,6,1819.45,Egreso,2025-08-24,Transaction at Meru Cabs,Transferencia,1917.56,0,Transport
12336.53,7914.63,ALTA,0,527.15,Egreso,2025-06-05,Transaction at Asus Store,Transferencia,134142.52,0,Electronics
48304.41,4155.43,NULA,76,593.18,Egreso,2025-05-18,Transaction at Nature's Basket,Credito,2715.73,6,Grocery
26355.55,7252.66,ALTA,94,525.45,Egreso,2025-05-05,Transaction at Samsung Store,Transferencia,106995.32,0,Electronics
19012.99,7326.07,ALTA,94,827.69,Egreso,2025-08-03,Transaction at IRCTC,Credito,18389.19,7,Travel
6031.35,9525.0,BAJA,32,769.73,Egreso,2025-01-02,Transaction at Flipkart,Transferencia,2700.77,0,Online Shopping
33110.58,5874.43,MEDIA,87,677.43,Egreso,2025-03-18,Transaction at Meesho,Credito,5880.05,4,Online Shopping
11025.43,2053.36,BAJA,79,829.9,Egreso,2025-11-22,Transaction at Wrogn,Credito,7689.12,1,Clothing
28594.9,2669.3,MEDIA,32,343.13,Egreso,2025-12-02,Transaction at Aha,Transferencia,675.36,0,Entertainment
17479.23,4297.77,NULA,14,1049.64,Egreso,2025-08-24,Transaction at Barbeque Nation,Transferencia,1136.61,0,Food
39812.67,6954.39,NULA,82,1434.69,Egreso,2025-04-23,Transaction at Starbucks,Debito,939.0,0,Food
45598.17,5320.06,ALTA,33,814.59,Egreso,2025-07-24,Transaction at Adidas,Debito,4932.53,0,Clothing
26251.56,3650.27,BAJA,53,613.32,Egreso,2025-03-11,Transaction at Property Tax Online,Transferencia,633.31,0,Bills
34528.99,1905.98,ALTA,43,456.81,Egreso,2025-03-27,Transaction at Water Board,Debito,710.73,0,Bills
21733.01,7415.41,BAJA,96,1896.23,Egreso,2025-08-09,Transaction at MakeMyTrip,Transferencia,28281.93,0,Travel
27739.97,9012.12,NULA,56,1077.43,Egreso,2025-06-02,Transaction at TSRTC,Debito,945.39,0,Transport
21235.0,6431.7,ALTA,9,1071.78,Egreso,2025-02-26,Transaction at Apple Music,Transferencia,910.35,0,Entertainment
36824.29,8001.89,ALTA,0,1844.36,Egreso,2025-06-07,Transaction at Biba,Debito,6106.68,0,Clothing
15372.13,6471.77,ALTA,41,790.47,Egreso,2025-03-11,Transaction at OnePlus,Transferencia,58082.4,0,Electronics
12165.31,5422.49,BAJA,40,910.35,Egreso,2025-04-05,Transaction at Wrogn,Transferencia,3495.48,0,Clothing
38109.72,8556.79,BAJA,70,1519.78,Egreso,2025-12-02,Transaction at Meru Cabs,Transferencia,1806.65,0,Transport
5936.29,3899.96,BAJA,77,344.43,Egreso,2025-06-11,Transaction at Meru Cabs,Debito,642.97,0,Transport
19975.9,8177.6,ALTA,52,1128.21,Egreso,2025-07-22,Transaction at Kauvery,Credito,1333.9,2,Healthcare
21864.96,4116.91,NULA,98,666.01,Egreso,2025-10-21,Transaction at CloudNine,Debito,6178.82,0,Healthcare
26423.51,8096.04,ALTA,94,1132.2,Egreso,2025-08-21,Transaction at Chai Point,Debito,1177.39,0,Food
7052.94,2471.19,BAJA,15,1785.02,Egreso,2025-10-27,Transaction at HP World,Debito,68844.26,0,Electronics
35140.71,5579.27,ALTA,33,723.84,Egreso,2025-11-02,Transaction at TNEB,Transferencia,2552.69,0,Bills
27491.54,2102.94,MEDIA,98,402.43,Egreso,2025-07-05,Transaction at Kauvery,Transferencia,8988.93,0,Healthcare
32369.28,4200.42,ALTA,57,666.8,Egreso,2025-07-11,Transaction at Lenskart,Transferencia,10118.68,0,Online Shopping
45220.9,7364.1,ALTA,14,283.92,Egreso,2025-04-01,Transaction at Dell Exclusive,Credito,25012.73,6,Electronics
11203.45,6884.45,MEDIA,51,1019.55,Egreso,2025-06-28,Transaction at Tata Cliq,Debito,6711.09,0,Online Shopping
17939.96,4744.37,ALTA,73,1868.32,Egreso,2025-05-11,Transaction at Nilgiris,Credito,3780.41,4,Grocery
18135.55,2088.04,ALTA,83,1690.07,Egreso,2025-03-18,Transaction at A2B,Credito,374.7,11,Food
32355.69,3423.79,NULA,97,1772.27,Egreso,2025-04-13,Transaction at IndiGo,Debito,23052.22,0,Travel
41105.06,3160.04,BAJA,39,455.76,Egreso,2025-12-03,Transaction at Apple Store,Transferencia,27340.64,0,Electronics
27798.98,1881.06,NULA,75,622.77,Egreso,2025-03-10,Transaction at Nykaa,Credito,18138.91,5,Online Shopping
47072.4,8648.46,BAJA,75,1880.03,Egreso,2025-09-20,Transaction at Yulu Bikes,Credito,1748.52,9,Transport
38103.49,6376.59,ALTA,45,1931.34,Egreso,2025-05-25,Transaction at Yatra,Transferencia,22270.37,0,Travel
25926.9,4741.23,ALTA,21,1771.4,Egreso,2025-12-29,Transaction at RedBus,Debito,1498.38,0,Transport
5238.58,6460.86,BAJA,88,942.06,Egreso,2025-02-13,Transaction at Dominos,Debito,146.93,0,Food
13881.72,8803.7,NULA,17,180.49,Egreso,2025-08-06,Transaction at Amazon,Transferencia,11031.92,0,Online Shopping
45046.87,9920.57,BAJA,42,762.26,Egreso,2025-07-20,Transaction at Metro Rail,Transferencia,1750.08,0,Transport
43445.22,2979.59,ALTA,81,1777.17,Egreso,2025-06-28,Transaction at IRCTC,Credito,11354.25,10,Travel
24196.93,7731.74,ALTA,26,166.15,Egreso,2025-02-17,Transaction at Gas Agency,Transferencia,540.24,0,Bills
10758.07,5288.67,NULA,79,368.94,Egreso,2025-06-11,Transaction at Vodafone Idea,Credito,3798.85,5,Bills
43881.32,5702.21,MEDIA,27,635.34,Egreso,2025-02-21,Transaction at Reliance Fresh,Transferencia,3047.69,0,Grocery
30035.61,1432.18,ALTA,92,622.59,Egreso,2025-01-04,Transaction at IRCTC,Debito,28350.99,0,Travel
25475.28,9186.38,MEDIA,80,110.46,Egreso,2025-10-22,Transaction at Yulu Bikes,Credito,1974.27,11,Transport
48431.28,1491.93,ALTA,88,620.62,Egreso,2025-08-25,Transaction at IRCTC,Transferencia,19840.12,0,Travel
21438.74,7612.83,BAJA,26,1235.28,Egreso,2025-03-05,Transaction at Aha,Debito,197.28,0,Entertainment
38919.06,8003.76,BAJA,28,1102.99,Egreso,2025-09-21,Transaction at Starbucks,Debito,333.7,0,Food
16303.8,6820.52,NULA,39,772.26,Egreso,2025-08-21,Transaction at BSNL,Credito,4121.98,6,Bills
11856.22,6687.82,ALTA,72,973.98,Egreso,2025-03-27,Transaction at Spencers,Transferencia,3878.79,0,Grocery
10548.19,3521.97,BAJA,42,516.35,Egreso,2025-11-18,Transaction at Levis,Transferencia,4822.19,0,Clothing
45492.85,8272.87,MEDIA,34,1307.41,Egreso,2025-01-27,Transaction at Myntra,Transferencia,9511.15,0,Online Shopping
34258.9,6198.48,ALTA,68,1089.16,Egreso,2025-01-16,Transaction at CCD,Transferencia,719.32,0,Food
13770.05,8398.33,NULA,82,739.35,Egreso,2025-12-08,Transaction at DMart,Debito,3770.63,0,Grocery
11155.42,9537.87,ALTA,97,197.1,Egreso,2025-01-14,Transaction at MedPlus,Transferencia,14126.09,0,Healthcare
8715.77,1374.83,BAJA,17,196.77,Egreso,2025-06-30,Transaction at KFC,Debito,681.2,0,Food
41552.71,7615.33,NULA,97,124.2,Egreso,2025-12-24,Transaction at Aster,Credito,18005.06,5,Healthcare
46766.08,5317.94,MEDIA,65,762.58,Egreso,2025-03-08,Transaction at Amazon Prime,Debito,907.98,0,Entertainment
47622.65,2602.62,MEDIA,30,296.99,Egreso,2025-08-18,Transaction at Air India,Debito,29177.25,0,Travel
37532.67,9450.21,NULA,46,363.63,Egreso,2025-05-26,Transaction at Airtel,Credito,5028.51,3,Bills
8576.17,8757.54,ALTA,81,1776.95,Egreso,2025-05-17,Transaction at TNEB,Credito,389.29,2,Bills
23861.43,3626.42,NULA,32,1345.79,Egreso,2025-08-12,Transaction at Dominos,Transferencia,1471.88,0,Food
34654.31,1387.66,NULA,61,551.08,Egreso,2025-11-05,Transaction at Flipkart,Transferencia,1155.26,0,Online Shopping
22735.16,8255.21,BAJA,77,1303.36,Egreso,2025-01-31,Transaction at TNEB,Transferencia,3894.81,0,Bills
15240.4,9440.25,MEDIA,60,800.5,Egreso,2025-09-10,Transaction at Max Fashion,Debito,5006.05,0,Clothing
22272.76,1279.43,BAJA,12,1019.21,Egreso,2025-02-03,Transaction at Wrogn,Transferencia,3060.63,0,Clothing
41110.52,2189.88,ALTA,7,1745.14,Egreso,2025-03-18,Transaction at Spotify,Transferencia,667.84,0,Entertainment
8390.66,3768.23,ALTA,41,1487.88,Egreso,2025-03-01,Transaction at KFC,Credito,1453.89,3,Food
6654.65,6464.15,ALTA,4,315.32,Egreso,2025-10-04,Transaction at Levis,Transferencia,2647.99,0,Clothing
15588.27,7563.75,NULA,31,589.19,Egreso,2025-04-24,Transaction at Mi Store,Credito,32642.55,5,Electronics
28869.97,6162.91,NULA,55,1578.11,Egreso,2025-10-19,Transaction at Meesho,Transferencia,8840.19,0,Online Shopping
35957.91,3485.99,ALTA,44,490.31,Egreso,2025-07-05,Transaction at US Polo,Transferencia,634.33,0,Clothing
23506.94,3579.85,BAJA,58,473.94,Egreso,2025-07-08,Transaction at Mi Store,Credito,84100.33,11,Electronics
33620.64,8025.01,ALTA,18,308.85,Egreso,2025-11-17,Transaction at Spencers,Transferencia,4701.55,0,Grocery
36358.96,4974.88,ALTA,64,1401.71,Egreso,2025-10-23,Transaction at Airtel,Transferencia,2757.01,0,Bills
26199.13,2359.77,ALTA,46,1298.89,Egreso,2025-08-11,Transaction at YouTube Premium,Debito,729.35,0,Entertainment
49693.76,6750.86,NULA,79,1796.05,Egreso,2025-11-24,Transaction at Yatra,Debito,6475.69,0,Travel
31498.02,4335.2,NULA,7,123.4,Egreso,2025-12-26,Transaction at Zara,Transferencia,2314.36,0,Clothing
6951.28,9616.72,BAJA,61,1250.32,Egreso,2025-12-18,Transaction at US Polo,Transferencia,1069.36,0,Clothing
9003.28,5802.41,NULA,43,1656.6,Egreso,2025-03-31,Transaction at Samsung Store,Transferencia,115051.31,0,Electronics
42943.77,7222.32,ALTA,47,444.04,Egreso,2025-10-19,Transaction at Netflix,Transferencia,710.9,0,Entertainment
11952.54,3817.82,NULA,84,1104.74,Egreso,2025-08-14,Transaction at Meru Cabs,Debito,1256.77,0,Transport
7379.62,1791.3,NULA,93,468.45,Egreso,2025-08-25,Transaction at Amazon Prime,Credito,270.14,11,Entertainment
45651.58,9529.34,ALTA,29,1348.39,Egreso,2025-03-01,Transaction at SonyLiv,Debito,324.25,0,Entertainment
10616.25,3584.52,ALTA,21,751.18,Egreso,2025-05-22,Transaction at Property Tax Online,Transferencia,1926.59,0,Bills
29309.28,2986.37,NULA,68,1618.21,Egreso,2025-10-03,Transaction at A2B,Credito,1360.7,6,Food
6943.94,7634.68,ALTA,80,996.75,Egreso,2025-12-02,Transaction at Goibibo,Debito,3926.27,0,Travel
26963.01,4038.23,ALTA,25,1819.9,Egreso,2025-11-12,Transaction at SonyLiv,Transferencia,965.61,0,Entertainment
7391.09,2898.18,MEDIA,44,1128.42,Egreso,2025-07-29,Transaction at Tata Cliq,Credito,17164.71,5,Online Shopping
23349.62,8319.34,ALTA,64,1370.7,Egreso,2025-02-25,Transaction at Netmeds,Debito,10578.04,0,Healthcare
6578.86,7195.45,NULA,24,1407.09,Egreso,2025-12-18,Transaction at Spencers,Credito,3079.5,5,Grocery
17266.15,3520.05,BAJA,25,1899.54,Egreso,2025-04-25,Transaction at IndiGo,Transferencia,11245.17,0,Travel
46215.03,7430.18,MEDIA,27,628.12,Egreso,2025-08-15,Transaction at CloudNine,Transferencia,17382.36,0,Healthcare
24091.24,4708.03,BAJA,1,1170.74,Egreso,2025-01-16,Transaction at Aster,Transferencia,9510.22,0,Healthcare
39242.64,5703.09,BAJA,82,562.63,Egreso,2025-12-12,Transaction at YouTube Premium,Transferencia,228.77,0,Entertainment
37095.08,2435.61,NULA,96,882.83,Egreso,2025-01-23,Transaction at Apple Music,Credito,775.37,6,Entertainment
11987.18,2323.57,NULA,36,946.58,Egreso,2025-12-05,Transaction at Netflix,Debito,717.03,0,Entertainment
10618.46,2748.14,MEDIA,23,489.34,Egreso,2025-01-23,Transaction at Burger King,Debito,332.59,0,Food
6650.61,3297.78,NULA,96,1974.86,Egreso,2025-09-10,Transaction at Mi Store,Debito,39680.65,0,Electronics
30829.35,3927.3,BAJA,52,156.88,Egreso,2025-09-12,Transaction at Ola,Transferencia,959.78,0,Transport
12230.77,1935.21,BAJA,97,917.6,Egreso,2025-07-30,Transaction at IRCTC,Transferencia,29448.66,0,Travel
47203.23,5812.52,BAJA,40,1927.87,Egreso,2025-04-27,Transaction at Hotstar,Transferencia,432.17,0,Entertainment
18649.73,5806.75,BAJA,56,401.66,Egreso,2025-09-17,Transaction at Goibibo,Transferencia,5688.19,0,Travel
30185.15,5616.45,ALTA,68,1766.97,Egreso,2025-10-31,Transaction at OYO,Transferencia,8063.28,0,Travel
40815.69,6126.99,MEDIA,30,469.58,Egreso,2025-09-17,Transaction at Spencers,Transferencia,3845.15,0,Grocery
29934.92,5392.08,MEDIA,59,396.74,Egreso,2025-07-06,Transaction at Spotify,Debito,149.28,0,Entertainment
5176.93,9457.77,BAJA,66,1576.91,Egreso,2025-10-25,Transaction at DMart,Debito,1961.44,0,Grocery
15749.17,9722.31,MEDIA,21,413.23,Egreso,2025-03-14,Transaction at Meesho,Transferencia,1350.33,0,Online Shopping
14701.3,1550.57,BAJA,2,961.43,Egreso,2025-10-23,Transaction at Wrogn,Transferencia,3961.5,0,Clothing
22737.16,8854.07,BAJA,68,360.9,Egreso,2025-07-28,Transaction at Meesho,Debito,8231.37,0,Online Shopping
27092.14,3653.29,MEDIA,77,1693.05,Egreso,2025-08-31,Transaction at CloudNine,Transferencia,1720.28,0,Healthcare
26927.48,9003.67,ALTA,41,148.96,Egreso,2025-09-16,Transaction at Nike,Debito,4376.28,0,Clothing
13732.64,5108.78,BAJA,68,1099.21,Egreso,2025-09-24,Transaction at Apollo Pharmacy,Credito,6110.39,6,Healthcare
18792.5,9526.63,MEDIA,77,1940.88,Egreso,2025-09-20,Transaction at Yatra,Credito,17524.48,1,Travel
6644.14,5862.54,ALTA,64,793.66,Egreso,2025-01-29,Transaction at Hotstar,Debito,975.63,0,Entertainment
8007.07,3588.93,MEDIA,76,1878.14,Egreso,2025-08-29,Transaction at Vivo Store,Debito,129057.63,0,Electronics
40894.0,1855.52,ALTA,11,1983.25,Egreso,2025-12-10,Transaction at JioMart,Transferencia,3214.13,0,Grocery
18102.1,6105.93,NULA,81,632.5,Egreso,2025-05-31,Transaction at Jio Fiber,Debito,1341.42,0,Bills
49305.72,2065.3,BAJA,6,579.99,Egreso,2025-05-31,Transaction at Aha,Transferencia,582.85,0,Entertainment
11303.12,8766.98,ALTA,55,719.2,Egreso,2025-05-16,Transaction at Tata Cliq,Debito,10241.62,0,Online Shopping
41453.11,8667.32,ALTA,9,1671.95,Egreso,2025-09-17,Transaction at ACT Fibernet,Transferencia,5937.1,0,Bills
42353.36,1289.28,BAJA,13,789.64,Egreso,2025-04-21,Transaction at TNEB,Transferencia,395.48,0,Bills
21911.18,7540.24,NULA,18,206.86,Egreso,2025-09-26,Transaction at PharmEasy,Debito,12788.2,0,Healthcare
9928.68,3687.43,MEDIA,51,119.66,Egreso,2025-09-30,Transaction at Boat Lifestyle,Credito,103042.08,5,Electronics
14667.14,8050.28,NULA,0,799.82,Egreso,2025-03-15,Transaction at IndiGo,Transferencia,4589.48,0,Travel
22538.66,1562.29,BAJA,68,1280.21,Egreso,2025-07-05,Transaction at AirAsia,Transferencia,13126.58,0,Travel
25404.73,6832.92,BAJA,7,1165.32,Egreso,2025-10-07,Transaction at Hotstar,Debito,435.39,0,Entertainment
26588.77,1713.5,ALTA,21,1355.46,Egreso,2025-04-04,Transaction at KFC,Transferencia,1239.27,0,Food
49677.04,4838.91,MEDIA,52,480.53,Egreso,2025-10-30,Transaction at Yulu Bikes,Credito,1501.93,11,Transport
13862.21,5298.59,NULA,56,1295.84,Egreso,2025-11-25,Transaction at YouTube Premium,Transferencia,287.73,0,Entertainment
23167.87,9786.19,NULA,43,305.8,Egreso,2025-09-23,Transaction at Woodland,Transferencia,7348.22,0,Clothing
25624.4,7146.34,NULA,45,189.09,Egreso,2025-02-18,Transaction at Spotify,Transferencia,944.8,0,Entertainment
28509.35,6811.44,ALTA,37,274.14,Egreso,2025-12-12,Transaction at Spotify,Transferencia,902.01,0,Entertainment
45391.51,9839.21,MEDIA,14,103.91,Egreso,2025-03-28,Transaction at ACT Fibernet,Debito,2149.04,0,Bills
6494.74,2710.79,BAJA,64,179.04,Egreso,2025-12-17,Transaction at Netflix,Transferencia,615.11,0,Entertainment
5070.16,8648.33,NULA,34,1333.26,Egreso,2025-10-11,Transaction at Nike,Transferencia,2201.56,0,Clothing
15214.46,1932.72,NULA,45,1373.39,Egreso,2025-12-12,Transaction at Biba,Credito,4672.94,6,Clothing
17667.64,3709.2,MEDIA,9,1824.01,Egreso,2025-06-07,Transaction at Zara,Transferencia,3617.71,0,Clothing
45820.59,8273.11,ALTA,28,1191.75,Egreso,2025-08-02,Transaction at Gas Agency,Credito,1449.93,8,Bills
16779.88,8214.59,BAJA,69,456.38,Egreso,2025-08-03,Transaction at Vistara,Credito,27349.37,8,Travel
22879.51,1327.76,MEDIA,29,211.52,Egreso,2025-11-05,Transaction at BSNL,Transferencia,4550.01,0,Bills
21615.03,6643.39,BAJA,26,127.39,Egreso,2025-10-07,Transaction at Rapido,Transferencia,722.9,0,Transport
34397.64,8119.94,NULA,96,1570.72,Egreso,2025-08-22,Transaction at Biba,Credito,4391.2,11,Clothing
34080.25,4956.09,MEDIA,2,586.56,Egreso,2025-06-13,Transaction at Netmeds,Credito,8358.76,10,Healthcare
40600.87,8228.78,NULA,0,1560.68,Egreso,2025-10-01,Transaction at Metro Rail,Credito,338.36,1,Transport
22118.68,7718.05,ALTA,24,976.12,Egreso,2025-10-25,Transaction at Samsung Store,Transferencia,33026.19,0,Electronics
8445.14,7265.79,ALTA,75,1277.85,Egreso,2025-06-26,Transaction at Airtel,Debito,3841.65,0,Bills
19285.54,6538.34,MEDIA,65,233.7,Egreso,2025-11-24,Transaction at Nilgiris,Transferencia,336.38,0,Grocery
16590.79,7450.31,NULA,85,115.27,Egreso,2025-06-30,Transaction at RedBus,Debito,1825.58,0,Transport
31163.24,9016.36,NULA,53,829.39,Egreso,2025-02-03,Transaction at Myntra,Credito,13487.56,4,Online Shopping
46456.15,2472.64,MEDIA,19,1201.62,Egreso,2025-10-03,Transaction at Gas Agency,Transferencia,2273.43,0,Bills
20593.41,6426.94,ALTA,92,1062.37,Egreso,2025-07-18,Transaction at Pantaloons,Credito,5245.47,4,Clothing
26386.75,1575.54,BAJA,9,1931.45,Egreso,2025-01-28,Transaction at HP World,Transferencia,60784.59,0,Electronics
22269.1,4133.04,BAJA,53,1708.01,Egreso,2025-08-24,Transaction at Dominos,Transferencia,851.16,0,Food
48631.02,8399.04,NULA,68,158.28,Egreso,2025-10-23,Transaction at Dell Exclusive,Credito,19012.14,4,Electronics
46326.76,8871.72,NULA,5,390.52,Egreso,2025-10-07,Transaction at Subway,Transferencia,972.26,0,Food
12764.24,9479.89,ALTA,7,604.06,Egreso,2025-01-24,Transaction at Jio Fiber,Transferencia,5108.85,0,Bills
34929.89,6108.36,BAJA,50,348.26,Egreso,2025-08-08,Transaction at TNEB,Credito,2419.65,2,Bills
24637.98,3221.98,BAJA,99,1089.78,Egreso,2025-06-27,Transaction at Spencers,Debito,698.55,0,Grocery
45704.63,6954.64,BAJA,61,522.95,Egreso,2025-09-23,Transaction at Reliance Fresh,Debito,4398.84,0,Grocery
39397.8,9030.05,BAJA,60,460.11,Egreso,2025-04-15,Transaction at Nilgiris,Debito,1765.01,0,Grocery
35444.63,8625.56,NULA,50,590.54,Egreso,2025-09-01,Transaction at Nature's Basket,Transferencia,4970.44,0,Grocery
32691.56,2133.63,BAJA,74,1112.36,Egreso,2025-01-10,Transaction at Noise,Credito,112052.2,10,Electronics
22871.81,2819.27,BAJA,11,163.74,Egreso,2025-02-26,Transaction at Dominos,Debito,864.84,0,Food
39835.44,5930.47,MEDIA,23,1937.16,Egreso,2025-04-16,Transaction at Spencers,Transferencia,1317.12,0,Grocery
41395.64,7936.42,NULA,17,379.31,Egreso,2025-05-19,Transaction at Yulu Bikes,Credito,1117.57,10,Transport
46881.43,5952.98,BAJA,12,157.11,Egreso,2025-01-24,Transaction at Apollo Pharmacy,Transferencia,15289.83,0,Healthcare
28100.2,4102.21,BAJA,12,1421.92,Egreso,2025-05-23,Transaction at Wrogn,Transferencia,2117.36,0,Clothing
33171.19,3776.19,NULA,12,1414.47,Egreso,2025-09-17,Transaction at Vodafone Idea,Credito,714.19,8,Bills
30260.37,3270.62,BAJA,74,373.11,Egreso,2025-03-24,Transaction at Apollo Pharmacy,Transferencia,455.8,0,Healthcare
35605.18,6860.43,NULA,87,463.09,Egreso,2025-07-23,Transaction at Property Tax Online,Debito,5484.78,0,Bills
17216.29,9437.28,BAJA,12,1235.01,Egreso,2025-03-04,Transaction at Vistara,Debito,22779.58,0,Travel
33805.88,5264.14,MEDIA,92,542.21,Egreso,2025-04-10,Transaction at Taco Bell,Transferencia,620.26,0,Food
44171.89,4695.46,NULA,51,623.73,Egreso,2025-03-13,Transaction at ACT Fibernet,Transferencia,724.43,0,Bills
27117.75,4146.51,NULA,27,1939.97,Egreso,2025-05-26,Transaction at Vodafone Idea,Transferencia,4582.77,0,Bills
31823.56,3603.04,MEDIA,69,1428.79,Egreso,2025-10-18,Transaction at Flipkart,Transferencia,17597.98,0,Online Shopping
18222.83,9762.69,BAJA,83,1582.88,Egreso,2025-11-05,Transaction at Samsung Store,Credito,137661.78,8,Electronics
22284.69,8287.49,MEDIA,44,1523.36,Egreso,2025-08-06,Transaction at Ajio,Debito,19766.53,0,Online Shopping
31804.2,3175.22,NULA,83,317.16,Egreso,2025-02-02,Transaction at Water Board,Transferencia,2161.36,0,Bills
43684.93,4359.02,ALTA,70,1081.0,Egreso,2025-09-18,Transaction at Hotstar,Transferencia,574.87,0,Entertainment
38125.89,6088.73,ALTA,10,114.79,Egreso,2025-07-20,Transaction at Vivo Store,Transferencia,84277.41,0,Electronics
42266.74,3839.82,BAJA,52,884.68,Egreso,2025-05-22,Transaction at Hotstar,Transferencia,606.25,0,Entertainment
6239.09,1059.89,MEDIA,28,1821.52,Egreso,2025-02-22,Transaction at Spotify,Transferencia,791.64,0,Entertainment
39425.46,4119.39,BAJA,23,1876.63,Egreso,2025-05-03,Transaction at US Polo,Transferencia,6101.45,0,Clothing
44698.24,4202.27,BAJA,99,1385.42,Egreso,2025-07-17,Transaction at DMart,Transferencia,3683.41,0,Grocery
39036.8,4057.19,MEDIA,11,194.74,Egreso,2025-01-26,Transaction at CloudNine,Transferencia,18704.37,0,Healthcare
36006.18,2267.2,NULA,59,642.66,Egreso,2025-01-27,Transaction at Nilgiris,Transferencia,4899.85,0,Grocery
13940.36,1846.5,ALTA,32,1223.2,Egreso,2025-02-03,Transaction at CCD,Transferencia,555.19,0,Food
42577.02,1191.5,NULA,79,258.36,Egreso,2025-08-03,Transaction at Zee5,Credito,675.56,10,Entertainment
6181.77,8370.27,ALTA,17,1300.74,Egreso,2025-05-19,Transaction at Vivo Store,Transferencia,12497.14,0,Electronics
37446.02,3592.04,MEDIA,33,1294.86,Egreso,2025-09-29,Transaction at Adidas,Debito,6948.77,0,Clothing
44109.51,9799.07,NULA,26,1540.72,Egreso,2025-07-16,Transaction at Snapdeal,Debito,8871.77,0,Online Shopping
26975.42,1343.44,NULA,37,1334.46,Egreso,2025-09-28,Transaction at HP World,Debito,121885.3,0,Electronics
47794.7,7267.2,ALTA,77,1788.43,Egreso,2025-07-22,Transaction at CCD,Transferencia,151.77,0,Food
28798.79,9743.41,BAJA,36,1197.04,Egreso,2025-03-12,Transaction at Apple Music,Debito,915.86,0,Entertainment
12546.21,9911.9,NULA,99,1560.76,Egreso,2025-11-13,Transaction at Air India,Credito,15201.23,2,Travel
7508.12,1875.79,MEDIA,16,1442.67,Egreso,2025-03-31,Transaction at Vivo Store,Transferencia,10149.01,0,Electronics
39314.5,2520.88,BAJA,46,1123.14,Egreso,2025-12-26,Transaction at Starbucks,Transferencia,601.61,0,Food
17621.52,4825.13,ALTA,49,1401.7,Egreso,2025-04-25,Transaction at Noise,Credito,51474.25,1,Electronics
28374.33,1287.48,BAJA,13,761.46,Egreso,2025-05-02,Transaction at Ola,Credito,562.72,4,Transport
38343.53,6949.24,ALTA,45,1177.36,Egreso,2025-03-06,Transaction at Apollo Hospital,Credito,6827.11,8,Healthcare
24142.09,7583.07,ALTA,3,863.98,Egreso,2025-11-24,Transaction at MedPlus,Debito,13075.5,0,Healthcare
48118.08,5146.35,BAJA,81,1748.28,Egreso,2025-02-05,Transaction at JioMart,Credito,3448.32,11,Grocery
9594.98,6333.31,NULA,50,1233.08,Egreso,2025-04-11,Transaction at Myntra,Debito,358.23,0,Online Shopping
43995.12,4372.07,ALTA,50,1215.1,Egreso,2025-12-28,Transaction at BigBazaar,Transferencia,2065.26,0,Grocery
14601.65,2463.02,MEDIA,22,471.7,Egreso,2025-09-24,Transaction at BMTC,Debito,1374.45,0,Transport
24478.83,9156.74,ALTA,44,130.0,Egreso,2025-09-12,Transaction at MedPlus,Transferencia,16308.95,0,Healthcare
45380.0,1935.08,BAJA,28,1580.51,Egreso,2025-07-30,Transaction at Yulu Bikes,Credito,1971.0,7,Transport
29244.04,8852.38,ALTA,74,1478.71,Egreso,2025-09-20,Transaction at Nykaa,Transferencia,5203.4,0,Online Shopping
31689.1,8273.76,BAJA,26,1783.44,Egreso,2025-05-14,Transaction at Gaana,Transferencia,395.18,0,Entertainment
37202.69,2101.59,BAJA,58,889.89,Egreso,2025-04-28,Transaction at Myntra,Transferencia,10041.72,0,Online Shopping
24137.63,2662.14,ALTA,44,1170.72,Egreso,2025-03-06,Transaction at More Supermarket,Transferencia,384.81,0,Grocery
29227.77,3030.61,BAJA,58,1945.86,Egreso,2025-05-05,Transaction at Netmeds,Transferencia,15761.07,0,Healthcare
23487.68,2387.94,MEDIA,42,1570.66,Egreso,2025-09-01,Transaction at Apple Music,Debito,389.41,0,Entertainment
47800.29,2048.23,ALTA,31,1390.92,Egreso,2025-03-04,Transaction at Water Board,Transferencia,1886.78,0,Bills
34461.13,3068.79,BAJA,22,1210.58,Egreso,2025-09-12,Transaction at US Polo,Credito,5342.4,7,Clothing
40381.4,4035.23,NULA,72,1608.1,Egreso,2025-06-06,Transaction at Myntra,Transferencia,6454.94,0,Online Shopping
40431.5,6688.86,MEDIA,11,1545.41,Egreso,2025-12-04,Transaction at Apollo Pharmacy,Transferencia,12884.95,0,Healthcare
36580.79,2871.93,MEDIA,28,1322.69,Egreso,2025-11-14,Transaction at Fortis,Debito,3157.72,0,Healthcare
13244.57,5164.56,MEDIA,53,580.14,Egreso,2025-12-23,Transaction at Sony Center,Credito,55959.46,10,Electronics
8744.66,6526.26,NULA,6,1715.31,Egreso,2025-07-26,Transaction at CloudNine,Debito,16048.63,0,Healthcare
36007.58,5431.96,BAJA,58,844.84,Egreso,2025-12-01,Transaction at Aha,Transferencia,255.9,0,Entertainment
33997.96,7955.96,NULA,47,145.83,Egreso,2025-11-06,Transaction at Puma,Credito,6537.36,5,Clothing
46738.26,6670.92,ALTA,13,644.19,Egreso,2025-07-21,Transaction at Amazon,Transferencia,4345.86,0,Online Shopping
5796.36,4559.57,BAJA,77,1671.86,Egreso,2025-03-22,Transaction at JioMart,Transferencia,4704.47,0,Grocery
44425.19,6836.12,ALTA,91,1861.05,Egreso,2025-03-18,Transaction at Hotstar,Debito,891.72,0,Entertainment
17852.78,4146.11,MEDIA,53,108.14,Egreso,2025-12-29,Transaction at Reliance Fresh,Credito,1170.13,11,Grocery
5583.4,8111.85,NULA,12,374.11,Egreso,2025-06-18,Transaction at Gas Agency,Transferencia,2624.2,0,Bills
19207.9,3924.8,BAJA,23,439.18,Egreso,2025-10-21,Transaction at OYO,Transferencia,9808.12,0,Travel
45615.12,2689.09,NULA,45,1407.92,Egreso,2025-02-20,Transaction at BSNL,Transferencia,5969.56,0,Bills
42756.2,4588.89,BAJA,19,1772.69,Egreso,2025-04-11,Transaction at Aster,Debito,6936.53,0,Healthcare
44268.8,2521.37,MEDIA,71,1490.94,Egreso,2025-09-12,Transaction at Reliance Fresh,Debito,2331.48,0,Grocery
14234.8,3031.98,BAJA,85,1855.08,Egreso,2025-12-23,Transaction at Metro Rail,Debito,1084.62,0,Transport
7210.53,2124.11,MEDIA,83,982.64,Egreso,2025-05-16,Transaction at TSRTC,Transferencia,421.0,0,Transport
8410.67,6059.06,NULA,21,1151.69,Egreso,2025-02-13,Transaction at 1mg,Credito,6211.7,9,Healthcare
38690.59,4259.13,ALTA,80,1695.67,Egreso,2025-05-27,Transaction at Aha,Transferencia,438.54,0,Entertainment
34544.98,7579.94,BAJA,70,1057.01,Egreso,2025-01-31,Transaction at Kauvery,Transferencia,18518.93,0,Healthcare
10595.94,5142.33,MEDIA,60,1551.89,Egreso,2025-10-27,Transaction at Yatra,Credito,22236.88,7,Travel
11284.73,8060.17,MEDIA,66,1625.03,Egreso,2025-02-09,Transaction at CloudNine,Transferencia,11084.01,0,Healthcare
21393.17,9885.97,BAJA,37,1863.31,Egreso,2025-09-10,Transaction at Levis,Credito,7890.44,4,Clothing
47451.1,1701.98,MEDIA,78,1001.87,Egreso,2025-09-21,Transaction at 1mg,Credito,17974.06,2,Healthcare
32913.19,7517.92,NULA,72,535.25,Egreso,2025-01-04,Transaction at H&M,Transferencia,1759.47,0,Clothing
23502.18,1968.16,MEDIA,76,1979.8,Egreso,2025-11-12,Transaction at Apple Store,Debito,93216.76,0,Electronics
46022.8,1469.27,MEDIA,2,1091.11,Egreso,2025-06-15,Transaction at More Supermarket,Credito,3731.28,7,Grocery
25967.07,5276.22,NULA,9,1411.07,Egreso,2025-10-26,Transaction at Pepperfry,Transferencia,15439.66,0,Online Shopping
24221.58,8646.14,MEDIA,56,1656.33,Egreso,2025-10-16,Transaction at Booking.com,Credito,19166.64,4,Travel
9166.98,2777.68,NULA,11,1725.45,Egreso,2025-09-20,Transaction at Saravana Bhavan,Debito,1132.0,0,Food
13924.15,4080.58,ALTA,91,1512.15,Egreso,2025-12-07,Transaction at Lenskart,Credito,3927.65,2,Online Shopping
9488.15,1686.68,MEDIA,18,768.72,Egreso,2025-01-08,Transaction at Aha,Transferencia,813.43,0,Entertainment
20357.76,8380.77,ALTA,54,192.31,Egreso,2025-05-29,Transaction at Yatra,Transferencia,28348.36,0,Travel
36647.63,3272.12,NULA,95,210.44,Egreso,2025-04-17,Transaction at Netflix,Credito,327.28,8,Entertainment
24194.27,1627.93,MEDIA,3,873.79,Egreso,2025-02-18,Transaction at Dell Exclusive,Transferencia,90004.42,0,Electronics
37231.36,4068.49,ALTA,18,325.01,Egreso,2025-10-22,Transaction at Myntra,Credito,10841.03,7,Online Shopping
47613.23,2315.01,ALTA,17,642.65,Egreso,2025-01-03,Transaction at Gas Agency,Transferencia,4214.64,0,Bills
24598.06,1725.24,MEDIA,20,1985.95,Egreso,2025-08-03,Transaction at PharmEasy,Credito,17942.78,4,Healthcare
46108.59,3617.37,NULA,84,1613.69,Egreso,2025-12-31,Transaction at Property Tax Online,Credito,5647.02,5,Bills
24340.99,3987.2,ALTA,72,1963.2,Egreso,2025-04-07,Transaction at Aster,Transferencia,16610.19,0,Healthcare
32080.14,7312.3,ALTA,50,746.16,Egreso,2025-12-28,Transaction at DMart,Transferencia,738.25,0,Grocery
9314.03,1166.6,ALTA,26,980.02,Egreso,2025-07-16,Transaction at BigBazaar,Transferencia,4937.79,0,Grocery
19676.25,7053.57,MEDIA,93,721.87,Egreso,2025-09-09,Transaction at Apple Music,Transferencia,455.14,0,Entertainment
27112.58,7166.47,BAJA,5,1786.67,Egreso,2025-02-23,Transaction at H&M,Transferencia,1597.91,0,Clothing
5578.82,5129.85,BAJA,85,1484.36,Egreso,2025-08-27,Transaction at Tata Cliq,Credito,17249.87,7,Online Shopping
15061.9,9474.17,MEDIA,25,1765.55,Egreso,2025-11-29,Transaction at YouTube Premium,Debito,821.11,0,Entertainment
26847.61,8601.87,MEDIA,73,1395.56,Egreso,2025-12-09,Transaction at Dominos,Debito,1206.95,0,Food
37252.69,4567.95,MEDIA,50,960.28,Egreso,2025-10-03,Transaction at Netmeds,Credito,14141.76,6,Healthcare
48432.52,5378.84,BAJA,56,354.77,Egreso,2025-05-08,Transaction at BMTC,Debito,583.96,0,Transport
11740.55,5384.15,NULA,60,1206.81,Egreso,2025-09-09,Transaction at OnePlus,Credito,6165.73,2,Electronics
14139.28,4366.53,NULA,59,1894.34,Egreso,2025-06-16,Transaction at Saravana Bhavan,Credito,921.11,7,Food
21493.65,9729.42,ALTA,55,841.98,Egreso,2025-03-15,Transaction at Meru Cabs,Credito,1792.86,10,Transport
34748.0,6556.31,NULA,73,303.1,Egreso,2025-12-07,Transaction at Aster,Transferencia,4771.37,0,Healthcare
35752.39,9916.34,MEDIA,74,312.89,Egreso,2025-08-26,Transaction at OnePlus,Debito,134559.88,0,Electronics
24658.33,2124.76,NULA,91,1541.5,Egreso,2025-09-25,Transaction at RedBus,Debito,1782.49,0,Transport
9132.33,4457.71,NULA,60,185.34,Egreso,2025-12-25,Transaction at CloudNine,Transferencia,204.82,0,Healthcare
25974.03,4656.32,MEDIA,61,1470.11,Egreso,2025-12-11,Transaction at Lenskart,Transferencia,4084.06,0,Online Shopping
28186.42,3196.75,MEDIA,92,1266.79,Egreso,2025-09-15,Transaction at Cream Stone,Transferencia,498.23,0,Food
28995.16,3010.0,BAJA,1,1421.66,Egreso,2025-12-09,Transaction at Air India,Transferencia,1354.0,0,Travel
15477.55,7381.54,NULA,91,1331.72,Egreso,2025-12-10,Transaction at HP World,Transferencia,61703.51,0,Electronics
5033.62,5750.36,BAJA,39,1090.57,Egreso,2025-06-11,Transaction at Booking.com,Debito,6719.84,0,Travel
28018.32,4479.15,NULA,4,1874.5,Egreso,2025-03-27,Transaction at IndiGo,Transferencia,25222.45,0,Travel
49162.31,7013.47,BAJA,56,1196.76,Egreso,2025-11-17,Transaction at Wrogn,Credito,6432.09,1,Clothing
12755.77,9051.51,ALTA,94,1650.52,Egreso,2025-06-06,Transaction at A2B,Debito,1154.79,0,Food
24365.42,4397.48,NULA,62,896.21,Egreso,2025-07-02,Transaction at BigBazaar,Transferencia,2263.64,0,Grocery
35099.35,4628.48,BAJA,36,1229.6,Egreso,2025-12-27,Transaction at Adidas,Transferencia,2272.17,0,Clothing
32997.26,5754.93,NULA,91,181.98,Egreso,2025-09-10,Transaction at Spotify,Credito,143.72,10,Entertainment
33007.77,2513.46,NULA,0,672.05,Egreso,2025-03-17,Transaction at Reliance Fresh,Debito,470.23,0,Grocery
19947.57,8144.21,NULA,75,520.17,Egreso,2025-08-02,Transaction at Aster,Transferencia,3569.73,0,Healthcare
13138.82,1499.71,BAJA,43,253.23,Egreso,2025-02-01,Transaction at Adidas,Debito,6630.05,0,Clothing
9925.01,2614.7,MEDIA,17,1439.18,Egreso,2025-10-18,Transaction at Levis,Transferencia,3065.2,0,Clothing
9529.62,7689.97,BAJA,7,1892.96,Egreso,2025-05-26,Transaction at Vodafone Idea,Credito,3436.67,5,Bills
49380.56,1257.02,NULA,42,1372.74,Egreso,2025-08-28,Transaction at Vistara,Transferencia,8413.62,0,Travel
22749.21,5178.64,BAJA,32,698.29,Egreso,2025-11-16,Transaction at More Supermarket,Transferencia,1561.63,0,Grocery
22602.46,3810.79,MEDIA,79,713.31,Egreso,2025-02-13,Transaction at Zee5,Transferencia,820.47,0,Entertainment
8132.6,3903.94,NULA,50,1135.57,Egreso,2025-02-06,Transaction at Water Board,Transferencia,4971.27,0,Bills
37382.86,8004.35,MEDIA,82,1029.77,Egreso,2025-12-18,Transaction at Subway,Transferencia,1372.59,0,Food
6930.84,4969.23,NULA,43,1275.16,Egreso,2025-08-31,Transaction at Flipkart,Debito,2831.57,0,Online Shopping
20588.23,3217.41,ALTA,97,1593.92,Egreso,2025-05-06,Transaction at Vodafone Idea,Transferencia,5916.5,0,Bills
14588.65,6920.54,NULA,33,786.04,Egreso,2025-10-27,Transaction at Yulu Bikes,Debito,1958.98,0,Transport
20842.91,6328.45,ALTA,59,194.01,Egreso,2025-03-19,Transaction at Spencers,Credito,4237.61,8,Grocery
45022.99,2577.68,BAJA,95,113.4,Egreso,2025-03-24,Transaction at Kauvery,Credito,5605.01,8,Healthcare
13540.8,1264.76,MEDIA,17,1110.42,Egreso,2025-01-23,Transaction at Apollo Pharmacy,Debito,7142.88,0,Healthcare
17552.18,5497.23,ALTA,54,1205.44,Egreso,2025-10-18,Transaction at Nykaa,Transferencia,5413.49,0,Online Shopping
20276.1,7970.34,NULA,52,1229.88,Egreso,2025-01-30,Transaction at IRCTC,Debito,25691.09,0,Travel
15208.03,6693.52,BAJA,52,1007.82,Egreso,2025-09-19,Transaction at Yatra,Credito,5651.49,11,Travel
41386.82,5776.53,NULA,92,1825.01,Egreso,2025-07-01,Transaction at Reliance Digital,Credito,145154.61,7,Electronics
21264.96,4626.11,NULA,67,1308.19,Egreso,2025-09-21,Transaction at US Polo,Transferencia,7777.67,0,Clothing
9054.12,5296.9,BAJA,70,1681.43,Egreso,2025-03-31,Transaction at Barbeque Nation,Credito,710.62,7,Food
47109.68,6474.8,ALTA,78,1999.11,Egreso,2025-09-23,Transaction at TSRTC,Transferencia,1378.37,0,Transport
23673.58,5247.0,NULA,71,1169.85,Egreso,2025-07-11,Transaction at Burger King,Transferencia,706.15,0,Food
22390.16,3838.36,ALTA,74,1208.08,Egreso,2025-10-05,Transaction at AirAsia,Transferencia,20048.06,0,Travel
18471.48,8732.35,BAJA,11,899.39,Egreso,2025-07-01,Transaction at Uber,Transferencia,408.46,0,Transport
43987.29,8700.41,MEDIA,89,1391.62,Egreso,2025-02-09,Transaction at Netmeds,Transferencia,16471.19,0,Healthcare
28131.57,6499.14,ALTA,44,1170.17,Egreso,2025-06-22,Transaction at Nykaa,Transferencia,3101.85,0,Online Shopping
9448.99,7640.18,MEDIA,29,650.78,Egreso,2025-05-10,Transaction at Rapido,Debito,1550.44,0,Transport
41123.7,4030.6,ALTA,31,833.94,Egreso,2025-09-22,Transaction at Vivo Store,Transferencia,28781.82,0,Electronics
24363.55,4968.89,NULA,51,171.52,Egreso,2025-09-02,Transaction at Vivo Store,Credito,60555.74,9,Electronics
12723.2,6097.58,ALTA,11,1551.66,Egreso,2025-01-16,Transaction at Pantaloons,Transferencia,5660.21,0,Clothing
38186.21,8696.04,BAJA,64,969.71,Egreso,2025-05-02,Transaction at TNEB,Debito,1267.58,0,Bills
27602.43,6232.12,ALTA,91,448.33,Egreso,2025-12-06,Transaction at Asus Store,Transferencia,98067.54,0,Electronics
46600.75,6266.53,ALTA,21,551.2,Egreso,2025-09-26,Transaction at JioMart,Transferencia,1664.95,0,Grocery
5915.97,8774.88,MEDIA,33,480.4,Egreso,2025-01-07,Transaction at A2B,Credito,1100.17,2,Food
41480.37,7968.77,ALTA,84,1404.59,Egreso,2025-12-30,Transaction at Apollo Pharmacy,Credito,19710.87,7,Healthcare
34370.72,6182.26,ALTA,18,461.22,Egreso,2025-10-31,Transaction at US Polo,Debito,6780.32,0,Clothing
29885.54,6243.84,ALTA,52,760.99,Egreso,2025-08-29,Transaction at JioMart,Debito,234.85,0,Grocery
32415.05,6449.73,ALTA,20,1430.82,Egreso,2025-06-13,Transaction at Air India,Credito,8244.95,7,Travel
30527.94,8028.21,ALTA,46,564.07,Egreso,2025-02-15,Transaction at BMTC,Transferencia,1079.33,0,Transport
35169.35,8186.06,BAJA,32,192.27,Egreso,2025-07-26,Transaction at BMTC,Transferencia,1967.36,0,Transport
7971.48,5501.64,ALTA,58,168.61,Egreso,2025-09-23,Transaction at Boat Lifestyle,Debito,23836.79,0,Electronics
21664.86,1304.32,MEDIA,14,1651.93,Egreso,2025-06-19,Transaction at Star Bazaar,Credito,630.24,1,Grocery
8531.96,7186.76,MEDIA,72,455.04,Egreso,2025-05-16,Transaction at Snapdeal,Transferencia,3847.17,0,Online Shopping
35013.39,1908.68,MEDIA,2,1002.07,Egreso,2025-03-08,Transaction at Vodafone Idea,Credito,4301.2,11,Bills
28325.67,6981.33,NULA,46,1319.17,Egreso,2025-10-28,Transaction at TSRTC,Transferencia,1888.28,0,Transport
25009.47,2266.09,ALTA,82,1364.21,Egreso,2025-08-07,Transaction at RedBus,Transferencia,902.34,0,Transport
41172.69,9330.03,BAJA,11,323.92,Egreso,2025-10-31,Transaction at Adidas,Transferencia,918.35,0,Clothing
22949.87,1269.51,NULA,74,1981.06,Egreso,2025-07-06,Transaction at Uber,Transferencia,1261.43,0,Transport
16794.4,2788.21,BAJA,61,130.82,Egreso,2025-02-02,Transaction at Wrogn,Transferencia,7851.53,0,Clothing
32962.23,1496.29,BAJA,63,490.1,Egreso,2025-02-10,Transaction at IndiGo,Debito,6578.52,0,Travel
35397.15,4013.21,NULA,73,675.54,Egreso,2025-08-08,Transaction at CloudNine,Debito,3056.02,0,Healthcare
44338.05,3086.76,BAJA,18,1886.97,Egreso,2025-03-09,Transaction at Fortis,Transferencia,15705.09,0,Healthcare
7677.55,5560.23,ALTA,82,152.27,Egreso,2025-03-07,Transaction at TNEB,Credito,1537.11,4,Bills
6088.04,9880.65,NULA,31,1364.99,Egreso,2025-05-05,Transaction at US Polo,Transferencia,3035.4,0,Clothing
13975.75,6796.35,ALTA,54,1963.57,Egreso,2025-07-25,Transaction at IRCTC,Credito,25951.36,4,Travel
24245.97,3594.41,MEDIA,24,831.91,Egreso,2025-03-25,Transaction at Yulu Bikes,Transferencia,1944.14,0,Transport
18104.65,9766.76,MEDIA,43,1524.33,Egreso,2025-06-03,Transaction at Saravana Bhavan,Transferencia,202.53,0,Food
12399.58,1743.32,BAJA,51,1813.0,Egreso,2025-06-27,Transaction at Rapido,Debito,635.27,0,Transport
33293.99,7014.28,BAJA,24,758.55,Egreso,2025-08-16,Transaction at Uber,Transferencia,1730.7,0,Transport
16827.91,4572.12,ALTA,77,1618.49,Egreso,2025-12-30,Transaction at AirAsia,Transferencia,23907.58,0,Travel
40681.28,8776.18,ALTA,96,361.05,Egreso,2025-04-26,Transaction at Booking.com,Transferencia,7881.71,0,Travel
12047.34,1674.29,MEDIA,3,1662.0,Egreso,2025-12-04,Transaction at Boat Lifestyle,Transferencia,5188.31,0,Electronics
10987.27,2463.69,BAJA,1,472.41,Egreso,2025-09-12,Transaction at Pepperfry,Transferencia,10015.24,0,Online Shopping
30572.26,9360.51,BAJA,36,1508.43,Egreso,2025-04-16,Transaction at PharmEasy,Debito,11542.52,0,Healthcare
22305.1,1509.17,ALTA,22,389.34,Egreso,2025-05-24,Transaction at Ajio,Transferencia,14997.18,0,Online Shopping
26514.57,9578.69,ALTA,17,773.6,Egreso,2025-08-23,Transaction at Gas Agency,Debito,3791.39,0,Bills
5301.83,9164.66,MEDIA,97,953.08,Egreso,2025-06-08,Transaction at Netflix,Transferencia,181.82,0,Entertainment
42797.69,5712.81,NULA,2,992.96,Egreso,2025-02-12,Transaction at Dell Exclusive,Transferencia,93964.84,0,Electronics
38150.02,4753.14,NULA,56,1513.14,Egreso,2025-02-28,Transaction at Metro Rail,Credito,500.84,8,Transport
22241.62,4890.02,ALTA,33,498.09,Egreso,2025-10-17,Transaction at McDonalds,Debito,1138.95,0,Food
26437.03,2580.63,ALTA,89,1300.94,Egreso,2025-01-21,Transaction at Spencers,Transferencia,2149.39,0,Grocery
29365.58,7993.09,BAJA,0,1670.64,Egreso,2025-05-08,Transaction at BigBazaar,Debito,559.4,0,Grocery
19076.57,7154.8,BAJA,22,1345.09,Egreso,2025-02-06,Transaction at Apollo Hospital,Transferencia,18029.64,0,Healthcare
26907.18,3727.52,NULA,38,460.26,Egreso,2025-04-08,Transaction at Meesho,Credito,2882.7,6,Online Shopping
22047.81,4445.9,NULA,54,1534.73,Egreso,2025-10-22,Transaction at Subway,Credito,1388.78,10,Food
14939.6,7146.19,BAJA,9,143.06,Egreso,2025-03-26,Transaction at Spencers,Debito,4380.87,0,Grocery
17463.6,4116.92,BAJA,53,1401.64,Egreso,2025-01-24,Transaction at Lenskart,Transferencia,12185.49,0,Online Shopping
43166.04,3750.45,MEDIA,60,861.44,Egreso,2025-03-16,Transaction at Wrogn,Credito,5812.05,11,Clothing
9028.33,4133.84,MEDIA,85,435.78,Egreso,2025-11-08,Transaction at Reliance Digital,Credito,134237.14,8,Electronics
42776.88,2099.46,NULA,8,1428.73,Egreso,2025-03-17,Transaction at Vivo Store,Credito,118813.93,6,Electronics
10423.63,9317.32,MEDIA,93,1853.87,Egreso,2025-08-20,Transaction at Apollo Hospital,Debito,11873.23,0,Healthcare
39821.42,5751.66,MEDIA,69,1413.18,Egreso,2025-11-13,Transaction at Fortis,Transferencia,9419.57,0,Healthcare
19795.13,1168.22,ALTA,35,367.41,Egreso,2025-02-09,Transaction at Reliance Digital,Transferencia,111656.5,0,Electronics
40489.73,5229.67,NULA,63,1732.64,Egreso,2025-06-29,Transaction at OYO,Debito,2463.55,0,Travel
35844.68,9287.25,MEDIA,76,152.9,Egreso,2025-12-12,Transaction at Air India,Credito,8145.84,6,Travel
25058.18,9599.03,ALTA,3,908.73,Egreso,2025-10-06,Transaction at Lenskart,Credito,3700.12,2,Online Shopping
17084.09,8662.96,ALTA,55,1536.1,Egreso,2025-05-02,Transaction at US Polo,Transferencia,1169.4,0,Clothing
45504.96,3891.59,NULA,75,566.0,Egreso,2025-03-04,Transaction at Apple Music,Credito,915.83,1,Entertainment
16545.17,2805.33,NULA,76,474.27,Egreso,2025-07-08,Transaction at Fortis,Credito,17855.46,8,Healthcare
43009.03,5355.55,MEDIA,59,426.42,Egreso,2025-01-11,Transaction at IRCTC,Transferencia,20708.49,0,Travel
31056.9,6967.0,NULA,10,1068.49,Egreso,2025-05-12,Transaction at Wrogn,Credito,7326.9,10,Clothing
48369.02,3383.28,MEDIA,81,1114.98,Egreso,2025-08-27,Transaction at Asus Store,Transferencia,113397.91,0,Electronics
10844.35,3459.01,NULA,33,870.76,Egreso,2025-11-13,Transaction at Asus Store,Debito,64662.26,0,Electronics
49400.81,8129.75,ALTA,85,1027.23,Egreso,2025-06-17,Transaction at Levis,Debito,4318.17,0,Clothing
12589.15,4228.2,ALTA,39,1925.16,Egreso,2025-07-16,Transaction at Metro Rail,Transferencia,296.09,0,Transport
24876.93,8648.3,NULA,63,1240.57,Egreso,2025-07-22,Transaction at Metro Rail,Transferencia,731.96,0,Transport
38069.49,9597.28,ALTA,32,1198.47,Egreso,2025-01-14,Transaction at Starbucks,Credito,911.22,3,Food
17588.48,9429.41,MEDIA,80,1967.08,Egreso,2025-04-25,Transaction at CloudNine,Debito,2732.77,0,Healthcare
14895.85,7785.44,MEDIA,52,1041.31,Egreso,2025-08-28,Transaction at Sony Center,Transferencia,124338.93,0,Electronics
20731.48,2487.15,MEDIA,74,610.93,Egreso,2025-12-12,Transaction at Fortis,Transferencia,18743.14,0,Healthcare
25111.97,5285.94,BAJA,61,1552.09,Egreso,2025-01-11,Transaction at AirAsia,Transferencia,14884.4,0,Travel
44561.11,9741.73,BAJA,35,1363.81,Egreso,2025-03-23,Transaction at US Polo,Debito,7972.54,0,Clothing
47983.53,6961.33,NULA,84,862.78,Egreso,2025-05-25,Transaction at Lenskart,Credito,19998.58,11,Online Shopping
33583.73,4304.37,BAJA,20,1120.46,Egreso,2025-07-14,Transaction at IRCTC,Transferencia,6151.16,0,Travel
15131.2,3619.02,BAJA,21,1517.99,Egreso,2025-02-20,Transaction at Amazon Prime,Credito,972.35,11,Entertainment
31917.03,1227.68,MEDIA,72,243.98,Egreso,2025-03-23,Transaction at MedPlus,Credito,19507.27,8,Healthcare
46006.09,7029.09,BAJA,2,710.8,Egreso,2025-05-27,Transaction at Hotstar,Transferencia,169.06,0,Entertainment
13649.1,9354.89,MEDIA,12,1749.16,Egreso,2025-05-30,Transaction at KFC,Transferencia,475.37,0,Food
36054.8,4167.81,NULA,70,256.56,Egreso,2025-12-19,Transaction at Puma,Transferencia,1823.94,0,Clothing
11858.31,5954.33,BAJA,52,1605.09,Egreso,2025-05-06,Transaction at H&M,Debito,6038.05,0,Clothing
37988.8,8651.88,NULA,13,1030.34,Egreso,2025-08-02,Transaction at Rapido,Credito,330.81,8,Transport
34531.51,5871.71,BAJA,51,1899.36,Egreso,2025-03-14,Transaction at Property Tax Online,Credito,3602.04,7,Bills
42540.82,5522.36,BAJA,7,556.33,Egreso,2025-06-02,Transaction at Nykaa,Transferencia,14741.2,0,Online Shopping
33095.94,5459.62,ALTA,15,1138.69,Egreso,2025-06-01,Transaction at AirAsia,Transferencia,20685.12,0,Travel
6315.45,6446.95,ALTA,41,1053.35,Egreso,2025-02-18,Transaction at Flipkart,Credito,5469.17,3,Online Shopping
28769.03,2328.86,NULA,94,1202.96,Egreso,2025-02-23,Transaction at Spencers,Transferencia,4069.94,0,Grocery
6658.78,6327.06,BAJA,91,1610.63,Egreso,2025-04-27,Transaction at Meru Cabs,Credito,1558.49,8,Transport
42666.05,1932.16,ALTA,15,1400.26,Egreso,2025-11-11,Transaction at Nike,Transferencia,2669.31,0,Clothing
27201.46,8355.27,NULA,15,1691.39,Egreso,2025-03-23,Transaction at Netflix,Credito,435.63,4,Entertainment
7803.27,5466.78,ALTA,33,1960.15,Egreso,2025-10-31,Transaction at MedPlus,Credito,7575.0,11,Healthcare
30434.52,8884.33,NULA,40,314.47,Egreso,2025-11-26,Transaction at TNEB,Debito,488.88,0,Bills
18504.67,4082.11,MEDIA,15,1586.97,Egreso,2025-05-14,Transaction at Uber,Debito,1106.72,0,Transport
31576.4,6221.22,MEDIA,89,1473.42,Egreso,2025-04-27,Transaction at MakeMyTrip,Transferencia,25726.22,0,Travel
35245.86,4333.06,MEDIA,17,1174.41,Egreso,2025-09-12,Transaction at IRCTC,Transferencia,4581.37,0,Travel
16307.3,6771.46,BAJA,20,1247.32,Egreso,2025-03-16,Transaction at Amazon Prime,Debito,813.52,0,Entertainment
46570.61,8159.68,ALTA,88,714.52,Egreso,2025-08-01,Transaction at Lenskart,Debito,7034.19,0,Online Shopping
25276.38,8990.19,BAJA,59,620.18,Egreso,2025-12-29,Transaction at Myntra,Transferencia,18968.34,0,Online Shopping
25326.22,5900.24,NULA,62,1923.37,Egreso,2025-02-25,Transaction at PharmEasy,Debito,9071.62,0,Healthcare
22138.32,2516.22,NULA,46,927.79,Egreso,2025-08-18,Transaction at ACT Fibernet,Transferencia,3295.42,0,Bills
6141.84,6653.21,BAJA,46,1101.37,Egreso,2025-03-09,Transaction at MedPlus,Transferencia,18023.35,0,Healthcare
47508.66,9231.77,BAJA,42,891.82,Egreso,2025-06-11,Transaction at Property Tax Online,Transferencia,5776.58,0,Bills
20204.13,7342.48,BAJA,45,1645.65,Egreso,2025-11-03,Transaction at Water Board,Credito,5778.28,7,Bills
34297.76,6852.62,BAJA,88,1812.07,Egreso,2025-04-09,Transaction at Jio Fiber,Transferencia,2092.96,0,Bills
25912.28,4721.65,NULA,96,435.34,Egreso,2025-01-25,Transaction at Dell Exclusive,Transferencia,47531.86,0,Electronics
35751.67,8331.09,BAJA,86,1234.78,Egreso,2025-09-09,Transaction at Reliance Fresh,Credito,3091.96,7,Grocery
35532.93,9759.72,BAJA,82,321.66,Egreso,2025-12-15,Transaction at Ola,Debito,753.37,0,Transport
34121.46,8144.35,NULA,63,1585.29,Egreso,2025-12-09,Transaction at Allen Solly,Transferencia,7527.88,0,Clothing
16555.46,2824.0,ALTA,63,1622.99,Egreso,2025-06-27,Transaction at Mi Store,Credito,24977.79,1,Electronics
33143.06,6434.25,MEDIA,44,558.75,Egreso,2025-03-29,Transaction at Starbucks,Transferencia,762.48,0,Food
45857.71,3308.34,BAJA,79,1808.24,Egreso,2025-01-07,Transaction at Nature's Basket,Transferencia,2131.26,0,Grocery
25289.98,5922.36,MEDIA,21,727.55,Egreso,2025-09-25,Transaction at Booking.com,Transferencia,14852.11,0,Travel
29714.86,5537.04,ALTA,76,1732.84,Egreso,2025-09-08,Transaction at Netmeds,Transferencia,5143.21,0,Healthcare
19290.98,6824.65,MEDIA,72,1768.58,Egreso,2025-09-09,Transaction at Mi Store,Transferencia,109718.08,0,Electronics
49576.44,4515.79,ALTA,52,1946.97,Egreso,2025-06-20,Transaction at Nature's Basket,Debito,4721.67,0,Grocery
18181.37,7581.67,BAJA,91,422.52,Egreso,2025-06-15,Transaction at Aster,Transferencia,14353.34,0,Healthcare
44674.35,8483.9,ALTA,3,1191.31,Egreso,2025-10-10,Transaction at CCD,Transferencia,358.25,0,Food
22768.82,9800.42,ALTA,80,1271.73,Egreso,2025-06-28,Transaction at Noise,Transferencia,134473.05,0,Electronics
15751.9,2158.03,NULA,65,330.27,Egreso,2025-04-22,Transaction at 1mg,Credito,15255.24,5,Healthcare
16600.53,5591.19,BAJA,11,348.47,Egreso,2025-11-05,Transaction at Aster,Transferencia,12539.87,0,Healthcare
17281.87,5742.46,ALTA,97,1316.16,Egreso,2025-06-06,Transaction at Lenskart,Debito,16490.94,0,Online Shopping
18158.48,4840.88,NULA,72,1005.48,Egreso,2025-07-11,Transaction at Flipkart,Debito,12217.77,0,Online Shopping
18789.44,5318.71,NULA,32,685.84,Egreso,2025-11-04,Transaction at Nilgiris,Debito,845.9,0,Grocery
18623.61,4145.42,MEDIA,86,1597.96,Egreso,2025-06-14,Transaction at Yulu Bikes,Credito,1689.01,1,Transport
33851.77,8714.35,NULA,32,1653.44,Egreso,2025-04-06,Transaction at Water Board,Debito,4610.75,0,Bills
17796.48,3767.77,NULA,87,157.31,Egreso,2025-03-24,Transaction at Sony Center,Transferencia,82404.31,0,Electronics
22587.95,9587.46,BAJA,28,101.04,Egreso,2025-10-01,Transaction at BMTC,Debito,89.58,0,Transport
18973.84,5248.41,BAJA,33,1427.03,Egreso,2025-05-29,Transaction at IndiGo,Credito,1031.77,11,Travel
24876.08,8575.75,MEDIA,55,220.85,Egreso,2025-10-13,Transaction at IRCTC,Transferencia,8676.83,0,Travel
20146.9,3482.14,NULA,38,448.41,Egreso,2025-12-01,Transaction at Vodafone Idea,Transferencia,5706.91,0,Bills
14188.62,4273.01,BAJA,80,828.39,Egreso,2025-01-11,Transaction at YouTube Premium,Transferencia,138.26,0,Entertainment
12539.28,3454.28,BAJA,56,206.56,Egreso,2025-11-30,Transaction at Croma,Transferencia,88491.56,0,Electronics
48434.79,6879.88,MEDIA,90,227.74,Egreso,2025-07-28,Transaction at Spotify,Transferencia,473.71,0,Entertainment
29717.97,7898.5,NULA,69,1961.44,Egreso,2025-05-30,Transaction at McDonalds,Credito,837.56,1,Food
7885.08,5028.65,BAJA,32,1742.12,Egreso,2025-11-24,Transaction at BMTC,Transferencia,1156.63,0,Transport
16219.47,4514.22,NULA,3,231.88,Egreso,2025-05-07,Transaction at SonyLiv,Transferencia,636.3,0,Entertainment
39251.58,6921.79,BAJA,46,1193.22,Egreso,2025-06-15,Transaction at Woodland,Transferencia,1036.96,0,Clothing
19452.95,3425.09,ALTA,19,1961.67,Egreso,2025-11-09,Transaction at Noise,Credito,129745.54,2,Electronics
10454.13,7898.9,ALTA,90,1149.2,Egreso,2025-08-29,Transaction at OnePlus,Debito,149807.19,0,Electronics
11736.42,5134.02,NULA,77,1742.48,Egreso,2025-08-25,Transaction at Tata Cliq,Transferencia,18951.51,0,Online Shopping
39861.68,3312.92,MEDIA,97,641.64,Egreso,2025-12-12,Transaction at Saravana Bhavan,Transferencia,741.06,0,Food
7365.49,2231.48,BAJA,39,753.49,Egreso,2025-07-26,Transaction at TSRTC,Credito,1269.91,5,Transport
18715.71,7933.98,MEDIA,17,1094.77,Egreso,2025-12-02,Transaction at Zee5,Transferencia,779.95,0,Entertainment
25084.46,8062.92,MEDIA,94,1970.3,Egreso,2025-10-16,Transaction at SonyLiv,Debito,251.69,0,Entertainment
37592.93,6791.33,MEDIA,45,1163.47,Egreso,2025-08-23,Transaction at Lenskart,Transferencia,9629.62,0,Online Shopping
26631.63,7988.71,MEDIA,23,707.65,Egreso,2025-07-20,Transaction at Meru Cabs,Transferencia,758.23,0,Transport
24405.74,1185.51,BAJA,99,1269.99,Egreso,2025-09-10,Transaction at Amazon,Transferencia,12260.48,0,Online Shopping
25757.21,2575.72,NULA,55,1196.11,Egreso,2025-09-22,Transaction at Pepperfry,Debito,9213.84,0,Online Shopping
12374.22,3504.16,BAJA,54,1221.51,Egreso,2025-09-24,Transaction at Zee5,Transferencia,884.87,0,Entertainment
31402.13,8203.83,NULA,33,302.21,Egreso,2025-11-14,Transaction at Star Bazaar,Credito,1689.47,5,Grocery
49521.74,9947.61,MEDIA,4,237.2,Egreso,2025-10-23,Transaction at Fortis,Debito,19041.19,0,Healthcare
5401.83,1688.11,MEDIA,53,1846.09,Egreso,2025-06-10,Transaction at Metro Rail,Transferencia,1948.37,0,Transport
24645.25,3758.09,MEDIA,91,1641.39,Egreso,2025-05-08,Transaction at Nature's Basket,Transferencia,3159.21,0,Grocery
32408.6,6409.66,ALTA,48,266.89,Egreso,2025-07-16,Transaction at Boat Lifestyle,Credito,98231.05,5,Electronics
5156.67,2690.21,NULA,22,905.19,Egreso,2025-04-22,Transaction at Amazon Prime,Credito,926.79,6,Entertainment
8088.25,2276.83,NULA,78,1423.71,Egreso,2025-10-23,Transaction at Reliance Digital,Debito,44198.72,0,Electronics
21600.38,4904.74,BAJA,79,425.38,Egreso,2025-11-27,Transaction at Yatra,Debito,10773.49,0,Travel
42134.14,7762.28,ALTA,81,994.63,Egreso,2025-05-16,Transaction at Meru Cabs,Transferencia,61.22,0,Transport
28041.22,2098.35,BAJA,84,158.05,Egreso,2025-06-15,Transaction at OnePlus,Transferencia,125739.8,0,Electronics
46411.7,4075.48,ALTA,61,486.39,Egreso,2025-09-10,Transaction at SonyLiv,Debito,407.32,0,Entertainment
40203.37,9880.65,ALTA,72,160.52,Egreso,2025-08-08,Transaction at Netmeds,Transferencia,15673.02,0,Healthcare
10778.33,4361.23,ALTA,9,806.19,Egreso,2025-11-16,Transaction at Cream Stone,Transferencia,654.92,0,Food
42408.85,2451.3,MEDIA,66,925.35,Egreso,2025-04-28,Transaction at Metro Rail,Transferencia,1783.19,0,Transport
20436.18,8357.42,ALTA,53,1119.18,Egreso,2025-07-14,Transaction at H&M,Credito,1242.66,7,Clothing
47896.94,3121.97,MEDIA,96,1238.74,Egreso,2025-08-29,Transaction at Vodafone Idea,Transferencia,2776.47,0,Bills
24549.04,3638.6,ALTA,88,1899.35,Egreso,2025-12-17,Transaction at Asus Store,Transferencia,18811.93,0,Electronics
45399.88,1343.57,NULA,35,1749.32,Egreso,2025-09-14,Transaction at Zara,Debito,7344.28,0,Clothing
19786.46,1145.78,BAJA,77,214.83,Egreso,2025-12-06,Transaction at Ola,Transferencia,1618.54,0,Transport
14968.08,7934.11,MEDIA,24,1420.01,Egreso,2025-04-18,Transaction at IRCTC,Credito,7342.38,3,Travel
21872.18,4205.94,ALTA,98,579.53,Egreso,2025-09-04,Transaction at 1mg,Transferencia,2953.06,0,Healthcare
12748.91,1142.77,BAJA,28,1367.48,Egreso,2025-12-22,Transaction at More Supermarket,Debito,1429.96,0,Grocery
23574.91,2394.98,BAJA,27,1008.82,Egreso,2025-09-14,Transaction at Ola,Debito,1527.78,0,Transport
27881.85,9685.27,MEDIA,29,1746.19,Egreso,2025-03-11,Transaction at Burger King,Transferencia,1259.99,0,Food
40918.6,5419.49,BAJA,34,1879.59,Egreso,2025-05-25,Transaction at Amazon,Transferencia,16910.3,0,Online Shopping
42330.95,6124.74,ALTA,71,627.89,Egreso,2025-06-22,Transaction at HP World,Debito,89433.45,0,Electronics
10266.48,3911.84,ALTA,8,766.22,Egreso,2025-10-11,Transaction at PharmEasy,Transferencia,11195.07,0,Healthcare
21182.39,2264.46,NULA,58,1493.54,Egreso,2025-05-01,Transaction at Yatra,Transferencia,9964.33,0,Travel
11563.53,7554.6,ALTA,77,267.91,Egreso,2025-10-24,Transaction at Aha,Credito,915.96,9,Entertainment
40053.71,7574.28,ALTA,13,1904.68,Egreso,2025-03-09,Transaction at BSNL,Debito,4097.87,0,Bills
15889.59,8697.55,BAJA,68,678.57,Egreso,2025-01-26,Transaction at Pepperfry,Transferencia,18890.05,0,Online Shopping
30016.74,1321.37,ALTA,25,1023.64,Egreso,2025-10-10,Transaction at Pizza Hut,Credito,1018.93,6,Food
42413.1,1552.26,BAJA,74,436.52,Egreso,2025-04-09,Transaction at MedPlus,Transferencia,19451.26,0,Healthcare
14563.75,6424.8,NULA,98,1103.23,Egreso,2025-11-25,Transaction at Sony Center,Transferencia,17028.6,0,Electronics
14748.2,8182.01,BAJA,97,789.99,Egreso,2025-07-19,Transaction at Ajio,Transferencia,4276.61,0,Online Shopping
17955.4,4309.45,NULA,70,424.93,Egreso,2025-12-08,Transaction at Pepperfry,Transferencia,14041.65,0,Online Shopping
20001.22,1817.47,MEDIA,10,1351.37,Egreso,2025-09-16,Transaction at Vivo Store,Transferencia,68964.88,0,Electronics
34673.74,6509.92,MEDIA,1,1614.27,Egreso,2025-12-26,Transaction at CCD,Transferencia,904.19,0,Food
15381.13,7181.16,NULA,99,1603.95,Egreso,2025-08-07,Transaction at Dell Exclusive,Credito,148322.3,2,Electronics
23178.2,3033.89,BAJA,28,1055.71,Egreso,2025-06-01,Transaction at Booking.com,Credito,6850.96,7,Travel
31490.86,4354.96,NULA,3,1104.65,Egreso,2025-10-09,Transaction at Woodland,Debito,4460.11,0,Clothing
47378.44,1787.33,MEDIA,74,1316.34,Egreso,2025-11-17,Transaction at Ajio,Transferencia,343.12,0,Online Shopping
38579.03,7792.72,ALTA,53,1341.62,Egreso,2025-12-14,Transaction at IRCTC,Transferencia,7561.16,0,Travel
23455.91,1620.05,ALTA,33,863.17,Egreso,2025-01-03,Transaction at Nike,Credito,1227.97,3,Clothing
48375.55,9328.05,ALTA,66,1473.8,Egreso,2025-10-04,Transaction at Yulu Bikes,Transferencia,1615.47,0,Transport
25690.33,8881.78,ALTA,6,463.91,Egreso,2025-12-01,Transaction at Metro Rail,Debito,1414.38,0,Transport
28219.54,8023.5,NULA,68,1309.38,Egreso,2025-08-21,Transaction at Uber,Credito,1031.67,11,Transport
33010.23,4068.42,MEDIA,27,462.1,Egreso,2025-06-27,Transaction at Star Bazaar,Transferencia,2994.68,0,Grocery
46556.63,9579.24,ALTA,5,819.44,Egreso,2025-07-02,Transaction at Hotstar,Transferencia,994.09,0,Entertainment
29592.85,5857.58,BAJA,46,1456.29,Egreso,2025-02-25,Transaction at Hotstar,Transferencia,148.69,0,Entertainment
36765.64,5651.12,NULA,1,822.62,Egreso,2025-09-21,Transaction at Nature's Basket,Debito,2680.36,0,Grocery
33482.45,1870.07,MEDIA,76,144.53,Egreso,2025-04-11,Transaction at Aster,Transferencia,3378.14,0,Healthcare
33947.77,9035.85,BAJA,60,1942.58,Egreso,2025-06-29,Transaction at Pepperfry,Transferencia,15312.87,0,Online Shopping
25264.03,6459.66,ALTA,91,1546.33,Egreso,2025-05-06,Transaction at Apple Store,Transferencia,108225.16,0,Electronics
48715.51,4429.51,NULA,76,144.03,Egreso,2025-07-30,Transaction at Amazon,Credito,709.72,6,Online Shopping
36594.6,6206.17,MEDIA,50,1002.81,Egreso,2025-11-02,Transaction at Vivo Store,Debito,27778.16,0,Electronics
28718.87,1233.98,MEDIA,8,1828.5,Egreso,2025-10-09,Transaction at Snapdeal,Credito,19028.78,9,Online Shopping
28199.62,7750.13,ALTA,38,442.16,Egreso,2025-01-09,Transaction at IndiGo,Debito,1305.74,0,Travel
33601.01,9207.98,BAJA,53,112.57,Egreso,2025-06-08,Transaction at Sony Center,Credito,88595.97,2,Electronics
12702.78,6211.72,NULA,32,1051.95,Egreso,2025-08-23,Transaction at Yatra,Credito,1084.12,8,Travel
24397.1,4351.55,ALTA,86,1841.82,Egreso,2025-08-31,Transaction at Pepperfry,Debito,13391.29,0,Online Shopping
8743.49,4331.22,ALTA,53,1810.25,Egreso,2025-10-06,Transaction at Saravana Bhavan,Credito,1346.46,1,Food
39978.26,3119.68,MEDIA,8,1616.36,Egreso,2025-02-23,Transaction at Property Tax Online,Transferencia,5957.43,0,Bills
31493.31,2286.56,MEDIA,3,695.83,Egreso,2025-12-28,Transaction at Nilgiris,Debito,1922.29,0,Grocery
27668.82,1674.56,BAJA,5,1551.86,Egreso,2025-12-21,Transaction at Sony Center,Credito,23026.81,10,Electronics
23144.74,8524.03,ALTA,42,1498.34,Egreso,2025-01-07,Transaction at Apple Music,Transferencia,377.91,0,Entertainment
47970.75,7740.61,ALTA,37,1947.72,Egreso,2025-07-07,Transaction at Meru Cabs,Transferencia,1554.12,0,Transport
23723.82,3222.95,NULA,11,489.72,Egreso,2025-06-23,Transaction at Rapido,Credito,1222.82,7,Transport
42361.64,3355.13,NULA,30,1784.35,Egreso,2025-06-03,Transaction at Asus Store,Credito,111891.45,2,Electronics
42905.28,4720.69,MEDIA,19,521.6,Egreso,2025-04-10,Transaction at TNEB,Transferencia,3760.52,0,Bills
41501.74,6871.68,MEDIA,93,946.8,Egreso,2025-09-15,Transaction at Property Tax Online,Credito,2904.84,4,Bills
6608.41,7038.57,BAJA,58,545.64,Egreso,2025-02-26,Transaction at Reliance Fresh,Transferencia,4439.42,0,Grocery
18706.09,8198.7,ALTA,22,1165.28,Egreso,2025-03-02,Transaction at Aster,Transferencia,8167.18,0,Healthcare
43734.54,6019.1,NULA,10,1903.12,Egreso,2025-03-04,Transaction at Adidas,Transferencia,5222.41,0,Clothing
24086.99,1356.49,ALTA,2,127.17,Egreso,2025-04-13,Transaction at Metro Rail,Transferencia,596.59,0,Transport
35357.45,1092.75,ALTA,79,605.88,Egreso,2025-05-08,Transaction at Vistara,Debito,18148.08,0,Travel
35032.46,1831.0,MEDIA,63,1010.98,Egreso,2025-06-21,Transaction at Jio Fiber,Transferencia,1248.11,0,Bills
5264.79,3409.34,NULA,89,470.09,Egreso,2025-04-05,Transaction at Cream Stone,Transferencia,544.14,0,Food
16470.51,5594.67,BAJA,51,192.97,Egreso,2025-02-27,Transaction at Asus Store,Debito,148528.0,0,Electronics
43828.96,8389.07,BAJA,78,1037.64,Egreso,2025-07-12,Transaction at Aha,Credito,268.65,7,Entertainment
23199.9,5562.88,ALTA,2,621.21,Egreso,2025-05-31,Transaction at KFC,Credito,791.41,1,Food
40342.06,2728.29,BAJA,46,1343.7,Egreso,2025-08-28,Transaction at Apollo Hospital,Transferencia,12949.56,0,Healthcare
7999.44,4493.3,BAJA,78,1084.71,Egreso,2025-09-08,Transaction at 1mg,Debito,19890.8,0,Healthcare
9229.78,6228.17,NULA,24,1097.34,Egreso,2025-05-16,Transaction at Tata Cliq,Transferencia,3437.43,0,Online Shopping
5842.47,2568.56,ALTA,86,489.35,Egreso,2025-05-09,Transaction at Croma,Debito,46229.06,0,Electronics
44391.16,5092.8,NULA,69,1380.59,Egreso,2025-02-28,Transaction at Paradise Biryani,Transferencia,665.88,0,Food
15137.99,7387.32,ALTA,97,438.27,Egreso,2025-11-10,Transaction at Airtel,Debito,4554.71,0,Bills
30389.98,9502.58,MEDIA,71,308.26,Egreso,2025-08-26,Transaction at McDonalds,Debito,1339.1,0,Food
23726.54,1377.3,ALTA,80,1135.02,Egreso,2025-04-26,Transaction at Asus Store,Transferencia,138433.54,0,Electronics
36401.96,2922.79,BAJA,47,1152.53,Egreso,2025-12-07,Transaction at OnePlus,Transferencia,79444.26,0,Electronics
40369.02,1478.0,ALTA,57,1427.55,Egreso,2025-03-18,Transaction at Nilgiris,Transferencia,3714.96,0,Grocery
11357.43,1923.86,MEDIA,13,826.25,Egreso,2025-08-29,Transaction at Aha,Debito,169.05,0,Entertainment
22394.47,3614.22,MEDIA,20,780.02,Egreso,2025-04-15,Transaction at Jio Fiber,Transferencia,3422.69,0,Bills
44526.1,4209.46,BAJA,2,544.35,Egreso,2025-08-11,Transaction at JioMart,Credito,2046.07,8,Grocery
34185.64,1906.6,ALTA,74,980.58,Egreso,2025-03-24,Transaction at MedPlus,Debito,14254.49,0,Healthcare
14841.69,5249.63,ALTA,25,245.3,Egreso,2025-07-07,Transaction at Booking.com,Transferencia,29793.73,0,Travel
27138.42,6831.97,NULA,19,1257.77,Egreso,2025-09-20,Transaction at PharmEasy,Transferencia,7736.13,0,Healthcare
7963.66,8535.83,ALTA,47,1230.74,Egreso,2025-11-15,Transaction at Aha,Debito,532.71,0,Entertainment
34515.34,4056.07,NULA,48,1692.07,Egreso,2025-01-29,Transaction at Yulu Bikes,Debito,1298.64,0,Transport
44533.2,8625.7,BAJA,46,947.66,Egreso,2025-08-26,Transaction at Starbucks,Credito,1409.08,5,Food
31153.36,1876.18,NULA,52,272.99,Egreso,2025-12-13,Transaction at OYO,Debito,16425.74,0,Travel
27734.25,7955.65,NULA,74,1696.03,Egreso,2025-03-02,Transaction at Apple Music,Transferencia,744.99,0,Entertainment
39799.47,8414.1,MEDIA,95,1210.34,Egreso,2025-05-07,Transaction at Max Fashion,Credito,3694.7,1,Clothing
29984.71,5936.0,NULA,85,995.44,Egreso,2025-09-30,Transaction at JioMart,Transferencia,3887.21,0,Grocery
47073.97,8905.65,ALTA,39,1970.94,Egreso,2025-05-04,Transaction at Pepperfry,Transferencia,7346.53,0,Online Shopping
31268.69,3906.97,NULA,47,686.76,Egreso,2025-07-07,Transaction at OYO,Credito,4124.99,6,Travel
21993.26,5148.28,NULA,27,774.42,Egreso,2025-02-10,Transaction at Nykaa,Debito,4287.96,0,Online Shopping
16758.32,1389.89,MEDIA,90,162.01,Egreso,2025-07-29,Transaction at Apple Music,Transferencia,293.12,0,Entertainment
13049.8,6217.54,NULA,83,1630.12,Egreso,2025-09-29,Transaction at Spencers,Credito,1287.27,1,Grocery
46620.97,3165.81,NULA,53,1569.47,Egreso,2025-03-05,Transaction at Biba,Credito,3613.79,8,Clothing
21112.8,1738.61,ALTA,54,1230.73,Egreso,2025-08-25,Transaction at PharmEasy,Transferencia,4283.52,0,Healthcare
32271.51,3195.54,ALTA,67,551.51,Egreso,2025-03-20,Transaction at YouTube Premium,Debito,150.36,0,Entertainment
7176.49,6253.58,MEDIA,15,1658.1,Egreso,2025-11-15,Transaction at Yatra,Transferencia,29064.49,0,Travel
34816.34,8139.67,NULA,18,1895.69,Egreso,2025-10-01,Transaction at BSNL,Transferencia,1511.0,0,Bills
10462.46,7420.4,BAJA,42,1159.66,Egreso,2025-06-03,Transaction at Apple Music,Debito,732.61,0,Entertainment
47026.34,2505.48,MEDIA,44,1683.4,Egreso,2025-01-25,Transaction at Spencers,Transferencia,1623.39,0,Grocery
14521.39,4911.12,BAJA,35,853.72,Egreso,2025-03-27,Transaction at CloudNine,Transferencia,19583.83,0,Healthcare
39993.7,6685.36,MEDIA,29,1015.98,Egreso,2025-08-26,Transaction at Pizza Hut,Credito,776.27,11,Food
26132.39,2937.1,ALTA,69,1214.38,Egreso,2025-08-24,Transaction at Amazon Prime,Debito,284.19,0,Entertainment
39592.08,9422.07,BAJA,74,1334.89,Egreso,2025-01-08,Transaction at Pantaloons,Credito,1785.27,9,Clothing
38195.76,5483.82,NULA,53,1377.7,Egreso,2025-03-18,Transaction at Reliance Digital,Transferencia,97571.08,0,Electronics
35568.81,3317.35,BAJA,20,1564.71,Egreso,2025-07-18,Transaction at Lenskart,Credito,3152.56,5,Online Shopping
9439.24,4229.09,BAJA,89,278.95,Egreso,2025-06-03,Transaction at MakeMyTrip,Transferencia,21890.91,0,Travel
32012.76,2363.34,NULA,24,562.66,Egreso,2025-01-16,Transaction at Spencers,Credito,2009.72,8,Grocery
46005.61,8927.73,ALTA,50,975.98,Egreso,2025-12-07,Transaction at Netflix,Debito,820.05,0,Entertainment
20564.75,2537.81,BAJA,12,241.43,Egreso,2025-12-30,Transaction at Uber,Credito,774.38,9,Transport
11496.92,4703.01,ALTA,76,144.87,Egreso,2025-03-11,Transaction at Zee5,Transferencia,587.03,0,Entertainment
40924.58,4053.43,MEDIA,74,1477.39,Egreso,2025-08-02,Transaction at TNEB,Credito,1045.71,6,Bills
6445.09,2922.55,ALTA,61,145.59,Egreso,2025-10-22,Transaction at H&M,Debito,4157.41,0,Clothing
7855.33,2599.58,MEDIA,41,961.88,Egreso,2025-11-21,Transaction at Nature's Basket,Credito,566.56,4,Grocery
43076.09,1041.14,MEDIA,34,530.36,Egreso,2025-02-18,Transaction at AirAsia,Transferencia,22624.32,0,Travel
41198.21,2040.66,ALTA,42,1373.93,Egreso,2025-01-01,Transaction at Uber,Transferencia,214.49,0,Transport
38267.51,8448.52,MEDIA,55,1508.76,Egreso,2025-10-27,Transaction at Saravana Bhavan,Transferencia,1284.29,0,Food
9592.96,5538.8,BAJA,77,972.61,Egreso,2025-09-22,Transaction at Cream Stone,Transferencia,711.9,0,Food
30757.5,2183.9,NULA,89,1167.14,Egreso,2025-04-26,Transaction at Aster,Transferencia,15635.28,0,Healthcare
13718.69,8452.13,NULA,7,1072.47,Egreso,2025-09-21,Transaction at YouTube Premium,Transferencia,792.65,0,Entertainment
21919.53,8273.86,MEDIA,4,725.19,Egreso,2025-08-28,Transaction at More Supermarket,Debito,810.68,0,Grocery
6127.87,1637.51,MEDIA,95,953.71,Egreso,2025-10-16,Transaction at AirAsia,Credito,5134.31,2,Travel
33886.76,4663.74,BAJA,93,538.33,Egreso,2025-09-28,Transaction at Allen Solly,Transferencia,5399.46,0,Clothing
15843.72,1980.79,MEDIA,59,429.29,Egreso,2025-02-25,Transaction at MakeMyTrip,Transferencia,608.24,0,Travel
24163.64,1985.7,BAJA,82,214.35,Egreso,2025-06-16,Transaction at OnePlus,Transferencia,120953.82,0,Electronics
35067.27,4831.66,BAJA,52,1543.24,Egreso,2025-08-09,Transaction at A2B,Transferencia,385.85,0,Food
46359.01,5754.7,ALTA,41,287.37,Egreso,2025-10-04,Transaction at Amazon,Credito,2061.06,4,Online Shopping
19747.57,3102.96,ALTA,91,193.44,Egreso,2025-06-22,Transaction at IRCTC,Transferencia,18935.2,0,Travel
43970.38,4666.96,ALTA,86,432.68,Egreso,2025-05-05,Transaction at Kauvery,Credito,9296.76,1,Healthcare
25985.54,4460.43,MEDIA,52,1691.2,Egreso,2025-03-30,Transaction at Subway,Debito,707.13,0,Food
27083.92,5418.11,BAJA,16,224.33,Egreso,2025-04-20,Transaction at Chai Point,Credito,1027.58,9,Food
13420.22,8136.21,ALTA,65,1088.7,Egreso,2025-02-03,Transaction at Goibibo,Transferencia,9181.19,0,Travel
49740.9,7942.71,ALTA,0,455.33,Egreso,2025-05-15,Transaction at RedBus,Transferencia,901.03,0,Transport
22478.74,9535.29,MEDIA,13,898.15,Egreso,2025-07-06,Transaction at BSNL,Debito,4997.44,0,Bills
25489.29,5691.26,NULA,87,647.83,Egreso,2025-02-28,Transaction at Air India,Transferencia,27192.7,0,Travel
13413.07,5684.47,BAJA,11,915.49,Egreso,2025-06-13,Transaction at Meru Cabs,Transferencia,625.66,0,Transport
20358.07,8872.26,NULA,22,879.88,Egreso,2025-09-05,Transaction at SonyLiv,Credito,923.61,7,Entertainment
32722.66,1165.91,MEDIA,27,1242.33,Egreso,2025-09-16,Transaction at CloudNine,Transferencia,8277.85,0,Healthcare
18742.88,9832.03,NULA,44,1609.15,Egreso,2025-06-05,Transaction at Mi Store,Credito,128851.64,7,Electronics
30925.72,6964.67,MEDIA,81,1358.68,Egreso,2025-02-26,Transaction at JioMart,Debito,2936.8,0,Grocery
25105.11,4029.03,MEDIA,54,656.73,Egreso,2025-06-08,Transaction at More Supermarket,Transferencia,1607.71,0,Grocery
46824.19,6470.51,MEDIA,63,1107.82,Egreso,2025-12-22,Transaction at Reliance Fresh,Credito,3132.89,1,Grocery
35435.87,6258.14,ALTA,86,1312.17,Egreso,2025-03-28,Transaction at Tata Cliq,Transferencia,19090.44,0,Online Shopping
14966.71,5463.54,NULA,49,417.39,Egreso,2025-12-22,Transaction at Nature's Basket,Transferencia,2547.22,0,Grocery
16861.51,2636.66,MEDIA,39,1684.71,Egreso,2025-01-21,Transaction at Myntra,Transferencia,3421.72,0,Online Shopping
31643.96,4679.62,ALTA,86,688.16,Egreso,2025-07-24,Transaction at Airtel,Debito,3924.57,0,Bills
6014.35,5188.34,ALTA,95,1293.37,Egreso,2025-06-18,Transaction at BSNL,Credito,3451.3,1,Bills
42983.8,3088.98,NULA,93,647.25,Egreso,2025-06-28,Transaction at Nature's Basket,Transferencia,4380.02,0,Grocery
43105.25,6756.12,BAJA,70,454.09,Egreso,2025-10-12,Transaction at Spencers,Transferencia,1707.01,0,Grocery
27894.97,9247.47,NULA,77,520.16,Egreso,2025-07-14,Transaction at Adidas,Debito,5193.14,0,Clothing
41008.74,7245.15,ALTA,92,977.5,Egreso,2025-12-02,Transaction at CCD,Credito,141.4,1,Food
36714.12,5947.49,NULA,67,1723.89,Egreso,2025-08-30,Transaction at Barbeque Nation,Debito,1211.82,0,Food
20201.8,5542.78,NULA,87,202.38,Egreso,2025-03-19,Transaction at Subway,Transferencia,1020.85,0,Food
30237.17,6238.34,ALTA,25,106.0,Egreso,2025-02-08,Transaction at Metro Rail,Credito,153.98,6,Transport
9406.63,2377.8,BAJA,46,181.82,Egreso,2025-09-29,Transaction at Amazon Prime,Credito,257.64,6,Entertainment
28435.65,1484.99,BAJA,17,519.42,Egreso,2025-07-17,Transaction at IRCTC,Debito,7579.13,0,Travel
13488.42,7915.12,MEDIA,1,1543.09,Egreso,2025-06-03,Transaction at Gaana,Transferencia,137.93,0,Entertainment
5860.16,1621.63,ALTA,47,937.53,Egreso,2025-07-01,Transaction at Pizza Hut,Transferencia,786.29,0,Food
47310.0,9695.63,ALTA,71,1013.43,Egreso,2025-02-14,Transaction at Water Board,Transferencia,2229.23,0,Bills
21880.04,5453.73,MEDIA,18,1031.94,Egreso,2025-11-16,Transaction at Saravana Bhavan,Transferencia,1193.94,0,Food
39054.62,9634.54,BAJA,91,1563.95,Egreso,2025-07-16,Transaction at Kauvery,Transferencia,19486.47,0,Healthcare
49780.77,9825.91,MEDIA,72,443.26,Egreso,2025-04-30,Transaction at Meesho,Transferencia,9739.79,0,Online Shopping
49341.52,5833.27,ALTA,12,683.22,Egreso,2025-09-24,Transaction at Metro Rail,Transferencia,1417.2,0,Transport
9997.6,7609.46,ALTA,21,1540.43,Egreso,2025-02-06,Transaction at Max Fashion,Debito,690.85,0,Clothing
18396.84,8675.2,NULA,91,340.29,Egreso,2025-03-06,Transaction at Ajio,Debito,15695.48,0,Online Shopping
13445.15,9752.48,ALTA,52,357.69,Egreso,2025-10-25,Transaction at Flipkart,Transferencia,6022.22,0,Online Shopping
32808.89,8764.46,BAJA,11,1530.33,Egreso,2025-11-14,Transaction at Booking.com,Transferencia,24078.41,0,Travel
13932.44,6505.08,ALTA,58,1631.57,Egreso,2025-10-25,Transaction at Taco Bell,Credito,441.24,10,Food
23302.15,3765.19,ALTA,69,129.79,Egreso,2025-05-16,Transaction at Netmeds,Transferencia,15438.07,0,Healthcare
21678.76,8319.37,BAJA,20,501.82,Egreso,2025-02-01,Transaction at 1mg,Transferencia,6670.6,0,Healthcare
40024.56,9124.37,MEDIA,5,1912.78,Egreso,2025-08-10,Transaction at Spencers,Credito,2296.78,6,Grocery
46274.17,5178.24,NULA,28,674.17,Egreso,2025-08-03,Transaction at Reliance Fresh,Credito,1263.07,4,Grocery
40737.05,7745.44,MEDIA,53,409.82,Egreso,2025-01-01,Transaction at Aha,Credito,312.62,7,Entertainment
38695.89,1781.38,BAJA,89,213.24,Egreso,2025-04-13,Transaction at Netflix,Transferencia,789.41,0,Entertainment
22230.85,4417.09,MEDIA,89,1137.11,Egreso,2025-06-24,Transaction at Reliance Digital,Debito,88781.75,0,Electronics
33938.01,1818.97,NULA,15,1620.83,Egreso,2025-12-24,Transaction at YouTube Premium,Credito,169.5,10,Entertainment
26915.57,4330.23,NULA,14,1368.27,Egreso,2025-06-26,Transaction at JioMart,Transferencia,463.23,0,Grocery
29633.18,1001.69,NULA,18,211.64,Egreso,2025-04-02,Transaction at OYO,Transferencia,12974.23,0,Travel
19036.62,3424.66,MEDIA,45,374.27,Egreso,2025-12-01,Transaction at Yatra,Debito,29241.51,0,Travel
14754.42,6653.37,ALTA,19,1912.23,Egreso,2025-07-23,Transaction at Yulu Bikes,Transferencia,493.63,0,Transport
49968.29,2064.75,MEDIA,45,1685.1,Egreso,2025-05-24,Transaction at PharmEasy,Credito,8364.08,10,Healthcare
25616.16,9775.26,BAJA,66,1229.15,Egreso,2025-07-15,Transaction at Jio Fiber,Transferencia,2986.52,0,Bills
48341.64,8845.57,NULA,23,1663.36,Egreso,2025-05-11,Transaction at Pepperfry,Transferencia,9485.66,0,Online Shopping
43409.7,8374.92,BAJA,11,216.31,Egreso,2025-07-05,Transaction at Tata Cliq,Transferencia,910.01,0,Online Shopping
24298.68,2193.94,NULA,34,927.53,Egreso,2025-04-05,Transaction at IndiGo,Transferencia,9251.44,0,Travel
32866.13,1101.37,NULA,8,565.61,Egreso,2025-06-14,Transaction at Vodafone Idea,Credito,950.86,10,Bills
45144.94,1370.15,ALTA,53,1035.68,Egreso,2025-02-25,Transaction at Kauvery,Debito,19329.11,0,Healthcare
5247.14,3960.06,ALTA,56,618.24,Egreso,2025-02-03,Transaction at Myntra,Debito,3207.13,0,Online Shopping
12785.54,3352.53,NULA,78,553.59,Egreso,2025-11-20,Transaction at Max Fashion,Transferencia,1452.01,0,Clothing
24819.34,3362.74,ALTA,72,388.66,Egreso,2025-03-15,Transaction at Goibibo,Transferencia,13262.02,0,Travel
8795.89,1613.36,BAJA,75,257.99,Egreso,2025-10-14,Transaction at Apollo Hospital,Credito,7322.86,3,Healthcare
35575.21,3085.78,ALTA,18,545.07,Egreso,2025-06-17,Transaction at Woodland,Transferencia,4565.83,0,Clothing
6457.87,4371.4,MEDIA,88,377.1,Egreso,2025-07-12,Transaction at Netmeds,Transferencia,14456.73,0,Healthcare
44615.12,2423.52,NULA,47,386.24,Egreso,2025-12-23,Transaction at Barbeque Nation,Transferencia,989.79,0,Food
25506.11,7383.38,BAJA,52,1058.73,Egreso,2025-09-06,Transaction at Snapdeal,Credito,19131.32,5,Online Shopping
12957.04,8359.28,MEDIA,12,1556.26,Egreso,2025-05-20,Transaction at Puma,Debito,5214.33,0,Clothing
41459.17,9328.47,BAJA,1,1567.3,Egreso,2025-11-09,Transaction at Lenskart,Debito,12146.67,0,Online Shopping
6022.97,1198.19,BAJA,45,633.73,Egreso,2025-12-22,Transaction at Mi Store,Credito,5029.2,11,Electronics
28571.47,3696.78,ALTA,58,994.94,Egreso,2025-05-19,Transaction at YouTube Premium,Transferencia,555.94,0,Entertainment
10664.03,9797.72,MEDIA,44,137.16,Egreso,2025-07-19,Transaction at SonyLiv,Transferencia,625.41,0,Entertainment
27897.13,8798.47,BAJA,19,1826.44,Egreso,2025-01-10,Transaction at Jio Fiber,Transferencia,1669.09,0,Bills
37109.3,2723.53,ALTA,39,658.73,Egreso,2025-07-16,Transaction at Saravana Bhavan,Transferencia,1315.33,0,Food
38616.6,3557.69,MEDIA,1,478.18,Egreso,2025-12-26,Transaction at Uber,Transferencia,675.08,0,Transport
23536.26,9566.86,NULA,56,638.71,Egreso,2025-01-08,Transaction at Kauvery,Transferencia,9668.49,0,Healthcare
21212.42,5286.63,MEDIA,54,851.99,Egreso,2025-06-27,Transaction at Max Fashion,Credito,4205.84,1,Clothing
8446.0,1632.48,NULA,18,718.45,Egreso,2025-11-13,Transaction at Ajio,Transferencia,18968.51,0,Online Shopping
43120.86,7889.4,ALTA,46,210.08,Egreso,2025-09-05,Transaction at Pizza Hut,Debito,1440.95,0,Food
27410.85,5046.28,BAJA,39,1546.92,Egreso,2025-07-29,Transaction at Subway,Transferencia,1419.34,0,Food
6081.57,7063.85,MEDIA,12,1177.39,Egreso,2025-07-03,Transaction at MakeMyTrip,Transferencia,10914.3,0,Travel
20629.14,7932.75,MEDIA,90,1850.21,Egreso,2025-08-29,Transaction at IRCTC,Transferencia,29460.09,0,Travel
6350.45,7659.87,BAJA,26,514.07,Egreso,2025-05-08,Transaction at Woodland,Transferencia,6473.68,0,Clothing
5656.2,5106.78,ALTA,26,1272.62,Egreso,2025-10-19,Transaction at Apollo Pharmacy,Transferencia,7259.05,0,Healthcare
16563.86,6572.02,NULA,89,1072.77,Egreso,2025-08-05,Transaction at Wrogn,Debito,852.92,0,Clothing
23361.69,3902.78,MEDIA,94,438.9,Egreso,2025-05-16,Transaction at Apollo Hospital,Transferencia,6945.11,0,Healthcare
12242.63,3081.16,ALTA,21,784.64,Egreso,2025-09-18,Transaction at YouTube Premium,Transferencia,668.14,0,Entertainment
11140.48,7231.8,NULA,56,117.83,Egreso,2025-05-02,Transaction at Yulu Bikes,Transferencia,111.19,0,Transport
43371.9,7509.35,ALTA,33,1510.81,Egreso,2025-12-11,Transaction at YouTube Premium,Transferencia,792.68,0,Entertainment
26176.28,8833.44,ALTA,6,1158.36,Egreso,2025-04-03,Transaction at HP World,Transferencia,54775.62,0,Electronics
23282.86,6363.1,NULA,21,1336.28,Egreso,2025-01-21,Transaction at Metro Rail,Transferencia,107.73,0,Transport
19845.15,4500.15,ALTA,94,482.51,Egreso,2025-04-25,Transaction at DMart,Transferencia,1361.33,0,Grocery
43873.11,1646.85,ALTA,8,149.9,Egreso,2025-09-12,Transaction at Spotify,Credito,857.91,8,Entertainment
43577.35,3878.45,MEDIA,8,475.11,Egreso,2025-06-10,Transaction at Yulu Bikes,Debito,668.02,0,Transport
29267.98,8313.86,NULA,55,564.92,Egreso,2025-09-11,Transaction at Vistara,Transferencia,27502.48,0,Travel
13093.62,2481.96,NULA,56,303.69,Egreso,2025-03-16,Transaction at Water Board,Transferencia,3063.92,0,Bills
22210.4,6612.0,ALTA,88,993.14,Egreso,2025-09-21,Transaction at Jio Fiber,Transferencia,804.03,0,Bills
45557.63,6465.64,NULA,39,1676.19,Egreso,2025-10-08,Transaction at Metro Rail,Debito,1345.63,0,Transport
24490.34,5952.66,BAJA,94,921.74,Egreso,2025-07-08,Transaction at OYO,Credito,21392.93,1,Travel
9788.55,2112.07,NULA,33,1705.94,Egreso,2025-04-07,Transaction at Hotstar,Credito,295.81,3,Entertainment
47401.04,8476.73,NULA,45,1413.83,Egreso,2025-07-13,Transaction at IRCTC,Transferencia,3339.88,0,Travel
38003.76,8048.92,MEDIA,72,1396.11,Egreso,2025-04-12,Transaction at More Supermarket,Debito,613.59,0,Grocery
46375.25,5134.15,NULA,86,1598.14,Egreso,2025-03-09,Transaction at Biba,Transferencia,6870.53,0,Clothing
14652.48,4412.83,NULA,75,202.42,Egreso,2025-04-15,Transaction at CCD,Debito,422.77,0,Food
41601.38,8635.67,NULA,91,1294.93,Egreso,2025-11-14,Transaction at Reliance Fresh,Transferencia,3668.97,0,Grocery
32249.09,1188.32,NULA,92,1480.84,Egreso,2025-11-04,Transaction at Apple Store,Debito,121152.14,0,Electronics
49091.15,5433.2,MEDIA,40,189.05,Egreso,2025-07-18,Transaction at Gaana,Debito,513.32,0,Entertainment
24055.82,9538.56,ALTA,25,1475.85,Egreso,2025-10-18,Transaction at AirAsia,Debito,14117.42,0,Travel
31063.71,5909.06,ALTA,65,1193.97,Egreso,2025-03-13,Transaction at Rapido,Credito,1028.29,6,Transport
12312.1,9351.64,BAJA,12,1558.73,Egreso,2025-10-24,Transaction at Pizza Hut,Transferencia,136.18,0,Food
13707.17,8556.06,MEDIA,18,1784.82,Egreso,2025-05-12,Transaction at Metro Rail,Transferencia,670.08,0,Transport
40176.39,8595.52,MEDIA,9,1931.4,Egreso,2025-10-18,Transaction at Pepperfry,Credito,883.4,1,Online Shopping
45455.6,7661.16,ALTA,93,567.06,Egreso,2025-11-27,Transaction at Uber,Transferencia,1541.25,0,Transport
27273.03,3395.95,MEDIA,66,699.23,Egreso,2025-10-16,Transaction at Airtel,Transferencia,1359.11,0,Bills
16606.55,2901.08,NULA,10,1811.88,Egreso,2025-06-06,Transaction at Biba,Transferencia,2384.89,0,Clothing
9583.22,9531.22,MEDIA,95,203.03,Egreso,2025-09-20,Transaction at Fortis,Transferencia,19392.1,0,Healthcare
34106.84,3013.17,ALTA,40,284.91,Egreso,2025-04-30,Transaction at Property Tax Online,Credito,4676.99,8,Bills
6089.15,8425.2,MEDIA,55,365.87,Egreso,2025-08-07,Transaction at Amazon Prime,Transferencia,625.55,0,Entertainment
43448.3,6184.96,MEDIA,93,1911.99,Egreso,2025-11-25,Transaction at Barbeque Nation,Transferencia,317.88,0,Food
10813.72,8619.24,ALTA,95,1512.24,Egreso,2025-07-17,Transaction at Starbucks,Debito,1349.21,0,Food
14184.35,1213.33,MEDIA,71,1421.35,Egreso,2025-09-16,Transaction at Mi Store,Transferencia,9409.13,0,Electronics
26998.54,7892.99,BAJA,58,1919.12,Egreso,2025-01-23,Transaction at Yulu Bikes,Credito,1655.63,7,Transport
21094.33,6910.87,BAJA,36,349.26,Egreso,2025-02-21,Transaction at Meru Cabs,Transferencia,367.99,0,Transport
12460.13,8806.7,NULA,91,307.43,Egreso,2025-07-05,Transaction at Ajio,Transferencia,12190.15,0,Online Shopping
7121.26,5161.9,NULA,35,622.21,Egreso,2025-12-31,Transaction at Booking.com,Credito,4400.96,9,Travel
13835.55,5587.57,MEDIA,2,1963.56,Egreso,2025-10-20,Transaction at BSNL,Transferencia,578.03,0,Bills
27171.18,6128.16,NULA,8,1736.96,Egreso,2025-02-25,Transaction at Apple Music,Debito,553.89,0,Entertainment
34108.66,5864.02,NULA,6,109.54,Egreso,2025-10-15,Transaction at Reliance Fresh,Transferencia,1099.13,0,Grocery
24626.81,9247.94,MEDIA,92,1128.37,Egreso,2025-05-19,Transaction at Star Bazaar,Transferencia,3951.56,0,Grocery
33737.07,2510.08,NULA,17,1904.93,Egreso,2025-12-27,Transaction at Starbucks,Transferencia,1153.68,0,Food
16976.39,1735.54,BAJA,10,804.26,Egreso,2025-05-24,Transaction at MedPlus,Transferencia,16585.3,0,Healthcare
16018.82,2993.9,BAJA,49,1149.35,Egreso,2025-07-10,Transaction at TNEB,Credito,518.77,7,Bills
25255.73,6812.81,ALTA,60,230.78,Egreso,2025-03-21,Transaction at Yatra,Debito,12453.98,0,Travel
15128.41,1700.66,NULA,80,1709.66,Egreso,2025-08-08,Transaction at Netflix,Transferencia,846.32,0,Entertainment
37854.1,3658.54,BAJA,26,1226.69,Egreso,2025-03-24,Transaction at Reliance Digital,Transferencia,123021.28,0,Electronics
32505.48,2094.62,ALTA,42,1465.41,Egreso,2025-03-25,Transaction at Vodafone Idea,Debito,1686.56,0,Bills
34427.22,5429.92,ALTA,69,497.6,Egreso,2025-07-30,Transaction at RedBus,Credito,1823.09,9,Transport
31269.29,1852.61,BAJA,62,1560.4,Egreso,2025-03-24,Transaction at Yatra,Credito,20032.25,10,Travel
47272.86,7715.9,BAJA,11,1236.62,Egreso,2025-08-09,Transaction at Air India,Transferencia,21884.87,0,Travel
24324.46,7094.12,MEDIA,78,1431.25,Egreso,2025-09-05,Transaction at Croma,Credito,55415.99,8,Electronics
20382.19,5751.17,BAJA,48,585.25,Egreso,2025-03-20,Transaction at Woodland,Transferencia,1663.07,0,Clothing
23407.88,4921.44,ALTA,42,735.38,Egreso,2025-01-09,Transaction at Tata Cliq,Transferencia,2990.69,0,Online Shopping
26624.56,4405.49,NULA,0,1231.26,Egreso,2025-10-02,Transaction at DMart,Credito,1266.45,1,Grocery
39341.58,3118.34,BAJA,89,919.07,Egreso,2025-08-31,Transaction at PharmEasy,Debito,1731.01,0,Healthcare
36920.98,2066.34,MEDIA,60,851.39,Egreso,2025-11-11,Transaction at Metro Rail,Transferencia,1889.08,0,Transport
47076.03,9382.8,MEDIA,87,752.7,Egreso,2025-01-27,Transaction at Netmeds,Credito,4936.52,6,Healthcare
42070.24,1372.29,MEDIA,71,1495.12,Egreso,2025-08-02,Transaction at Dell Exclusive,Debito,40166.13,0,Electronics
10064.53,4429.86,NULA,92,910.34,Egreso,2025-05-29,Transaction at SonyLiv,Transferencia,938.95,0,Entertainment
44994.03,7226.31,BAJA,83,1169.31,Egreso,2025-03-27,Transaction at Rapido,Transferencia,1907.37,0,Transport
5503.23,2684.93,NULA,22,1468.32,Egreso,2025-06-23,Transaction at Aster,Debito,2650.14,0,Healthcare
23766.02,2423.05,NULA,15,1884.73,Egreso,2025-08-25,Transaction at OYO,Credito,22715.54,10,Travel
25368.35,3220.1,ALTA,15,255.96,Egreso,2025-08-30,Transaction at Adidas,Transferencia,6636.12,0,Clothing
6101.57,4302.5,ALTA,18,1625.16,Egreso,2025-02-10,Transaction at Biba,Credito,643.57,1,Clothing
37015.95,8005.07,MEDIA,15,1330.65,Egreso,2025-12-26,Transaction at More Supermarket,Transferencia,2915.88,0,Grocery
10665.9,4958.67,BAJA,53,1993.47,Egreso,2025-09-27,Transaction at Flipkart,Credito,2124.98,11,Online Shopping
33798.89,4116.31,ALTA,97,1286.8,Egreso,2025-12-26,Transaction at SonyLiv,Transferencia,131.94,0,Entertainment
6579.91,9765.31,MEDIA,54,1042.64,Egreso,2025-04-21,Transaction at Allen Solly,Debito,1332.73,0,Clothing
28982.36,6029.14,ALTA,45,287.36,Egreso,2025-06-15,Transaction at Rapido,Transferencia,1944.47,0,Transport
31600.58,3615.65,MEDIA,67,1391.94,Egreso,2025-12-18,Transaction at Aha,Debito,651.18,0,Entertainment
30305.19,9609.41,ALTA,49,600.11,Egreso,2025-05-06,Transaction at Subway,Transferencia,100.6,0,Food
22044.35,2957.95,MEDIA,67,276.41,Egreso,2025-02-07,Transaction at IRCTC,Transferencia,14669.39,0,Travel
43710.85,1394.34,MEDIA,87,452.06,Egreso,2025-02-08,Transaction at YouTube Premium,Transferencia,159.63,0,Entertainment
34839.67,9710.3,NULA,96,224.38,Egreso,2025-06-24,Transaction at Lenskart,Credito,15966.03,11,Online Shopping
24715.86,9590.83,NULA,29,760.55,Egreso,2025-10-08,Transaction at Uber,Transferencia,1408.74,0,Transport
42722.88,6950.88,ALTA,88,1537.2,Egreso,2025-12-31,Transaction at Spencers,Debito,207.76,0,Grocery
41356.91,1438.35,NULA,38,1767.46,Egreso,2025-09-27,Transaction at PharmEasy,Credito,188.55,1,Healthcare
31543.49,1427.28,MEDIA,27,1310.08,Egreso,2025-03-18,Transaction at TNEB,Transferencia,4372.43,0,Bills
14248.61,8240.66,BAJA,93,1472.81,Egreso,2025-03-17,Transaction at Vodafone Idea,Transferencia,1644.86,0,Bills
10334.04,5925.03,BAJA,76,1453.5,Egreso,2025-03-09,Transaction at Amazon,Transferencia,4178.62,0,Online Shopping
16320.22,9818.43,ALTA,55,969.68,Egreso,2025-02-15,Transaction at Adidas,Transferencia,7379.04,0,Clothing
47519.34,1271.6,ALTA,6,1117.69,Egreso,2025-09-16,Transaction at Vodafone Idea,Credito,4874.2,10,Bills
24466.45,2087.04,BAJA,61,860.11,Egreso,2025-07-01,Transaction at Air India,Credito,4755.72,4,Travel
23379.73,1872.02,NULA,58,1143.74,Egreso,2025-03-15,Transaction at Jio Fiber,Credito,5899.91,4,Bills
22331.98,6042.33,NULA,22,1184.99,Egreso,2025-10-12,Transaction at Pantaloons,Credito,3803.1,2,Clothing
24630.12,4630.19,BAJA,13,1885.22,Egreso,2025-05-04,Transaction at Biba,Debito,2380.37,0,Clothing
36464.49,8391.54,MEDIA,2,1124.32,Egreso,2025-02-04,Transaction at Zee5,Transferencia,976.84,0,Entertainment
44999.52,7868.15,MEDIA,10,480.52,Egreso,2025-07-23,Transaction at Ajio,Transferencia,12931.48,0,Online Shopping
38110.45,7607.97,ALTA,32,1273.47,Egreso,2025-08-17,Transaction at AirAsia,Transferencia,18646.22,0,Travel
11993.46,7847.15,ALTA,24,989.36,Egreso,2025-12-06,Transaction at Reliance Digital,Debito,45247.01,0,Electronics
42736.97,6374.43,BAJA,16,1773.18,Egreso,2025-01-28,Transaction at CloudNine,Transferencia,9416.16,0,Healthcare
10900.9,6650.89,ALTA,0,1543.44,Egreso,2025-06-27,Transaction at Woodland,Debito,7597.02,0,Clothing
19535.42,5562.86,BAJA,25,1462.05,Egreso,2025-12-20,Transaction at Myntra,Transferencia,2552.57,0,Online Shopping
34547.32,1923.6,NULA,55,1581.1,Egreso,2025-04-17,Transaction at Apple Store,Debito,45607.63,0,Electronics
12756.5,3638.68,NULA,0,785.84,Egreso,2025-10-06,Transaction at Ola,Transferencia,1686.03,0,Transport
26716.37,1393.21,MEDIA,39,982.85,Egreso,2025-02-28,Transaction at Ajio,Transferencia,15084.49,0,Online Shopping
19461.28,9154.2,NULA,12,1485.09,Egreso,2025-09-14,Transaction at Samsung Store,Transferencia,94308.41,0,Electronics
7936.41,9589.01,BAJA,2,1132.75,Egreso,2025-07-12,Transaction at Starbucks,Credito,1237.26,5,Food
19515.16,2758.69,NULA,43,1164.23,Egreso,2025-10-15,Transaction at DMart,Debito,3114.78,0,Grocery
30653.65,2041.59,MEDIA,75,1026.81,Egreso,2025-10-13,Transaction at Apple Music,Transferencia,310.72,0,Entertainment
27580.57,2627.91,MEDIA,13,198.78,Egreso,2025-12-21,Transaction at Saravana Bhavan,Credito,561.1,1,Food
42186.55,6536.53,NULA,46,656.91,Egreso,2025-10-10,Transaction at Vodafone Idea,Transferencia,703.29,0,Bills
23993.3,2034.71,BAJA,55,1374.02,Egreso,2025-07-28,Transaction at Flipkart,Transferencia,3912.86,0,Online Shopping
38745.59,5362.48,BAJA,92,1549.22,Egreso,2025-03-28,Transaction at TNEB,Credito,5290.36,4,Bills
31186.51,4084.57,BAJA,70,1515.71,Egreso,2025-03-01,Transaction at Boat Lifestyle,Transferencia,31193.55,0,Electronics
35456.2,8183.92,NULA,60,405.78,Egreso,2025-09-24,Transaction at Tata Cliq,Credito,3877.02,11,Online Shopping
44687.8,1835.65,NULA,55,1316.43,Egreso,2025-09-16,Transaction at YouTube Premium,Transferencia,151.63,0,Entertainment
37425.32,8157.19,BAJA,92,984.27,Egreso,2025-06-25,Transaction at Gaana,Transferencia,829.77,0,Entertainment
16152.59,4324.16,ALTA,1,1533.52,Egreso,2025-09-16,Transaction at Star Bazaar,Debito,4213.22,0,Grocery
8235.14,7648.34,BAJA,36,1060.4,Egreso,2025-07-29,Transaction at Gaana,Transferencia,183.9,0,Entertainment
14983.58,2209.14,NULA,49,954.95,Egreso,2025-12-17,Transaction at Yulu Bikes,Debito,508.52,0,Transport
29991.63,6223.78,MEDIA,48,611.16,Egreso,2025-03-07,Transaction at TSRTC,Credito,1996.41,9,Transport
41365.58,6793.74,MEDIA,51,159.94,Egreso,2025-02-09,Transaction at Hotstar,Credito,922.3,8,Entertainment
27800.96,5516.28,BAJA,50,893.13,Egreso,2025-03-19,Transaction at Fortis,Credito,7085.08,8,Healthcare
18968.32,2428.34,ALTA,51,688.42,Egreso,2025-05-15,Transaction at Property Tax Online,Transferencia,1938.68,0,Bills
24862.38,5185.35,ALTA,58,1507.1,Egreso,2025-07-14,Transaction at BigBazaar,Credito,2875.38,10,Grocery
36055.95,3718.83,MEDIA,67,1162.35,Egreso,2025-02-04,Transaction at KFC,Credito,1153.64,2,Food
6878.34,9223.38,NULA,67,849.06,Egreso,2025-09-14,Transaction at Sony Center,Transferencia,14177.44,0,Electronics
41512.75,2635.27,MEDIA,85,1993.92,Egreso,2025-09-25,Transaction at Croma,Debito,77822.93,0,Electronics
33034.8,6547.2,MEDIA,82,1038.02,Egreso,2025-10-23,Transaction at Amazon,Transferencia,5876.37,0,Online Shopping
26757.5,1077.59,BAJA,23,1319.11,Egreso,2025-06-22,Transaction at Jio Fiber,Transferencia,2586.7,0,Bills
23943.61,4416.7,NULA,77,429.94,Egreso,2025-07-30,Transaction at MakeMyTrip,Credito,27903.66,10,Travel
19616.42,2049.37,NULA,50,1120.52,Egreso,2025-12-30,Transaction at SonyLiv,Transferencia,166.01,0,Entertainment
18365.84,1126.89,MEDIA,27,1740.94,Egreso,2025-08-25,Transaction at OYO,Transferencia,18518.03,0,Travel
37169.41,1461.76,ALTA,51,461.69,Egreso,2025-10-04,Transaction at Starbucks,Debito,831.16,0,Food
18895.5,9951.47,ALTA,4,1652.97,Egreso,2025-08-15,Transaction at Taco Bell,Transferencia,494.28,0,Food
20079.17,3479.49,MEDIA,98,1296.48,Egreso,2025-03-10,Transaction at Asus Store,Credito,120546.32,3,Electronics
29516.49,3750.63,NULA,51,1038.65,Egreso,2025-08-09,Transaction at Hotstar,Transferencia,381.15,0,Entertainment
44180.86,4722.62,BAJA,31,1089.44,Egreso,2025-10-24,Transaction at Barbeque Nation,Credito,486.86,1,Food
48822.06,6583.08,MEDIA,65,724.56,Egreso,2025-01-15,Transaction at YouTube Premium,Credito,757.57,5,Entertainment
31543.86,4275.95,MEDIA,99,1269.0,Egreso,2025-03-19,Transaction at JioMart,Transferencia,2962.05,0,Grocery
47603.87,3996.55,ALTA,60,1360.07,Egreso,2025-05-22,Transaction at ACT Fibernet,Credito,3647.6,8,Bills
41638.3,9983.19,MEDIA,52,1694.57,Egreso,2025-11-01,Transaction at Gas Agency,Credito,5916.43,7,Bills
47619.65,5281.02,MEDIA,61,768.67,Egreso,2025-09-09,Transaction at Max Fashion,Debito,6198.09,0,Clothing
20760.16,1298.99,ALTA,17,283.5,Egreso,2025-12-31,Transaction at OYO,Debito,13812.92,0,Travel
42192.54,9487.16,MEDIA,25,1197.65,Egreso,2025-06-06,Transaction at BigBazaar,Credito,716.13,10,Grocery
17371.57,5422.16,MEDIA,45,1571.23,Egreso,2025-02-08,Transaction at Saravana Bhavan,Credito,1177.64,7,Food
31873.25,3385.99,BAJA,88,639.92,Egreso,2025-03-28,Transaction at HP World,Transferencia,92425.17,0,Electronics
35804.09,1478.79,BAJA,99,1539.51,Egreso,2025-09-13,Transaction at Star Bazaar,Credito,4550.27,3,Grocery
29480.43,5782.64,ALTA,40,1154.61,Egreso,2025-10-16,Transaction at 1mg,Transferencia,9261.35,0,Healthcare
46676.75,9847.7,ALTA,41,593.48,Egreso,2025-02-28,Transaction at DMart,Transferencia,1874.67,0,Grocery
32609.87,8412.76,BAJA,45,1146.67,Egreso,2025-10-11,Transaction at OYO,Credito,22636.62,9,Travel
23485.96,9346.03,ALTA,51,1833.32,Egreso,2025-06-04,Transaction at Amazon,Transferencia,6033.58,0,Online Shopping
32860.55,7855.37,ALTA,73,1778.23,Egreso,2025-01-11,Transaction at Nature's Basket,Transferencia,4408.14,0,Grocery
9555.75,4596.17,NULA,84,741.82,Egreso,2025-09-25,Transaction at Goibibo,Debito,19209.41,0,Travel
46573.31,4503.97,BAJA,70,357.76,Egreso,2025-12-21,Transaction at CCD,Credito,1075.9,9,Food
21746.03,3076.07,ALTA,94,1103.28,Egreso,2025-02-11,Transaction at Air India,Debito,15467.13,0,Travel
6156.09,2119.92,MEDIA,87,1410.4,Egreso,2025-04-16,Transaction at Metro Rail,Transferencia,874.88,0,Transport
35541.3,3670.52,ALTA,39,1431.36,Egreso,2025-07-09,Transaction at Cream Stone,Debito,307.99,0,Food
20876.52,8240.29,MEDIA,18,104.02,Egreso,2025-06-04,Transaction at Airtel,Credito,3609.1,3,Bills
22780.05,3459.06,ALTA,19,106.11,Egreso,2025-10-31,Transaction at Nike,Debito,1900.53,0,Clothing
18173.49,6502.06,MEDIA,12,616.37,Egreso,2025-01-26,Transaction at Air India,Credito,6154.26,9,Travel
46045.39,6148.24,BAJA,41,759.75,Egreso,2025-03-16,Transaction at JioMart,Debito,382.49,0,Grocery
38904.37,1212.63,BAJA,11,312.32,Egreso,2025-04-23,Transaction at Flipkart,Credito,1042.45,11,Online Shopping
29596.52,8066.59,NULA,43,1249.82,Egreso,2025-11-24,Transaction at Vivo Store,Transferencia,131294.82,0,Electronics
44405.43,6282.98,ALTA,93,317.17,Egreso,2025-01-21,Transaction at Aster,Credito,16579.35,11,Healthcare
45761.23,1335.87,MEDIA,80,949.58,Egreso,2025-04-29,Transaction at Tata Cliq,Debito,670.23,0,Online Shopping
22563.44,8096.95,MEDIA,65,1335.51,Egreso,2025-06-09,Transaction at Meru Cabs,Transferencia,938.22,0,Transport
43559.32,5614.29,NULA,68,997.25,Egreso,2025-06-13,Transaction at Spotify,Transferencia,190.64,0,Entertainment
38805.26,1433.13,BAJA,43,966.4,Egreso,2025-11-07,Transaction at Meesho,Debito,9577.91,0,Online Shopping
30841.45,1368.12,MEDIA,99,1295.63,Egreso,2025-06-17,Transaction at MakeMyTrip,Debito,23456.98,0,Travel
43218.91,4166.7,NULA,91,1198.98,Egreso,2025-12-09,Transaction at Kauvery,Debito,11814.99,0,Healthcare
6237.23,3949.35,ALTA,2,1105.29,Egreso,2025-08-04,Transaction at IRCTC,Transferencia,20612.82,0,Travel
40878.94,6334.39,NULA,67,1558.83,Egreso,2025-04-20,Transaction at Max Fashion,Credito,5712.73,6,Clothing
23272.6,1954.39,ALTA,80,208.74,Egreso,2025-04-09,Transaction at Ajio,Transferencia,18604.06,0,Online Shopping
18743.73,8816.48,MEDIA,11,1598.11,Egreso,2025-09-14,Transaction at Subway,Transferencia,1271.86,0,Food
14268.25,3619.96,ALTA,26,1924.46,Egreso,2025-07-29,Transaction at Kauvery,Credito,7158.58,6,Healthcare
30695.74,1195.91,NULA,87,1556.97,Egreso,2025-02-17,Transaction at Meru Cabs,Debito,1175.04,0,Transport
8365.21,4405.13,MEDIA,82,1413.63,Egreso,2025-08-09,Transaction at RedBus,Debito,189.39,0,Transport
40991.29,2033.93,MEDIA,66,1113.06,Egreso,2025-10-04,Transaction at Spencers,Debito,3583.56,0,Grocery
11423.22,3509.64,BAJA,37,264.4,Egreso,2025-10-25,Transaction at Woodland,Transferencia,3622.92,0,Clothing
9050.25,1914.55,ALTA,3,1343.25,Egreso,2025-10-30,Transaction at Nykaa,Transferencia,11109.14,0,Online Shopping
28830.19,8895.87,BAJA,69,1311.03,Egreso,2025-04-20,Transaction at JioMart,Debito,3834.72,0,Grocery
25665.1,8424.91,ALTA,30,175.77,Egreso,2025-08-26,Transaction at Dell Exclusive,Credito,75286.09,6,Electronics
28784.66,5477.98,BAJA,41,1313.69,Egreso,2025-01-01,Transaction at Rapido,Debito,1428.32,0,Transport
17334.0,5933.54,MEDIA,25,1399.29,Egreso,2025-10-12,Transaction at Water Board,Transferencia,4244.44,0,Bills
40318.06,8104.63,NULA,47,1091.53,Egreso,2025-11-14,Transaction at Pizza Hut,Transferencia,626.46,0,Food
48811.67,6828.86,BAJA,15,440.64,Egreso,2025-11-17,Transaction at Booking.com,Transferencia,24175.46,0,Travel
17343.06,8243.89,MEDIA,71,1287.59,Egreso,2025-09-16,Transaction at Pizza Hut,Transferencia,1402.54,0,Food
7502.61,8848.61,NULA,48,330.85,Egreso,2025-12-29,Transaction at Jio Fiber,Transferencia,1541.91,0,Bills
17037.03,9263.88,BAJA,10,1428.88,Egreso,2025-01-11,Transaction at TNEB,Transferencia,3437.82,0,Bills
5602.27,6424.26,MEDIA,97,667.54,Egreso,2025-04-08,Transaction at Kauvery,Transferencia,18388.08,0,Healthcare
32504.0,6071.67,NULA,48,599.8,Egreso,2025-05-08,Transaction at Samsung Store,Transferencia,67800.02,0,Electronics
27231.58,6040.09,BAJA,60,563.26,Egreso,2025-09-25,Transaction at Saravana Bhavan,Transferencia,663.93,0,Food
42711.73,3393.06,BAJA,52,107.03,Egreso,2025-05-27,Transaction at Tata Cliq,Transferencia,4127.73,0,Online Shopping
34182.41,8699.96,MEDIA,71,569.63,Egreso,2025-07-06,Transaction at Property Tax Online,Credito,1353.32,2,Bills
22121.6,9780.54,NULA,24,1663.69,Egreso,2025-06-11,Transaction at Lenskart,Credito,1755.89,3,Online Shopping
45595.24,1596.68,MEDIA,75,1342.58,Egreso,2025-03-16,Transaction at Rapido,Transferencia,119.67,0,Transport
20309.1,3674.32,ALTA,4,519.32,Egreso,2025-07-04,Transaction at Barbeque Nation,Transferencia,1361.8,0,Food
31155.7,5070.05,MEDIA,19,955.87,Egreso,2025-01-06,Transaction at Reliance Fresh,Credito,3096.88,6,Grocery
16104.77,7988.42,ALTA,70,113.16,Egreso,2025-09-21,Transaction at Ajio,Transferencia,16538.27,0,Online Shopping
21833.11,6467.49,ALTA,41,1855.75,Egreso,2025-07-01,Transaction at Spotify,Transferencia,707.35,0,Entertainment
16629.73,9300.61,NULA,74,881.79,Egreso,2025-05-11,Transaction at Samsung Store,Transferencia,28612.1,0,Electronics
22715.52,1817.58,BAJA,79,1690.3,Egreso,2025-12-16,Transaction at Samsung Store,Debito,65165.12,0,Electronics
39688.28,9787.71,BAJA,40,438.13,Egreso,2025-01-11,Transaction at H&M,Transferencia,1109.73,0,Clothing
23114.72,8219.97,NULA,66,538.38,Egreso,2025-04-24,Transaction at Kauvery,Credito,18542.17,2,Healthcare
23008.61,2153.38,BAJA,55,1443.51,Egreso,2025-03-04,Transaction at IRCTC,Transferencia,6078.19,0,Travel
43659.31,9568.6,MEDIA,33,681.12,Egreso,2025-10-31,Transaction at CCD,Transferencia,900.73,0,Food
45684.89,7433.25,ALTA,27,1310.75,Egreso,2025-05-06,Transaction at Hotstar,Credito,623.11,8,Entertainment
42212.25,6949.48,BAJA,1,523.15,Egreso,2025-07-05,Transaction at Puma,Transferencia,7087.1,0,Clothing
45181.07,1703.94,MEDIA,32,953.68,Egreso,2025-09-05,Transaction at AirAsia,Debito,11361.09,0,Travel
35474.0,1003.33,MEDIA,86,1484.25,Egreso,2025-01-07,Transaction at Snapdeal,Transferencia,12342.2,0,Online Shopping
41188.64,9343.26,MEDIA,96,881.78,Egreso,2025-11-20,Transaction at Max Fashion,Transferencia,4191.03,0,Clothing
26956.52,7267.08,ALTA,78,1765.0,Egreso,2025-03-16,Transaction at Max Fashion,Debito,3116.65,0,Clothing
17642.94,1093.84,BAJA,72,999.31,Egreso,2025-11-25,Transaction at Taco Bell,Debito,329.5,0,Food
13864.15,5663.08,MEDIA,71,809.81,Egreso,2025-02-04,Transaction at Asus Store,Debito,79899.92,0,Electronics
8098.8,8275.46,NULA,35,1490.86,Egreso,2025-10-08,Transaction at CCD,Transferencia,1133.08,0,Food
11426.28,5355.13,BAJA,95,1853.48,Egreso,2025-08-28,Transaction at Apple Music,Transferencia,961.23,0,Entertainment
14520.7,4418.87,BAJA,17,1531.71,Egreso,2025-04-01,Transaction at Uber,Transferencia,500.09,0,Transport
31718.46,9439.6,BAJA,88,1543.05,Egreso,2025-11-29,Transaction at Netflix,Debito,873.93,0,Entertainment
11550.93,7455.51,BAJA,12,1483.07,Egreso,2025-03-24,Transaction at Aha,Transferencia,897.78,0,Entertainment
32745.57,6867.64,NULA,59,340.62,Egreso,2025-03-29,Transaction at Reliance Digital,Transferencia,141229.13,0,Electronics
20198.61,6471.72,ALTA,57,783.97,Egreso,2025-12-24,Transaction at YouTube Premium,Debito,590.46,0,Entertainment
9895.8,3902.69,ALTA,57,290.22,Egreso,2025-04-27,Transaction at ACT Fibernet,Credito,836.11,8,Bills
9935.09,2885.59,ALTA,94,187.69,Egreso,2025-08-13,Transaction at JioMart,Debito,2453.83,0,Grocery
30174.36,4758.14,BAJA,59,672.92,Egreso,2025-09-27,Transaction at CloudNine,Transferencia,9554.31,0,Healthcare
47823.54,7111.9,BAJA,75,1732.38,Egreso,2025-11-21,Transaction at Amazon,Transferencia,14760.41,0,Online Shopping
43306.99,4770.95,BAJA,77,511.45,Egreso,2025-02-11,Transaction at Levis,Credito,7586.09,1,Clothing
12880.79,2956.57,BAJA,73,1733.44,Egreso,2025-09-15,Transaction at HP World,Credito,91024.07,1,Electronics
42779.3,9542.25,NULA,12,1194.59,Egreso,2025-06-27,Transaction at Flipkart,Transferencia,2532.62,0,Online Shopping
35006.87,2240.53,MEDIA,29,199.96,Egreso,2025-11-13,Transaction at 1mg,Credito,13045.28,10,Healthcare
16378.34,7659.94,ALTA,12,440.33,Egreso,2025-09-04,Transaction at IndiGo,Credito,11234.61,1,Travel
41646.36,2025.96,NULA,66,1634.59,Egreso,2025-03-23,Transaction at Max Fashion,Transferencia,1288.64,0,Clothing
26349.04,2862.61,BAJA,28,426.88,Egreso,2025-12-24,Transaction at Samsung Store,Transferencia,106358.79,0,Electronics
30059.52,4048.71,BAJA,33,1110.16,Egreso,2025-09-09,Transaction at Asus Store,Transferencia,76796.3,0,Electronics
27560.99,1293.61,NULA,61,1862.34,Egreso,2025-11-04,Transaction at HP World,Credito,51438.9,1,Electronics
29685.07,2346.6,NULA,36,1357.71,Egreso,2025-12-12,Transaction at Yatra,Transferencia,23699.21,0,Travel
7372.5,6574.73,NULA,8,1816.4,Egreso,2025-06-21,Transaction at Nykaa,Debito,16570.51,0,Online Shopping
40742.67,2900.14,NULA,42,795.41,Egreso,2025-02-10,Transaction at Netflix,Debito,228.46,0,Entertainment
22596.02,4955.17,ALTA,47,1713.52,Egreso,2025-05-02,Transaction at Pizza Hut,Transferencia,1186.31,0,Food
43320.62,7043.27,MEDIA,53,1725.3,Egreso,2025-07-22,Transaction at Netflix,Credito,279.18,2,Entertainment
46171.62,4911.54,NULA,2,759.33,Egreso,2025-06-03,Transaction at Star Bazaar,Transferencia,4203.64,0,Grocery
6559.75,1971.13,ALTA,75,1613.85,Egreso,2025-07-31,Transaction at MakeMyTrip,Transferencia,26018.06,0,Travel
29803.37,5084.2,BAJA,13,800.96,Egreso,2025-12-23,Transaction at TSRTC,Credito,310.96,7,Transport
40557.61,4208.07,MEDIA,63,583.57,Egreso,2025-01-21,Transaction at DMart,Credito,549.18,8,Grocery
10345.65,7701.22,NULA,15,1263.17,Egreso,2025-01-24,Transaction at BMTC,Transferencia,628.58,0,Transport
44895.42,6546.76,MEDIA,7,1280.48,Egreso,2025-01-07,Transaction at DMart,Transferencia,2621.3,0,Grocery
39660.51,7757.63,NULA,19,1693.48,Egreso,2025-05-01,Transaction at Spotify,Credito,708.44,11,Entertainment
38876.12,7761.39,ALTA,60,1422.05,Egreso,2025-08-26,Transaction at SonyLiv,Transferencia,534.64,0,Entertainment
21159.12,8666.12,MEDIA,79,570.0,Egreso,2025-07-19,Transaction at Apollo Pharmacy,Transferencia,1544.61,0,Healthcare
5733.15,2802.0,ALTA,70,426.13,Egreso,2025-12-17,Transaction at Woodland,Credito,1343.65,5,Clothing
9839.9,3782.99,ALTA,42,1502.91,Egreso,2025-10-21,Transaction at TSRTC,Credito,1222.28,10,Transport
47348.04,1576.41,NULA,44,365.97,Egreso,2025-06-08,Transaction at H&M,Credito,2579.45,5,Clothing
34999.38,4098.46,ALTA,43,1457.42,Egreso,2025-05-11,Transaction at Nike,Transferencia,2049.36,0,Clothing
45535.53,1373.02,NULA,50,1767.01,Egreso,2025-05-15,Transaction at Aha,Debito,454.69,0,Entertainment
45875.67,2100.4,BAJA,93,1972.07,Egreso,2025-08-14,Transaction at Amazon,Credito,17944.06,5,Online Shopping
28496.16,3655.44,ALTA,33,1702.13,Egreso,2025-02-19,Transaction at ACT Fibernet,Credito,5153.24,4,Bills
47732.47,9682.5,ALTA,35,633.95,Egreso,2025-08-17,Transaction at Rapido,Transferencia,59.48,0,Transport
21493.84,6203.81,BAJA,86,1008.05,Egreso,2025-12-21,Transaction at Star Bazaar,Debito,3804.53,0,Grocery
10006.63,5200.49,NULA,76,1358.01,Egreso,2025-06-29,Transaction at Kauvery,Credito,9302.16,3,Healthcare
19054.35,5890.83,NULA,39,590.96,Egreso,2025-01-10,Transaction at Nilgiris,Credito,217.85,11,Grocery
39732.31,2934.11,MEDIA,1,473.43,Egreso,2025-08-16,Transaction at US Polo,Debito,7821.25,0,Clothing
24444.71,1118.19,NULA,33,1904.49,Egreso,2025-12-22,Transaction at Noise,Transferencia,37044.58,0,Electronics
6683.46,3056.24,MEDIA,26,159.82,Egreso,2025-04-06,Transaction at Yulu Bikes,Transferencia,1617.91,0,Transport
33685.65,9958.83,BAJA,92,1648.4,Egreso,2025-02-03,Transaction at Croma,Transferencia,59673.32,0,Electronics
10132.43,2617.77,ALTA,59,1445.54,Egreso,2025-08-05,Transaction at Aster,Transferencia,4100.19,0,Healthcare
7152.71,4548.57,ALTA,51,1532.33,Egreso,2025-11-19,Transaction at Air India,Debito,23389.28,0,Travel
27814.66,4305.71,ALTA,70,411.7,Egreso,2025-08-09,Transaction at Jio Fiber,Transferencia,2856.12,0,Bills
6809.24,8370.81,ALTA,34,1126.0,Egreso,2025-01-12,Transaction at TSRTC,Credito,1738.11,2,Transport
7887.33,2333.78,ALTA,13,177.48,Egreso,2025-03-14,Transaction at Sony Center,Transferencia,4561.05,0,Electronics
37053.88,5838.28,MEDIA,32,775.83,Egreso,2025-11-29,Transaction at Nature's Basket,Debito,4983.8,0,Grocery
47942.68,3531.58,ALTA,90,1421.02,Egreso,2025-01-23,Transaction at OnePlus,Debito,121238.54,0,Electronics
7681.94,3922.63,MEDIA,50,1912.56,Egreso,2025-08-13,Transaction at Netflix,Credito,536.68,6,Entertainment
28313.34,6361.05,NULA,47,1489.2,Egreso,2025-01-20,Transaction at Fortis,Transferencia,1634.73,0,Healthcare
30294.13,5528.6,MEDIA,77,1928.27,Egreso,2025-03-10,Transaction at Myntra,Transferencia,17349.03,0,Online Shopping
41256.54,2168.67,MEDIA,88,1156.95,Egreso,2025-10-28,Transaction at AirAsia,Transferencia,8771.47,0,Travel
47944.91,5648.12,ALTA,98,1010.94,Egreso,2025-03-03,Transaction at Ola,Debito,1363.23,0,Transport
45149.71,6788.61,MEDIA,41,464.01,Egreso,2025-05-18,Transaction at Paradise Biryani,Transferencia,909.83,0,Food
19198.24,5054.71,ALTA,19,1540.06,Egreso,2025-01-22,Transaction at TSRTC,Transferencia,1552.91,0,Transport
42362.2,9826.6,ALTA,29,1707.48,Egreso,2025-10-09,Transaction at Apple Music,Transferencia,516.14,0,Entertainment
19792.27,9456.82,NULA,93,1444.04,Egreso,2025-03-04,Transaction at ACT Fibernet,Transferencia,330.22,0,Bills
9785.04,7492.16,NULA,73,1155.94,Egreso,2025-06-01,Transaction at Nilgiris,Transferencia,2879.31,0,Grocery
13175.2,5175.63,MEDIA,33,1067.61,Egreso,2025-05-19,Transaction at Allen Solly,Transferencia,4157.38,0,Clothing
16530.98,5474.11,ALTA,85,959.58,Egreso,2025-05-02,Transaction at Meesho,Transferencia,15898.66,0,Online Shopping
34169.1,5179.94,MEDIA,60,348.96,Egreso,2025-10-08,Transaction at Vodafone Idea,Debito,5746.74,0,Bills
21220.0,4365.6,BAJA,41,613.95,Egreso,2025-12-14,Transaction at Jio Fiber,Transferencia,3602.34,0,Bills
29738.03,3664.35,NULA,35,1607.26,Egreso,2025-06-05,Transaction at OYO,Transferencia,17056.07,0,Travel
5356.35,4885.25,NULA,67,694.47,Egreso,2025-06-07,Transaction at Burger King,Debito,781.4,0,Food
40529.54,8686.55,MEDIA,65,1663.71,Egreso,2025-08-08,Transaction at Dell Exclusive,Credito,91964.11,11,Electronics
13749.26,5103.39,ALTA,15,1546.66,Egreso,2025-02-06,Transaction at Adidas,Debito,3177.24,0,Clothing
48510.27,4840.01,ALTA,20,157.01,Egreso,2025-07-26,Transaction at HP World,Debito,58886.97,0,Electronics
29584.81,5742.82,NULA,79,736.94,Egreso,2025-10-22,Transaction at Meru Cabs,Transferencia,549.35,0,Transport
13789.08,4706.65,MEDIA,50,597.61,Egreso,2025-04-11,Transaction at Yatra,Credito,26509.57,10,Travel
44406.46,8661.93,NULA,96,681.87,Egreso,2025-03-20,Transaction at Nike,Transferencia,1048.46,0,Clothing
14805.21,1985.14,BAJA,50,1131.89,Egreso,2025-06-12,Transaction at RedBus,Debito,1516.84,0,Transport
42294.15,2394.09,ALTA,65,738.46,Egreso,2025-04-19,Transaction at Amazon Prime,Transferencia,562.79,0,Entertainment
30118.86,4211.15,ALTA,35,984.09,Egreso,2025-10-24,Transaction at Kauvery,Transferencia,4897.9,0,Healthcare
15479.49,1822.92,ALTA,17,1321.28,Egreso,2025-07-08,Transaction at PharmEasy,Transferencia,11789.7,0,Healthcare
38409.23,5712.12,NULA,44,1643.74,Egreso,2025-06-20,Transaction at Saravana Bhavan,Transferencia,1113.9,0,Food
17360.48,7376.35,BAJA,97,829.71,Egreso,2025-11-27,Transaction at Yulu Bikes,Transferencia,1446.97,0,Transport
33676.22,2894.89,BAJA,89,559.23,Egreso,2025-06-19,Transaction at BMTC,Credito,531.53,9,Transport
6578.46,9436.02,ALTA,10,328.75,Egreso,2025-11-03,Transaction at Nykaa,Transferencia,17021.38,0,Online Shopping
47537.72,6156.7,ALTA,93,930.76,Egreso,2025-06-17,Transaction at Asus Store,Debito,71571.52,0,Electronics
31467.59,8522.63,ALTA,41,1171.63,Egreso,2025-05-20,Transaction at KFC,Credito,568.46,7,Food
5157.66,1500.48,ALTA,62,1342.27,Egreso,2025-12-07,Transaction at Vivo Store,Debito,94017.51,0,Electronics
13634.08,5677.71,NULA,86,714.38,Egreso,2025-11-18,Transaction at Pepperfry,Transferencia,12278.68,0,Online Shopping
40234.43,4882.63,NULA,90,1003.18,Egreso,2025-03-22,Transaction at Cream Stone,Transferencia,251.09,0,Food
33540.2,3397.9,BAJA,38,1178.86,Egreso,2025-09-20,Transaction at Aha,Debito,470.16,0,Entertainment
9531.93,2770.33,NULA,74,1209.83,Egreso,2025-12-08,Transaction at MakeMyTrip,Transferencia,10212.35,0,Travel
27732.36,6713.18,MEDIA,31,1863.42,Egreso,2025-07-08,Transaction at Aster,Transferencia,18414.59,0,Healthcare
46071.21,8470.38,NULA,44,1326.06,Egreso,2025-12-10,Transaction at Vodafone Idea,Credito,1373.64,9,Bills
36686.46,7904.71,ALTA,70,1381.03,Egreso,2025-03-17,Transaction at H&M,Credito,2830.56,5,Clothing
38355.52,5961.11,NULA,60,1872.61,Egreso,2025-02-02,Transaction at Property Tax Online,Transferencia,4016.36,0,Bills
42744.03,3776.9,MEDIA,35,1956.32,Egreso,2025-07-07,Transaction at Goibibo,Transferencia,1328.46,0,Travel
19934.49,5550.63,ALTA,69,1651.88,Egreso,2025-10-05,Transaction at Amazon Prime,Transferencia,560.99,0,Entertainment
27657.21,1530.13,ALTA,98,1813.09,Egreso,2025-09-03,Transaction at More Supermarket,Debito,1506.04,0,Grocery
10997.52,7905.14,MEDIA,3,919.72,Egreso,2025-04-20,Transaction at Kauvery,Credito,2633.15,7,Healthcare
12283.55,1040.87,BAJA,36,1032.14,Egreso,2025-05-04,Transaction at Hotstar,Transferencia,262.03,0,Entertainment
16703.02,8148.98,NULA,52,1074.41,Egreso,2025-10-11,Transaction at Cream Stone,Debito,577.18,0,Food
9388.53,5235.23,NULA,80,1628.25,Egreso,2025-05-20,Transaction at Goibibo,Transferencia,786.46,0,Travel
31847.79,2866.85,ALTA,70,1757.81,Egreso,2025-02-02,Transaction at IndiGo,Debito,13358.19,0,Travel
41392.91,3331.28,NULA,90,424.78,Egreso,2025-02-28,Transaction at Biba,Transferencia,6397.39,0,Clothing
48917.37,2821.82,BAJA,41,601.17,Egreso,2025-09-06,Transaction at Netmeds,Transferencia,7147.86,0,Healthcare
20074.87,3870.55,BAJA,55,1447.2,Egreso,2025-09-27,Transaction at Zara,Transferencia,973.48,0,Clothing
33180.98,2562.55,ALTA,49,1949.92,Egreso,2025-03-18,Transaction at JioMart,Transferencia,2687.39,0,Grocery
16353.48,4346.84,NULA,49,1444.35,Egreso,2025-12-02,Transaction at OYO,Credito,26373.99,3,Travel
28748.42,3945.72,ALTA,86,107.72,Egreso,2025-12-25,Transaction at Meesho,Transferencia,14623.56,0,Online Shopping
23005.16,2297.62,MEDIA,60,1586.34,Egreso,2025-06-15,Transaction at More Supermarket,Transferencia,1404.16,0,Grocery
14320.91,1633.2,MEDIA,39,1742.14,Egreso,2025-03-31,Transaction at Gas Agency,Transferencia,4519.94,0,Bills
24936.74,5776.59,ALTA,61,797.41,Egreso,2025-12-18,Transaction at Dominos,Transferencia,369.19,0,Food
33255.02,3318.94,NULA,66,1266.08,Egreso,2025-03-28,Transaction at RedBus,Transferencia,1854.51,0,Transport
29975.39,4739.92,MEDIA,49,961.75,Egreso,2025-10-03,Transaction at Spotify,Transferencia,903.12,0,Entertainment
38595.48,7066.08,NULA,7,1413.09,Egreso,2025-06-20,Transaction at Uber,Transferencia,1029.23,0,Transport
39512.62,9643.76,MEDIA,88,1340.35,Egreso,2025-01-18,Transaction at BigBazaar,Credito,2979.82,7,Grocery
21394.21,3631.45,MEDIA,78,136.32,Egreso,2025-05-02,Transaction at Meru Cabs,Debito,1992.3,0,Transport
12433.18,1241.13,NULA,7,1485.44,Egreso,2025-09-06,Transaction at Reliance Fresh,Debito,1744.76,0,Grocery
29771.22,1170.55,NULA,25,229.73,Egreso,2025-11-08,Transaction at Star Bazaar,Transferencia,1809.78,0,Grocery
40868.69,4364.71,MEDIA,73,1902.27,Egreso,2025-09-07,Transaction at BMTC,Debito,1100.93,0,Transport
48529.02,9990.94,MEDIA,32,687.52,Egreso,2025-06-05,Transaction at Flipkart,Credito,6929.14,4,Online Shopping
47665.36,7083.76,BAJA,9,525.76,Egreso,2025-07-16,Transaction at Chai Point,Transferencia,970.37,0,Food
42462.08,6961.31,BAJA,74,1678.52,Egreso,2025-07-21,Transaction at Croma,Transferencia,29804.41,0,Electronics
44414.07,6173.22,ALTA,45,1172.32,Egreso,2025-05-29,Transaction at Kauvery,Credito,13216.84,11,Healthcare
10946.71,2636.12,ALTA,81,1171.86,Egreso,2025-02-25,Transaction at Property Tax Online,Transferencia,2581.9,0,Bills
42295.32,2058.3,ALTA,45,567.13,Egreso,2025-01-04,Transaction at IRCTC,Credito,24646.35,1,Travel
42178.9,9409.93,MEDIA,52,359.43,Egreso,2025-03-20,Transaction at Nilgiris,Transferencia,3557.42,0,Grocery
13920.64,5997.96,BAJA,22,1012.48,Egreso,2025-01-31,Transaction at Burger King,Credito,297.27,1,Food
16668.24,2835.12,NULA,0,150.55,Egreso,2025-09-12,Transaction at Apollo Pharmacy,Debito,7612.94,0,Healthcare
39814.97,9862.1,BAJA,3,473.62,Egreso,2025-05-15,Transaction at IRCTC,Transferencia,19563.72,0,Travel
7121.19,3967.74,NULA,54,295.76,Egreso,2025-04-05,Transaction at Vistara,Credito,18127.17,10,Travel
11002.91,5904.22,ALTA,66,101.43,Egreso,2025-01-28,Transaction at RedBus,Credito,1863.66,1,Transport
25589.92,8978.01,BAJA,44,1124.59,Egreso,2025-03-25,Transaction at JioMart,Transferencia,824.85,0,Grocery
23692.83,3352.31,NULA,39,438.0,Egreso,2025-01-10,Transaction at Wrogn,Debito,2994.24,0,Clothing
34053.14,4409.25,ALTA,63,1736.86,Egreso,2025-09-21,Transaction at Apollo Pharmacy,Debito,3886.4,0,Healthcare
42861.96,3650.93,NULA,35,790.35,Egreso,2025-11-13,Transaction at Reliance Digital,Transferencia,94624.55,0,Electronics
25752.44,8869.37,NULA,3,1949.4,Egreso,2025-06-11,Transaction at Asus Store,Transferencia,96888.6,0,Electronics
5100.82,1333.88,BAJA,93,616.99,Egreso,2025-11-09,Transaction at Water Board,Transferencia,4641.14,0,Bills
37417.31,3238.31,NULA,65,851.21,Egreso,2025-08-08,Transaction at Taco Bell,Transferencia,1215.74,0,Food
33480.45,8998.85,MEDIA,99,1031.12,Egreso,2025-01-06,Transaction at BMTC,Transferencia,1913.96,0,Transport
8808.95,8998.27,NULA,9,290.98,Egreso,2025-09-06,Transaction at Ola,Debito,1021.77,0,Transport
40586.24,3495.47,BAJA,63,1795.59,Egreso,2025-06-05,Transaction at Goibibo,Debito,3150.81,0,Travel
8416.67,6396.5,BAJA,94,335.71,Egreso,2025-02-05,Transaction at PharmEasy,Transferencia,4960.4,0,Healthcare
34525.79,4276.06,ALTA,89,1493.41,Egreso,2025-02-22,Transaction at OnePlus,Debito,89493.87,0,Electronics
44346.1,4631.87,BAJA,54,1623.48,Egreso,2025-12-27,Transaction at Samsung Store,Debito,30397.9,0,Electronics
35054.61,9778.5,NULA,85,1625.2,Egreso,2025-11-13,Transaction at MedPlus,Transferencia,15819.89,0,Healthcare
8590.39,1223.88,MEDIA,69,1905.21,Egreso,2025-10-09,Transaction at Pepperfry,Transferencia,5406.02,0,Online Shopping
21607.81,2868.33,BAJA,56,1529.8,Egreso,2025-05-02,Transaction at TNEB,Transferencia,396.58,0,Bills
12986.03,4871.53,NULA,15,135.86,Egreso,2025-11-11,Transaction at Nykaa,Credito,18250.04,10,Online Shopping
19207.44,5116.54,ALTA,25,640.36,Egreso,2025-01-07,Transaction at SonyLiv,Transferencia,986.17,0,Entertainment
10351.36,4322.01,ALTA,22,1516.81,Egreso,2025-01-23,Transaction at Burger King,Debito,804.6,0,Food
14291.82,5916.35,BAJA,76,180.88,Egreso,2025-08-12,Transaction at Booking.com,Transferencia,17551.18,0,Travel
27347.36,1942.1,NULA,93,155.26,Egreso,2025-02-05,Transaction at Jio Fiber,Credito,1763.77,5,Bills
24944.87,2885.13,BAJA,42,1140.99,Egreso,2025-07-27,Transaction at More Supermarket,Transferencia,3592.27,0,Grocery
13151.98,2150.3,MEDIA,91,1264.36,Egreso,2025-09-08,Transaction at Water Board,Credito,5542.57,3,Bills
23300.79,3056.48,NULA,72,1438.35,Egreso,2025-04-25,Transaction at Subway,Transferencia,881.17,0,Food
13720.1,8274.59,ALTA,91,1325.06,Egreso,2025-10-11,Transaction at Flipkart,Transferencia,11547.52,0,Online Shopping
21223.95,3736.28,NULA,31,1039.12,Egreso,2025-01-07,Transaction at BSNL,Transferencia,4468.07,0,Bills
20335.79,6383.72,BAJA,14,1919.43,Egreso,2025-09-12,Transaction at Rapido,Transferencia,73.7,0,Transport
16947.88,7692.2,MEDIA,44,1503.05,Egreso,2025-06-15,Transaction at Kauvery,Credito,10872.93,8,Healthcare
25818.48,5872.57,MEDIA,53,351.73,Egreso,2025-05-11,Transaction at Burger King,Transferencia,795.54,0,Food
24436.76,7083.59,ALTA,73,679.92,Egreso,2025-08-06,Transaction at Apollo Hospital,Debito,18502.66,0,Healthcare
42311.84,7543.46,NULA,79,1942.43,Egreso,2025-05-19,Transaction at Rapido,Debito,1281.97,0,Transport
18132.05,6853.94,BAJA,19,1467.42,Egreso,2025-01-15,Transaction at Apollo Pharmacy,Credito,18916.0,4,Healthcare
28357.61,6403.28,NULA,44,167.9,Egreso,2025-02-26,Transaction at Aster,Transferencia,19956.88,0,Healthcare
37936.55,9628.58,MEDIA,98,415.32,Egreso,2025-02-17,Transaction at Apple Store,Credito,111714.93,1,Electronics
45687.39,4135.58,BAJA,21,995.58,Egreso,2025-01-14,Transaction at TSRTC,Credito,506.18,11,Transport
16628.62,2779.69,NULA,43,1116.77,Egreso,2025-01-17,Transaction at Rapido,Transferencia,503.5,0,Transport
29378.52,4522.75,MEDIA,77,1413.77,Egreso,2025-07-01,Transaction at Dell Exclusive,Debito,104424.46,0,Electronics
35320.99,5585.13,NULA,38,1067.39,Egreso,2025-02-22,Transaction at BSNL,Transferencia,2891.42,0,Bills
44303.63,3022.49,BAJA,38,1895.56,Egreso,2025-12-15,Transaction at BigBazaar,Credito,2846.46,3,Grocery
43848.96,2551.92,BAJA,78,711.14,Egreso,2025-08-16,Transaction at Biba,Credito,5102.11,9,Clothing
16835.6,5652.85,BAJA,7,378.72,Egreso,2025-02-20,Transaction at Yulu Bikes,Transferencia,1837.56,0,Transport
48592.2,4418.81,NULA,12,421.99,Egreso,2025-08-07,Transaction at Chai Point,Credito,544.56,7,Food
33700.89,1688.2,ALTA,8,683.55,Egreso,2025-12-30,Transaction at Amazon,Credito,16513.7,11,Online Shopping
27610.19,1143.2,ALTA,46,1933.15,Egreso,2025-11-11,Transaction at Goibibo,Transferencia,7061.66,0,Travel
14417.94,7918.89,MEDIA,5,1657.18,Egreso,2025-10-22,Transaction at Reliance Digital,Credito,35177.41,5,Electronics
47250.65,5049.72,NULA,22,1474.05,Egreso,2025-11-18,Transaction at Fortis,Credito,14083.56,6,Healthcare
17328.77,4047.05,NULA,33,1016.0,Egreso,2025-12-10,Transaction at ACT Fibernet,Debito,636.48,0,Bills
41542.92,4384.03,MEDIA,0,919.52,Egreso,2025-06-11,Transaction at Netmeds,Debito,11065.43,0,Healthcare
43869.03,9244.46,NULA,56,1238.58,Egreso,2025-05-17,Transaction at MedPlus,Transferencia,19020.21,0,Healthcare
30571.51,2349.38,ALTA,92,1636.41,Egreso,2025-08-28,Transaction at Asus Store,Transferencia,63323.78,0,Electronics
29712.92,5621.26,MEDIA,76,374.65,Egreso,2025-12-19,Transaction at Max Fashion,Debito,4426.76,0,Clothing
5489.04,8546.27,MEDIA,37,1505.65,Egreso,2025-12-01,Transaction at Pantaloons,Debito,2981.72,0,Clothing
39713.35,6386.86,NULA,32,498.91,Egreso,2025-03-17,Transaction at Boat Lifestyle,Transferencia,70661.66,0,Electronics
41943.86,2450.41,MEDIA,14,224.14,Egreso,2025-11-10,Transaction at IRCTC,Transferencia,9180.06,0,Travel
47502.23,9724.12,NULA,39,437.38,Egreso,2025-06-09,Transaction at TSRTC,Credito,1648.58,2,Transport
16521.49,2001.35,ALTA,11,1859.61,Egreso,2025-06-21,Transaction at Netmeds,Transferencia,5612.62,0,Healthcare
25980.83,5468.3,ALTA,52,315.65,Egreso,2025-03-26,Transaction at Cream Stone,Transferencia,1232.86,0,Food
25291.39,5067.54,BAJA,57,834.57,Egreso,2025-06-26,Transaction at Metro Rail,Credito,1460.49,9,Transport
27074.89,9425.34,MEDIA,61,801.52,Egreso,2025-10-08,Transaction at Snapdeal,Debito,7573.38,0,Online Shopping
44139.74,6472.13,ALTA,60,656.56,Egreso,2025-01-31,Transaction at Yulu Bikes,Credito,1320.19,4,Transport
20286.96,7815.33,BAJA,14,697.4,Egreso,2025-06-08,Transaction at Sony Center,Transferencia,39047.04,0,Electronics
16184.07,5936.77,ALTA,48,1604.69,Egreso,2025-08-04,Transaction at Hotstar,Debito,532.5,0,Entertainment
44965.36,4411.63,ALTA,95,130.44,Egreso,2025-02-19,Transaction at Amazon,Credito,17575.25,1,Online Shopping
15401.59,9367.93,MEDIA,33,211.17,Egreso,2025-09-16,Transaction at Max Fashion,Transferencia,6255.12,0,Clothing
5967.52,2523.96,NULA,75,696.19,Egreso,2025-08-01,Transaction at Meru Cabs,Transferencia,1393.73,0,Transport
40544.04,4856.43,MEDIA,57,1055.03,Egreso,2025-07-09,Transaction at Air India,Transferencia,19747.8,0,Travel
47507.02,9582.58,BAJA,95,915.71,Egreso,2025-01-08,Transaction at Kauvery,Transferencia,17242.25,0,Healthcare
32641.58,8739.25,MEDIA,1,692.58,Egreso,2025-08-26,Transaction at Gaana,Credito,892.28,4,Entertainment
11728.12,8832.99,NULA,99,1985.93,Egreso,2025-04-24,Transaction at Vistara,Debito,26785.1,0,Travel
12105.38,9854.6,BAJA,61,773.32,Egreso,2025-03-30,Transaction at PharmEasy,Credito,1404.46,7,Healthcare
46789.08,5663.76,NULA,92,243.38,Egreso,2025-02-10,Transaction at Star Bazaar,Transferencia,3867.55,0,Grocery
20262.84,5102.93,BAJA,33,1555.98,Egreso,2025-06-11,Transaction at PharmEasy,Credito,527.9,6,Healthcare
31028.73,2986.3,NULA,0,1987.49,Egreso,2025-06-07,Transaction at H&M,Transferencia,6753.3,0,Clothing
6750.58,6886.05,BAJA,81,803.02,Egreso,2025-03-31,Transaction at TSRTC,Transferencia,1109.7,0,Transport
36786.55,2698.09,ALTA,4,538.89,Egreso,2025-08-06,Transaction at DMart,Transferencia,1387.62,0,Grocery
26454.06,7870.49,ALTA,53,708.82,Egreso,2025-04-07,Transaction at TSRTC,Debito,1254.18,0,Transport
43474.01,4339.81,ALTA,12,964.49,Egreso,2025-04-29,Transaction at Gas Agency,Transferencia,2629.83,0,Bills
47019.68,4684.8,NULA,23,1795.82,Egreso,2025-11-18,Transaction at JioMart,Transferencia,891.86,0,Grocery
15230.41,5589.03,ALTA,19,1087.3,Egreso,2025-07-08,Transaction at Spotify,Transferencia,832.28,0,Entertainment
28051.94,2968.79,NULA,59,1757.39,Egreso,2025-11-05,Transaction at Sony Center,Debito,82377.85,0,Electronics
31555.11,7984.68,ALTA,67,397.63,Egreso,2025-04-06,Transaction at Apollo Pharmacy,Credito,18127.88,2,Healthcare
28134.57,9993.54,ALTA,5,739.22,Egreso,2025-07-08,Transaction at Gaana,Credito,462.52,9,Entertainment
45947.41,3130.99,ALTA,66,1480.77,Egreso,2025-01-01,Transaction at Vodafone Idea,Debito,3039.47,0,Bills
49529.88,8135.18,NULA,87,806.6,Egreso,2025-06-10,Transaction at MakeMyTrip,Debito,12729.13,0,Travel
24264.5,5670.47,MEDIA,67,840.17,Egreso,2025-12-05,Transaction at TNEB,Transferencia,5577.19,0,Bills
47377.07,8150.67,ALTA,60,102.36,Egreso,2025-11-06,Transaction at McDonalds,Transferencia,922.83,0,Food
34866.34,7582.29,MEDIA,20,1583.7,Egreso,2025-08-25,Transaction at Biba,Transferencia,7201.67,0,Clothing
17959.39,9211.57,MEDIA,4,1717.84,Egreso,2025-03-19,Transaction at CloudNine,Transferencia,4775.49,0,Healthcare
6199.87,4198.47,NULA,90,438.99,Egreso,2025-06-02,Transaction at Air India,Debito,8855.92,0,Travel
18215.92,3682.38,ALTA,14,133.49,Egreso,2025-09-23,Transaction at Zara,Credito,6360.69,5,Clothing
21855.24,4878.49,NULA,60,1189.68,Egreso,2025-10-01,Transaction at Nature's Basket,Debito,613.55,0,Grocery
31983.09,5672.41,NULA,84,457.39,Egreso,2025-05-18,Transaction at Water Board,Transferencia,5579.89,0,Bills
17144.07,1589.53,BAJA,69,147.58,Egreso,2025-05-08,Transaction at Water Board,Debito,1604.13,0,Bills
19301.77,6209.15,MEDIA,94,1803.43,Egreso,2025-07-24,Transaction at Pantaloons,Transferencia,639.02,0,Clothing
26166.86,8192.44,NULA,85,1049.74,Egreso,2025-06-15,Transaction at H&M,Debito,3386.73,0,Clothing
48932.75,3103.46,MEDIA,69,1621.7,Egreso,2025-11-05,Transaction at Vodafone Idea,Debito,5745.05,0,Bills
34532.05,3109.35,ALTA,5,1031.86,Egreso,2025-09-24,Transaction at Property Tax Online,Transferencia,2937.77,0,Bills
17377.52,6180.15,NULA,98,1201.9,Egreso,2025-11-21,Transaction at Goibibo,Transferencia,17183.27,0,Travel
33023.51,4497.76,NULA,29,1440.5,Egreso,2025-02-25,Transaction at Asus Store,Transferencia,62089.62,0,Electronics
38276.39,5679.44,NULA,3,475.75,Egreso,2025-07-17,Transaction at Netmeds,Credito,15524.66,9,Healthcare
44157.31,2141.99,ALTA,88,234.83,Egreso,2025-11-07,Transaction at Biba,Debito,2093.78,0,Clothing
33696.06,5711.07,ALTA,81,920.08,Egreso,2025-04-05,Transaction at ACT Fibernet,Transferencia,1712.18,0,Bills
36542.44,8258.95,BAJA,32,1685.47,Egreso,2025-03-19,Transaction at Pepperfry,Transferencia,5576.27,0,Online Shopping
43974.79,2458.34,NULA,0,1427.62,Egreso,2025-09-25,Transaction at Rapido,Debito,1130.44,0,Transport
25353.0,9091.05,MEDIA,29,1781.52,Egreso,2025-05-27,Transaction at Gas Agency,Transferencia,3201.91,0,Bills
16930.83,2293.44,ALTA,50,1818.83,Egreso,2025-09-06,Transaction at Barbeque Nation,Debito,693.37,0,Food
44949.07,9850.84,MEDIA,51,199.82,Egreso,2025-02-27,Transaction at Woodland,Transferencia,4955.41,0,Clothing
47072.16,8087.14,BAJA,8,1608.62,Egreso,2025-02-01,Transaction at Subway,Transferencia,1155.63,0,Food
37265.85,3739.12,MEDIA,4,1220.07,Egreso,2025-02-25,Transaction at OnePlus,Transferencia,109679.59,0,Electronics
22456.93,8304.3,NULA,98,303.59,Egreso,2025-04-19,Transaction at Apollo Hospital,Credito,2383.82,4,Healthcare
21204.15,3027.15,NULA,19,474.96,Egreso,2025-04-14,Transaction at Nature's Basket,Credito,2320.96,10,Grocery
20827.9,3961.51,ALTA,46,1802.88,Egreso,2025-10-29,Transaction at Dominos,Credito,1109.68,4,Food
47912.53,8841.35,NULA,21,511.93,Egreso,2025-06-22,Transaction at Pepperfry,Debito,11730.61,0,Online Shopping
44160.98,6196.57,MEDIA,45,994.29,Egreso,2025-12-21,Transaction at Apple Music,Debito,372.08,0,Entertainment
42315.03,4394.28,ALTA,64,1073.24,Egreso,2025-10-14,Transaction at ACT Fibernet,Transferencia,4443.81,0,Bills
21792.57,2566.78,BAJA,7,1359.37,Egreso,2025-05-09,Transaction at Gas Agency,Credito,835.03,2,Bills
11597.08,8961.3,BAJA,98,406.12,Egreso,2025-09-26,Transaction at Croma,Transferencia,133802.26,0,Electronics
20593.16,1032.64,ALTA,97,634.19,Egreso,2025-03-15,Transaction at Taco Bell,Credito,1229.73,5,Food
21102.91,1502.55,MEDIA,92,148.99,Egreso,2025-03-27,Transaction at Amazon Prime,Transferencia,580.32,0,Entertainment
22540.14,4594.19,BAJA,21,1699.05,Egreso,2025-11-07,Transaction at Allen Solly,Transferencia,1278.16,0,Clothing
42181.51,9518.91,BAJA,63,862.36,Egreso,2025-09-07,Transaction at JioMart,Transferencia,2753.29,0,Grocery
46463.44,7186.42,BAJA,10,1039.91,Egreso,2025-05-04,Transaction at Water Board,Credito,1304.87,1,Bills
47251.69,6648.84,MEDIA,69,1571.56,Egreso,2025-01-28,Transaction at Mi Store,Credito,14674.4,6,Electronics
23528.51,2127.75,ALTA,13,763.91,Egreso,2025-12-18,Transaction at Star Bazaar,Transferencia,1405.26,0,Grocery
8162.48,9232.87,NULA,45,1853.59,Egreso,2025-12-05,Transaction at RedBus,Credito,1235.74,2,Transport
45997.36,4873.33,MEDIA,94,1752.98,Egreso,2025-02-13,Transaction at Yatra,Credito,18885.42,9,Travel
7040.41,4178.32,ALTA,72,1347.15,Egreso,2025-09-29,Transaction at Chai Point,Debito,1230.17,0,Food
20061.61,1925.4,ALTA,19,1142.84,Egreso,2025-06-06,Transaction at Nilgiris,Debito,1774.08,0,Grocery
40971.07,8626.41,BAJA,74,1272.73,Egreso,2025-11-14,Transaction at CloudNine,Transferencia,6432.41,0,Healthcare
6859.65,9064.53,BAJA,62,643.55,Egreso,2025-12-09,Transaction at IndiGo,Credito,2167.01,11,Travel
36179.5,4588.2,BAJA,67,1651.49,Egreso,2025-02-26,Transaction at Burger King,Transferencia,333.23,0,Food
30441.99,3119.91,ALTA,25,1257.54,Egreso,2025-09-25,Transaction at Property Tax Online,Credito,5253.41,7,Bills
30256.93,8209.72,NULA,65,1190.54,Egreso,2025-01-12,Transaction at BigBazaar,Credito,4298.44,7,Grocery
10720.24,2970.68,NULA,58,833.57,Egreso,2025-07-18,Transaction at Dell Exclusive,Transferencia,79142.09,0,Electronics
26256.3,2595.05,BAJA,31,787.97,Egreso,2025-03-03,Transaction at Subway,Transferencia,196.01,0,Food
22546.9,1187.56,BAJA,17,1634.69,Egreso,2025-05-30,Transaction at OnePlus,Credito,110160.79,8,Electronics
30034.86,4744.03,MEDIA,4,1257.66,Egreso,2025-06-24,Transaction at ACT Fibernet,Transferencia,2735.66,0,Bills
9065.65,5293.99,ALTA,79,1876.32,Egreso,2025-06-15,Transaction at Dell Exclusive,Transferencia,5663.02,0,Electronics
38397.53,5119.63,MEDIA,61,1947.19,Egreso,2025-06-07,Transaction at OYO,Transferencia,25954.04,0,Travel
10279.96,1882.65,MEDIA,82,1407.44,Egreso,2025-12-11,Transaction at Netflix,Credito,919.95,6,Entertainment
16764.52,6744.28,BAJA,14,1581.6,Egreso,2025-04-22,Transaction at Rapido,Debito,1466.76,0,Transport
43597.67,2019.27,ALTA,62,1831.61,Egreso,2025-01-28,Transaction at Goibibo,Transferencia,15799.37,0,Travel
36090.6,4177.49,MEDIA,7,1038.45,Egreso,2025-05-25,Transaction at YouTube Premium,Transferencia,957.03,0,Entertainment
20623.44,7861.32,BAJA,38,872.59,Egreso,2025-06-12,Transaction at Gas Agency,Transferencia,671.32,0,Bills
21688.07,1081.54,BAJA,68,634.04,Egreso,2025-10-16,Transaction at Boat Lifestyle,Credito,94392.84,4,Electronics
46827.95,6033.79,MEDIA,5,793.69,Egreso,2025-06-18,Transaction at Mi Store,Transferencia,66902.61,0,Electronics
10493.81,5379.6,ALTA,50,1999.84,Egreso,2025-11-21,Transaction at Ajio,Transferencia,14074.83,0,Online Shopping
48175.62,7111.97,MEDIA,53,549.28,Egreso,2025-09-26,Transaction at Fortis,Credito,14868.78,1,Healthcare
21748.53,1313.87,MEDIA,17,672.87,Egreso,2025-01-16,Transaction at BigBazaar,Transferencia,2048.33,0,Grocery
16161.83,6321.86,ALTA,19,639.01,Egreso,2025-02-23,Transaction at Yulu Bikes,Credito,996.17,11,Transport
37840.0,2239.65,MEDIA,59,167.99,Egreso,2025-05-27,Transaction at Apple Store,Credito,127437.04,9,Electronics
12603.3,2854.03,MEDIA,28,1136.59,Egreso,2025-08-25,Transaction at Vivo Store,Transferencia,35858.09,0,Electronics
30773.68,6455.73,MEDIA,30,1186.36,Egreso,2025-06-18,Transaction at ACT Fibernet,Credito,5533.84,6,Bills
20793.27,3451.61,ALTA,22,555.7,Egreso,2025-09-09,Transaction at US Polo,Transferencia,6109.83,0,Clothing
19960.14,4070.09,MEDIA,84,128.69,Egreso,2025-02-04,Transaction at Vistara,Debito,24045.41,0,Travel
27812.42,1375.29,ALTA,87,1642.73,Egreso,2025-01-06,Transaction at Myntra,Debito,6505.16,0,Online Shopping
37179.22,3342.18,NULA,85,1316.7,Egreso,2025-04-25,Transaction at Jio Fiber,Transferencia,3803.25,0,Bills
9587.49,5231.6,BAJA,90,1843.49,Egreso,2025-11-27,Transaction at Puma,Transferencia,2531.71,0,Clothing
9948.11,7929.55,NULA,8,533.43,Egreso,2025-05-11,Transaction at Ajio,Transferencia,9621.1,0,Online Shopping
46147.55,9638.99,NULA,12,1116.99,Egreso,2025-04-06,Transaction at Zee5,Transferencia,128.74,0,Entertainment
34351.66,3499.36,ALTA,0,1222.14,Egreso,2025-04-10,Transaction at More Supermarket,Debito,3531.04,0,Grocery
38427.17,4383.0,NULA,19,1438.36,Egreso,2025-04-03,Transaction at Goibibo,Transferencia,3407.04,0,Travel
12498.61,6469.98,ALTA,35,745.69,Egreso,2025-10-12,Transaction at Dell Exclusive,Credito,57128.4,3,Electronics
12479.79,6477.2,NULA,75,1754.23,Egreso,2025-02-18,Transaction at Dell Exclusive,Transferencia,137369.44,0,Electronics
44952.33,1133.22,NULA,47,683.98,Egreso,2025-05-15,Transaction at Pepperfry,Debito,13325.67,0,Online Shopping
25914.42,6396.43,MEDIA,73,1057.38,Egreso,2025-02-10,Transaction at Zee5,Transferencia,907.81,0,Entertainment
20046.23,1672.47,MEDIA,39,1962.13,Egreso,2025-04-30,Transaction at Chai Point,Transferencia,521.91,0,Food
6021.26,2574.14,BAJA,41,143.19,Egreso,2025-12-06,Transaction at Boat Lifestyle,Debito,13620.95,0,Electronics
8691.11,3946.56,NULA,54,757.86,Egreso,2025-12-16,Transaction at Vivo Store,Credito,95656.11,3,Electronics
38585.99,7967.44,BAJA,91,1325.18,Egreso,2025-03-13,Transaction at Yatra,Transferencia,5101.31,0,Travel
28839.98,8220.56,MEDIA,40,671.46,Egreso,2025-12-26,Transaction at TSRTC,Transferencia,1314.82,0,Transport
9193.2,6520.14,NULA,98,1137.33,Egreso,2025-03-22,Transaction at DMart,Transferencia,1851.37,0,Grocery
33235.97,2337.84,ALTA,51,510.25,Egreso,2025-11-27,Transaction at Nilgiris,Debito,1862.7,0,Grocery
38537.13,1842.86,MEDIA,3,1398.74,Egreso,2025-10-17,Transaction at TSRTC,Transferencia,648.0,0,Transport
47529.13,9975.01,NULA,33,318.13,Egreso,2025-04-12,Transaction at Netmeds,Transferencia,12772.29,0,Healthcare
49495.02,9459.15,NULA,34,831.36,Egreso,2025-02-22,Transaction at SonyLiv,Transferencia,694.8,0,Entertainment
28841.75,9159.41,MEDIA,3,954.36,Egreso,2025-05-14,Transaction at JioMart,Credito,878.0,4,Grocery
29448.46,9108.67,ALTA,23,1282.4,Egreso,2025-11-24,Transaction at RedBus,Transferencia,1501.58,0,Transport
47002.81,8509.45,NULA,60,1002.44,Egreso,2025-02-07,Transaction at Aha,Debito,408.15,0,Entertainment
37232.59,4633.83,MEDIA,56,1859.5,Egreso,2025-01-07,Transaction at RedBus,Credito,753.44,6,Transport
29217.58,9275.75,MEDIA,77,254.63,Egreso,2025-04-02,Transaction at Rapido,Transferencia,1926.84,0,Transport
19574.92,3709.25,ALTA,60,905.48,Egreso,2025-10-29,Transaction at Vistara,Transferencia,14424.61,0,Travel
25730.37,5659.9,NULA,21,1777.25,Egreso,2025-07-25,Transaction at Dominos,Debito,1218.36,0,Food
24527.72,2829.41,MEDIA,77,988.67,Egreso,2025-01-13,Transaction at BSNL,Transferencia,3646.2,0,Bills
31213.36,3679.34,MEDIA,30,245.65,Egreso,2025-07-20,Transaction at IndiGo,Debito,16076.93,0,Travel
7234.31,7031.07,ALTA,89,1326.92,Egreso,2025-11-19,Transaction at Starbucks,Debito,1493.72,0,Food
28323.84,2048.48,NULA,18,1481.38,Egreso,2025-08-18,Transaction at Ajio,Credito,3148.55,8,Online Shopping
16081.43,8931.33,MEDIA,24,1003.28,Egreso,2025-09-01,Transaction at OYO,Transferencia,25555.81,0,Travel
47440.22,9904.97,BAJA,5,1001.86,Egreso,2025-08-28,Transaction at Adidas,Credito,811.8,1,Clothing
18731.37,5403.0,NULA,48,1901.48,Egreso,2025-05-28,Transaction at Puma,Transferencia,5595.64,0,Clothing
16001.83,3458.04,MEDIA,66,543.41,Egreso,2025-09-09,Transaction at Nature's Basket,Transferencia,4228.35,0,Grocery
28919.42,8838.81,MEDIA,5,610.72,Egreso,2025-03-31,Transaction at JioMart,Transferencia,1476.6,0,Grocery
32825.9,4964.62,BAJA,74,1726.63,Egreso,2025-08-27,Transaction at Taco Bell,Credito,683.86,4,Food
19516.5,4934.6,MEDIA,37,1773.79,Egreso,2025-12-17,Transaction at OYO,Credito,687.08,4,Travel
10800.48,8407.76,BAJA,91,1274.86,Egreso,2025-10-13,Transaction at Netflix,Transferencia,486.54,0,Entertainment
38992.52,7185.04,NULA,73,1482.87,Egreso,2025-11-16,Transaction at Kauvery,Transferencia,13757.09,0,Healthcare
29157.69,3869.45,BAJA,75,1379.5,Egreso,2025-01-23,Transaction at Noise,Debito,14290.52,0,Electronics
9534.92,3080.59,NULA,60,1541.71,Egreso,2025-03-04,Transaction at IndiGo,Credito,28052.17,11,Travel
23389.95,9968.75,ALTA,11,1963.67,Egreso,2025-01-26,Transaction at Booking.com,Transferencia,6919.87,0,Travel
32868.57,3129.16,MEDIA,58,1525.78,Egreso,2025-08-24,Transaction at Pepperfry,Debito,12401.36,0,Online Shopping
15415.72,4423.66,ALTA,29,1539.31,Egreso,2025-08-24,Transaction at Apollo Hospital,Transferencia,17328.32,0,Healthcare
9389.18,7996.23,BAJA,55,1501.45,Egreso,2025-06-14,Transaction at SonyLiv,Credito,945.53,6,Entertainment
26562.93,4973.54,ALTA,84,973.6,Egreso,2025-07-11,Transaction at Puma,Transferencia,7063.09,0,Clothing
48544.29,7769.62,NULA,79,920.04,Egreso,2025-03-28,Transaction at Gaana,Transferencia,340.7,0,Entertainment
25044.4,3881.17,MEDIA,19,1836.96,Egreso,2025-10-24,Transaction at Apollo Pharmacy,Debito,8885.16,0,Healthcare
13435.34,7171.42,BAJA,54,584.52,Egreso,2025-02-28,Transaction at H&M,Debito,6631.32,0,Clothing
10407.61,7605.14,BAJA,54,1206.05,Egreso,2025-01-19,Transaction at Subway,Transferencia,1064.01,0,Food
31871.13,3620.72,BAJA,35,1463.88,Egreso,2025-05-28,Transaction at Nature's Basket,Debito,3549.22,0,Grocery
18145.82,9232.86,MEDIA,16,1899.23,Egreso,2025-11-19,Transaction at BSNL,Transferencia,4683.39,0,Bills
29021.71,3456.98,ALTA,85,1964.77,Egreso,2025-03-03,Transaction at Pepperfry,Transferencia,4881.81,0,Online Shopping
38292.4,1874.43,MEDIA,35,332.38,Egreso,2025-07-21,Transaction at Vodafone Idea,Transferencia,2673.21,0,Bills
48835.9,1911.26,BAJA,7,704.19,Egreso,2025-01-02,Transaction at MedPlus,Transferencia,18613.73,0,Healthcare
46726.87,7890.94,NULA,84,638.86,Egreso,2025-05-21,Transaction at Noise,Transferencia,74631.11,0,Electronics
7873.43,8192.65,NULA,41,1244.2,Egreso,2025-04-30,Transaction at Fortis,Transferencia,3873.28,0,Healthcare
21532.76,9146.78,NULA,27,902.11,Egreso,2025-07-13,Transaction at Hotstar,Debito,441.13,0,Entertainment
14965.69,7668.51,BAJA,76,426.5,Egreso,2025-07-19,Transaction at Vistara,Transferencia,16503.47,0,Travel
7795.67,4928.54,MEDIA,92,549.16,Egreso,2025-06-16,Transaction at Flipkart,Debito,11131.27,0,Online Shopping
31237.15,2435.43,BAJA,44,1818.52,Egreso,2025-03-13,Transaction at MedPlus,Transferencia,4493.18,0,Healthcare
34288.1,4791.91,ALTA,82,1898.87,Egreso,2025-12-07,Transaction at Spencers,Credito,4779.55,7,Grocery
24731.3,7976.53,MEDIA,91,708.63,Egreso,2025-02-23,Transaction at Property Tax Online,Transferencia,5389.33,0,Bills
12420.19,7623.39,ALTA,34,1757.65,Egreso,2025-10-28,Transaction at Metro Rail,Transferencia,446.76,0,Transport
18554.53,7971.21,MEDIA,57,658.48,Egreso,2025-10-16,Transaction at Apollo Pharmacy,Transferencia,13960.19,0,Healthcare
9787.03,3889.77,MEDIA,31,1323.02,Egreso,2025-07-20,Transaction at RedBus,Transferencia,874.89,0,Transport
9915.78,3943.17,NULA,34,920.27,Egreso,2025-06-07,Transaction at IndiGo,Credito,13901.29,7,Travel
41344.64,6431.71,ALTA,0,719.03,Egreso,2025-05-04,Transaction at MakeMyTrip,Debito,4230.67,0,Travel
27741.38,8863.54,ALTA,56,1237.93,Egreso,2025-09-16,Transaction at Kauvery,Transferencia,19482.34,0,Healthcare
48787.79,2892.35,ALTA,64,228.01,Egreso,2025-04-18,Transaction at Samsung Store,Credito,105364.83,7,Electronics
41584.22,9700.69,BAJA,98,1038.47,Egreso,2025-06-08,Transaction at Netmeds,Transferencia,7085.45,0,Healthcare
26607.31,9853.94,MEDIA,38,415.62,Egreso,2025-01-07,Transaction at Apple Music,Credito,398.21,3,Entertainment
7652.71,5084.31,BAJA,43,125.79,Egreso,2025-02-15,Transaction at 1mg,Credito,3473.35,1,Healthcare
11439.67,4819.84,ALTA,39,363.81,Egreso,2025-05-07,Transaction at Reliance Fresh,Debito,2750.16,0,Grocery
26049.05,5892.64,NULA,97,200.1,Egreso,2025-05-05,Transaction at Gas Agency,Transferencia,5576.12,0,Bills
27916.52,5459.61,ALTA,6,771.63,Egreso,2025-08-06,Transaction at Burger King,Transferencia,1006.98,0,Food
16953.45,4044.15,BAJA,76,1494.79,Egreso,2025-09-26,Transaction at Vodafone Idea,Debito,352.78,0,Bills
48596.8,1141.53,ALTA,23,965.84,Egreso,2025-03-27,Transaction at Snapdeal,Credito,12068.79,8,Online Shopping
48807.84,1128.6,ALTA,32,1164.32,Egreso,2025-01-16,Transaction at Nykaa,Credito,19176.6,8,Online Shopping
32303.76,5140.41,MEDIA,6,308.49,Egreso,2025-11-16,Transaction at Meesho,Transferencia,4206.11,0,Online Shopping
44204.46,1442.84,BAJA,92,1010.55,Egreso,2025-01-01,Transaction at Aster,Debito,18076.33,0,Healthcare
13228.32,5899.12,BAJA,82,1692.56,Egreso,2025-05-26,Transaction at Apple Store,Transferencia,149836.1,0,Electronics
18215.57,4517.2,ALTA,50,1291.71,Egreso,2025-08-22,Transaction at H&M,Credito,1670.74,8,Clothing
10251.87,9567.66,ALTA,79,400.84,Egreso,2025-12-02,Transaction at Puma,Credito,2139.64,4,Clothing
31964.25,3895.02,MEDIA,10,238.78,Egreso,2025-07-10,Transaction at Pizza Hut,Transferencia,1126.37,0,Food
42152.6,2573.24,NULA,10,1362.68,Egreso,2025-03-03,Transaction at Fortis,Transferencia,10998.17,0,Healthcare
35569.51,8889.38,NULA,1,630.29,Egreso,2025-01-01,Transaction at Sony Center,Debito,128155.58,0,Electronics
22839.63,2237.86,ALTA,59,1231.58,Egreso,2025-06-19,Transaction at Vodafone Idea,Transferencia,5548.84,0,Bills
28178.7,3261.93,BAJA,28,872.36,Egreso,2025-07-14,Transaction at Air India,Transferencia,15526.67,0,Travel
35229.04,9866.12,MEDIA,41,914.61,Egreso,2025-12-19,Transaction at More Supermarket,Credito,4531.55,2,Grocery
10463.09,3147.27,NULA,77,1252.25,Egreso,2025-02-13,Transaction at Yulu Bikes,Transferencia,1941.09,0,Transport
8846.23,8878.47,NULA,71,721.2,Egreso,2025-01-03,Transaction at Star Bazaar,Transferencia,4631.51,0,Grocery
40178.77,7775.39,NULA,40,589.55,Egreso,2025-05-30,Transaction at PharmEasy,Debito,17889.89,0,Healthcare
46309.2,3323.54,ALTA,94,1335.94,Egreso,2025-10-07,Transaction at Star Bazaar,Credito,3843.41,11,Grocery
45157.5,8608.1,MEDIA,77,1984.27,Egreso,2025-02-06,Transaction at Nike,Debito,1266.72,0,Clothing
42250.68,6854.1,MEDIA,80,1429.5,Egreso,2025-11-17,Transaction at Burger King,Debito,700.4,0,Food
15684.15,8355.58,ALTA,55,743.21,Egreso,2025-03-15,Transaction at Air India,Credito,22586.47,8,Travel
12050.91,6174.0,NULA,85,657.24,Egreso,2025-03-06,Transaction at BMTC,Debito,1912.83,0,Transport
32076.26,6868.78,MEDIA,80,887.94,Egreso,2025-02-16,Transaction at Zee5,Transferencia,692.39,0,Entertainment
18775.72,4443.24,MEDIA,82,367.02,Egreso,2025-03-16,Transaction at Pizza Hut,Debito,720.36,0,Food
47689.68,1814.17,NULA,46,1936.91,Egreso,2025-08-14,Transaction at US Polo,Debito,6109.49,0,Clothing
30045.14,1646.25,ALTA,22,1533.96,Egreso,2025-07-16,Transaction at Water Board,Transferencia,5670.83,0,Bills
31299.93,2799.68,NULA,96,161.13,Egreso,2025-04-30,Transaction at BigBazaar,Credito,3836.63,3,Grocery
20930.8,9719.15,BAJA,96,497.44,Egreso,2025-07-06,Transaction at TNEB,Credito,4682.0,4,Bills
18462.49,7745.0,ALTA,83,178.33,Egreso,2025-02-11,Transaction at Property Tax Online,Debito,4385.84,0,Bills
18025.68,1212.28,MEDIA,65,1924.38,Egreso,2025-07-06,Transaction at Nykaa,Transferencia,13436.98,0,Online Shopping
31410.9,8022.3,BAJA,87,138.12,Egreso,2025-12-15,Transaction at BigBazaar,Transferencia,767.31,0,Grocery
20529.7,1028.33,ALTA,22,1784.82,Egreso,2025-08-25,Transaction at Hotstar,Credito,259.26,1,Entertainment
27954.31,4420.16,BAJA,0,1628.56,Egreso,2025-03-31,Transaction at Fortis,Transferencia,18416.8,0,Healthcare
32691.67,8587.87,ALTA,79,526.3,Egreso,2025-11-12,Transaction at Spencers,Transferencia,4478.31,0,Grocery
20810.82,7813.55,MEDIA,22,1976.73,Egreso,2025-06-15,Transaction at Ajio,Debito,3277.7,0,Online Shopping
13689.43,7877.26,MEDIA,42,710.76,Egreso,2025-06-24,Transaction at Netflix,Transferencia,713.94,0,Entertainment
36000.67,3880.33,MEDIA,5,950.47,Egreso,2025-05-21,Transaction at Gas Agency,Credito,3039.18,4,Bills
21604.55,9047.95,BAJA,16,187.0,Egreso,2025-04-10,Transaction at Nykaa,Transferencia,3549.71,0,Online Shopping
29067.79,3626.5,NULA,98,1980.43,Egreso,2025-03-27,Transaction at Rapido,Credito,175.46,11,Transport
47618.26,4430.43,MEDIA,54,1947.18,Egreso,2025-11-16,Transaction at Woodland,Debito,2103.33,0,Clothing
6828.6,7191.49,BAJA,94,229.83,Egreso,2025-02-06,Transaction at HP World,Credito,103515.72,2,Electronics
15772.51,8036.63,BAJA,71,1998.52,Egreso,2025-09-17,Transaction at Starbucks,Transferencia,1447.75,0,Food
6170.17,7244.35,ALTA,54,1489.41,Egreso,2025-06-04,Transaction at A2B,Transferencia,1472.07,0,Food
14244.62,7915.89,MEDIA,40,1665.25,Egreso,2025-02-10,Transaction at Nike,Transferencia,5510.55,0,Clothing
37280.19,4224.75,ALTA,79,1914.9,Egreso,2025-05-13,Transaction at Woodland,Transferencia,4775.98,0,Clothing
9765.42,4355.89,MEDIA,76,1870.54,Egreso,2025-12-07,Transaction at Jio Fiber,Transferencia,472.91,0,Bills
30670.02,7582.97,BAJA,8,633.77,Egreso,2025-04-05,Transaction at BSNL,Credito,2716.84,5,Bills
13744.54,2869.15,BAJA,53,120.31,Egreso,2025-11-26,Transaction at Air India,Transferencia,15563.43,0,Travel
37034.35,2384.49,ALTA,18,760.2,Egreso,2025-08-27,Transaction at Asus Store,Transferencia,116947.62,0,Electronics
32762.7,4723.78,MEDIA,45,942.85,Egreso,2025-06-12,Transaction at Nilgiris,Transferencia,1925.86,0,Grocery
43449.7,6164.88,NULA,4,730.8,Egreso,2025-08-13,Transaction at Pepperfry,Transferencia,13154.28,0,Online Shopping
43286.67,9559.26,NULA,41,332.68,Egreso,2025-04-09,Transaction at Goibibo,Transferencia,8302.65,0,Travel
22054.46,4451.03,BAJA,65,294.5,Egreso,2025-07-17,Transaction at Amazon Prime,Credito,528.66,2,Entertainment
40797.73,3877.32,MEDIA,4,1046.22,Egreso,2025-08-02,Transaction at Chai Point,Transferencia,866.42,0,Food
10503.44,2823.12,ALTA,49,1187.33,Egreso,2025-01-26,Transaction at TSRTC,Transferencia,1155.57,0,Transport
46940.64,5147.24,MEDIA,21,1572.01,Egreso,2025-03-21,Transaction at Booking.com,Transferencia,18429.28,0,Travel
45990.87,3198.77,BAJA,94,682.89,Egreso,2025-01-16,Transaction at Nilgiris,Transferencia,1742.94,0,Grocery
25397.1,5143.51,MEDIA,9,1977.18,Egreso,2025-09-21,Transaction at Myntra,Credito,19357.98,6,Online Shopping
19139.64,9051.4,NULA,12,1072.22,Egreso,2025-10-24,Transaction at SonyLiv,Debito,737.85,0,Entertainment
17840.13,4082.48,ALTA,10,1456.85,Egreso,2025-08-07,Transaction at Zara,Credito,1131.84,11,Clothing
40670.81,3564.88,NULA,49,1531.96,Egreso,2025-01-05,Transaction at Hotstar,Credito,752.05,8,Entertainment
22415.02,3838.65,NULA,61,637.27,Egreso,2025-04-07,Transaction at TSRTC,Transferencia,1217.14,0,Transport
11500.51,9659.93,NULA,27,1538.72,Egreso,2025-11-03,Transaction at Nilgiris,Credito,2956.99,1,Grocery
36245.52,4779.8,BAJA,30,1870.69,Egreso,2025-09-13,Transaction at Apple Store,Credito,73701.2,2,Electronics
44786.71,1064.62,ALTA,72,638.39,Egreso,2025-02-26,Transaction at Meru Cabs,Transferencia,398.1,0,Transport
40817.34,5963.51,BAJA,31,740.62,Egreso,2025-07-05,Transaction at BMTC,Credito,1087.06,2,Transport
46840.44,5052.9,MEDIA,27,1861.06,Egreso,2025-08-28,Transaction at MedPlus,Debito,5737.82,0,Healthcare
23985.56,4842.39,BAJA,51,1765.58,Egreso,2025-02-24,Transaction at Burger King,Transferencia,106.47,0,Food
45281.03,1408.97,ALTA,18,110.5,Egreso,2025-07-29,Transaction at Gas Agency,Debito,5465.16,0,Bills
7957.3,6165.41,BAJA,21,1451.02,Egreso,2025-03-09,Transaction at Samsung Store,Debito,147821.18,0,Electronics
7229.17,2361.66,BAJA,13,1288.32,Egreso,2025-01-22,Transaction at Taco Bell,Transferencia,414.62,0,Food
36511.49,2880.15,ALTA,67,372.03,Egreso,2025-02-10,Transaction at Gaana,Debito,960.61,0,Entertainment
19055.29,6993.48,NULA,69,552.92,Egreso,2025-08-02,Transaction at Barbeque Nation,Transferencia,1342.51,0,Food
35069.39,3506.2,ALTA,66,188.64,Egreso,2025-08-05,Transaction at Aha,Transferencia,387.0,0,Entertainment
41570.85,8458.93,ALTA,70,964.67,Egreso,2025-12-27,Transaction at Apple Music,Debito,955.57,0,Entertainment
43302.56,9279.54,BAJA,75,1141.08,Egreso,2025-09-29,Transaction at BMTC,Debito,732.92,0,Transport
22711.12,2973.87,NULA,98,1279.58,Egreso,2025-06-12,Transaction at Jio Fiber,Transferencia,2311.81,0,Bills
40559.1,4532.26,NULA,95,1770.36,Egreso,2025-05-26,Transaction at Burger King,Debito,624.72,0,Food
29227.98,9485.08,MEDIA,44,1105.69,Egreso,2025-09-18,Transaction at Star Bazaar,Credito,208.97,1,Grocery
18997.08,8146.73,NULA,73,338.6,Egreso,2025-02-08,Transaction at Subway,Transferencia,465.57,0,Food
46589.37,2961.36,MEDIA,68,510.85,Egreso,2025-06-03,Transaction at Meru Cabs,Transferencia,1500.54,0,Transport
36024.86,1089.8,ALTA,45,1587.39,Egreso,2025-02-26,Transaction at Metro Rail,Transferencia,1788.48,0,Transport
40815.24,5606.55,NULA,2,400.21,Egreso,2025-01-14,Transaction at Apollo Pharmacy,Transferencia,5222.92,0,Healthcare
18675.44,1149.8,MEDIA,76,398.99,Egreso,2025-09-02,Transaction at PharmEasy,Transferencia,10887.53,0,Healthcare
31783.05,6648.04,ALTA,39,853.05,Egreso,2025-03-29,Transaction at Lenskart,Debito,10464.92,0,Online Shopping
35721.66,7158.72,BAJA,45,1042.14,Egreso,2025-09-21,Transaction at Metro Rail,Credito,1732.49,6,Transport
6129.19,5123.6,ALTA,67,1576.74,Egreso,2025-02-06,Transaction at Mi Store,Transferencia,51071.8,0,Electronics
24568.98,3081.01,NULA,32,729.09,Egreso,2025-08-07,Transaction at Pepperfry,Transferencia,3084.79,0,Online Shopping
7700.29,5016.84,BAJA,13,1511.78,Egreso,2025-10-20,Transaction at Saravana Bhavan,Transferencia,966.47,0,Food
15341.67,2640.3,NULA,85,1486.14,Egreso,2025-01-28,Transaction at Flipkart,Transferencia,2863.76,0,Online Shopping
23084.9,5665.47,NULA,59,250.38,Egreso,2025-08-29,Transaction at TSRTC,Debito,67.81,0,Transport
48680.82,8324.51,BAJA,75,961.43,Egreso,2025-03-21,Transaction at More Supermarket,Transferencia,3141.62,0,Grocery
27383.14,2624.4,ALTA,82,1180.36,Egreso,2025-04-30,Transaction at H&M,Transferencia,7807.6,0,Clothing
41159.39,5729.07,NULA,87,184.34,Egreso,2025-08-29,Transaction at Booking.com,Debito,29892.1,0,Travel
7500.58,3586.01,MEDIA,20,755.63,Egreso,2025-11-08,Transaction at Vistara,Credito,14240.7,3,Travel
5226.09,4918.95,ALTA,90,1064.9,Egreso,2025-06-21,Transaction at Pantaloons,Debito,3009.76,0,Clothing
15990.97,6557.4,MEDIA,13,1142.49,Egreso,2025-10-05,Transaction at BSNL,Transferencia,355.15,0,Bills
34671.62,6955.26,BAJA,5,1315.22,Egreso,2025-11-21,Transaction at Croma,Transferencia,49311.07,0,Electronics
36883.58,4410.19,MEDIA,79,682.74,Egreso,2025-08-26,Transaction at Cream Stone,Credito,161.15,8,Food
35905.39,2180.91,MEDIA,96,952.35,Egreso,2025-12-04,Transaction at Spotify,Credito,111.66,11,Entertainment
33818.77,4778.95,ALTA,92,1205.61,Egreso,2025-02-08,Transaction at Yulu Bikes,Debito,1037.02,0,Transport
9258.29,7354.65,BAJA,11,1641.26,Egreso,2025-04-09,Transaction at Vodafone Idea,Debito,2373.61,0,Bills
47109.57,2615.22,NULA,24,273.72,Egreso,2025-04-30,Transaction at Apollo Hospital,Transferencia,17583.4,0,Healthcare
5277.67,4936.94,NULA,80,1550.65,Egreso,2025-06-19,Transaction at Sony Center,Transferencia,91322.94,0,Electronics
37333.48,3325.26,NULA,97,105.35,Egreso,2025-04-09,Transaction at Zara,Transferencia,6667.33,0,Clothing
11066.07,7486.92,NULA,75,608.49,Egreso,2025-10-26,Transaction at Pepperfry,Debito,13683.51,0,Online Shopping
38590.54,5206.36,MEDIA,22,1215.25,Egreso,2025-02-03,Transaction at Ola,Debito,740.35,0,Transport
39333.83,8822.67,NULA,9,1072.14,Egreso,2025-07-22,Transaction at Woodland,Debito,1397.07,0,Clothing
48004.51,2884.26,NULA,59,520.39,Egreso,2025-08-14,Transaction at TSRTC,Transferencia,816.57,0,Transport
37906.21,5001.94,BAJA,98,1099.06,Egreso,2025-01-29,Transaction at Amazon,Transferencia,15657.06,0,Online Shopping
41723.1,5060.62,NULA,91,279.51,Egreso,2025-02-06,Transaction at Zee5,Credito,668.45,8,Entertainment
12104.36,4656.58,NULA,72,1613.83,Egreso,2025-07-22,Transaction at Noise,Transferencia,29918.66,0,Electronics
41838.06,4556.33,NULA,63,353.83,Egreso,2025-04-07,Transaction at Uber,Transferencia,1504.38,0,Transport
36201.77,6349.4,BAJA,63,517.69,Egreso,2025-02-12,Transaction at JioMart,Credito,1422.55,3,Grocery
19078.74,2592.04,ALTA,84,289.13,Egreso,2025-01-03,Transaction at Wrogn,Debito,4923.9,0,Clothing
13790.35,1206.45,ALTA,7,1406.62,Egreso,2025-12-30,Transaction at Gas Agency,Transferencia,1182.3,0,Bills
8056.5,9945.11,BAJA,9,835.76,Egreso,2025-04-13,Transaction at TNEB,Debito,806.33,0,Bills
21479.81,9994.22,NULA,16,177.17,Egreso,2025-05-06,Transaction at JioMart,Transferencia,4013.33,0,Grocery
9219.79,2570.09,BAJA,87,185.68,Egreso,2025-08-06,Transaction at Puma,Credito,556.68,9,Clothing
44925.03,2843.53,NULA,60,1400.04,Egreso,2025-01-22,Transaction at Dell Exclusive,Transferencia,33547.38,0,Electronics
33095.45,9340.38,MEDIA,13,1269.39,Egreso,2025-12-08,Transaction at Apollo Hospital,Transferencia,4178.6,0,Healthcare
39685.44,1797.62,BAJA,51,881.42,Egreso,2025-07-29,Transaction at Pantaloons,Transferencia,6163.22,0,Clothing
26606.63,7203.18,BAJA,37,436.71,Egreso,2025-02-09,Transaction at Burger King,Credito,940.04,1,Food
29704.62,2527.02,MEDIA,65,1163.67,Egreso,2025-01-16,Transaction at Dominos,Transferencia,470.22,0,Food
11391.54,5756.72,ALTA,7,320.34,Egreso,2025-12-08,Transaction at BMTC,Credito,891.04,4,Transport
27019.23,1329.01,NULA,24,1401.21,Egreso,2025-08-11,Transaction at Amazon,Transferencia,17902.16,0,Online Shopping
19871.03,9548.21,NULA,85,1301.4,Egreso,2025-07-05,Transaction at Nature's Basket,Transferencia,4447.49,0,Grocery
39392.68,5940.96,NULA,4,1608.14,Egreso,2025-11-17,Transaction at Amazon,Transferencia,15390.15,0,Online Shopping
38037.78,5898.51,NULA,46,1729.26,Egreso,2025-10-07,Transaction at Saravana Bhavan,Transferencia,1149.74,0,Food
28744.49,4509.89,ALTA,70,308.37,Egreso,2025-08-11,Transaction at Pepperfry,Debito,11692.5,0,Online Shopping
6133.49,5190.43,BAJA,44,1352.58,Egreso,2025-11-19,Transaction at Puma,Credito,2483.25,3,Clothing
41506.17,9737.08,BAJA,58,886.47,Egreso,2025-01-08,Transaction at TSRTC,Credito,486.17,2,Transport
39642.92,8636.8,NULA,85,672.15,Egreso,2025-10-25,Transaction at RedBus,Transferencia,848.89,0,Transport
37624.78,2349.53,MEDIA,3,1453.8,Egreso,2025-08-08,Transaction at IRCTC,Transferencia,9669.11,0,Travel
48015.32,8606.13,NULA,67,1093.14,Egreso,2025-12-17,Transaction at Apollo Hospital,Transferencia,2348.27,0,Healthcare
39693.24,6014.83,ALTA,74,126.11,Egreso,2025-01-03,Transaction at More Supermarket,Credito,4191.02,1,Grocery
22453.06,2662.97,ALTA,24,111.24,Egreso,2025-02-08,Transaction at Aha,Credito,178.23,1,Entertainment
30951.43,5566.01,BAJA,92,1654.7,Egreso,2025-07-20,Transaction at Meru Cabs,Credito,1375.14,1,Transport
43009.16,3164.61,ALTA,73,1244.08,Egreso,2025-04-17,Transaction at Zara,Credito,7896.27,3,Clothing
30927.18,6329.98,ALTA,36,1618.09,Egreso,2025-05-23,Transaction at JioMart,Transferencia,2722.68,0,Grocery
24646.13,8649.39,MEDIA,54,368.96,Egreso,2025-01-28,Transaction at Lenskart,Transferencia,9033.12,0,Online Shopping
9956.25,9066.43,MEDIA,98,1379.54,Egreso,2025-07-27,Transaction at Spotify,Transferencia,191.05,0,Entertainment
37676.61,1441.37,NULA,25,1980.42,Egreso,2025-08-06,Transaction at ACT Fibernet,Credito,1314.81,11,Bills
19215.02,3041.65,MEDIA,30,775.05,Egreso,2025-12-13,Transaction at A2B,Debito,1366.04,0,Food
6031.72,5385.68,NULA,14,689.14,Egreso,2025-01-11,Transaction at Yulu Bikes,Transferencia,472.44,0,Transport
26461.75,7649.0,NULA,92,333.44,Egreso,2025-01-14,Transaction at Boat Lifestyle,Credito,52956.89,6,Electronics
21748.92,4587.87,MEDIA,95,1601.64,Egreso,2025-09-19,Transaction at IRCTC,Transferencia,7645.6,0,Travel
25026.09,4388.71,MEDIA,84,1270.04,Egreso,2025-01-18,Transaction at A2B,Transferencia,1344.98,0,Food
8096.0,3217.89,BAJA,84,295.02,Egreso,2025-02-23,Transaction at Apollo Hospital,Credito,3817.04,6,Healthcare
47856.54,1028.65,MEDIA,11,424.18,Egreso,2025-07-10,Transaction at HP World,Transferencia,45953.74,0,Electronics
41219.13,8719.23,ALTA,98,466.48,Egreso,2025-10-11,Transaction at SonyLiv,Transferencia,413.08,0,Entertainment
15259.31,4977.59,BAJA,42,166.93,Egreso,2025-03-06,Transaction at Meesho,Credito,12349.36,3,Online Shopping
6727.25,8172.6,NULA,1,1082.55,Egreso,2025-06-30,Transaction at AirAsia,Transferencia,13546.82,0,Travel
18082.77,6890.16,ALTA,87,1665.62,Egreso,2025-11-29,Transaction at 1mg,Transferencia,14982.07,0,Healthcare
22374.68,3855.21,MEDIA,27,1510.06,Egreso,2025-08-23,Transaction at Property Tax Online,Credito,951.97,10,Bills
31215.45,9416.92,BAJA,54,1359.74,Egreso,2025-02-26,Transaction at Aster,Transferencia,3210.97,0,Healthcare
14744.05,2812.4,ALTA,38,1017.18,Egreso,2025-07-26,Transaction at Paradise Biryani,Debito,435.8,0,Food
37649.11,7235.81,NULA,88,547.77,Egreso,2025-01-26,Transaction at Nature's Basket,Transferencia,983.86,0,Grocery
34948.93,3543.25,NULA,40,1841.66,Egreso,2025-08-12,Transaction at Reliance Fresh,Transferencia,1715.96,0,Grocery
25600.73,7432.76,MEDIA,2,1193.56,Egreso,2025-05-16,Transaction at Zee5,Transferencia,746.22,0,Entertainment
48654.79,8630.05,MEDIA,57,1261.45,Egreso,2025-02-13,Transaction at Property Tax Online,Transferencia,2220.29,0,Bills
46193.47,8576.02,BAJA,46,333.0,Egreso,2025-01-21,Transaction at Spencers,Transferencia,4735.14,0,Grocery
33224.35,4124.34,ALTA,95,1199.32,Egreso,2025-12-19,Transaction at Nature's Basket,Transferencia,4973.25,0,Grocery
24240.52,6840.74,MEDIA,6,783.61,Egreso,2025-05-08,Transaction at Reliance Digital,Credito,84330.9,10,Electronics
9756.2,7342.93,NULA,60,1449.92,Egreso,2025-07-29,Transaction at Yulu Bikes,Transferencia,414.97,0,Transport
41961.52,2289.2,BAJA,13,1550.18,Egreso,2025-05-05,Transaction at A2B,Credito,1253.76,3,Food
38987.88,6147.17,ALTA,90,1403.06,Egreso,2025-04-27,Transaction at Air India,Credito,27990.79,2,Travel
43364.45,9580.13,ALTA,14,634.22,Egreso,2025-02-11,Transaction at Barbeque Nation,Debito,230.07,0,Food
24769.47,8410.27,BAJA,86,1892.65,Egreso,2025-01-31,Transaction at BSNL,Credito,964.91,9,Bills
8353.94,8062.98,BAJA,12,912.8,Egreso,2025-09-25,Transaction at Rapido,Credito,1911.7,3,Transport
45091.17,1189.0,ALTA,79,586.3,Egreso,2025-09-25,Transaction at Spencers,Transferencia,1690.97,0,Grocery
34715.28,1006.83,BAJA,10,1896.09,Egreso,2025-01-17,Transaction at Zee5,Transferencia,792.35,0,Entertainment
45435.33,5780.42,NULA,36,870.2,Egreso,2025-08-24,Transaction at Subway,Transferencia,493.97,0,Food
43982.32,5975.57,BAJA,64,1755.06,Egreso,2025-01-14,Transaction at McDonalds,Transferencia,1475.14,0,Food
46393.34,3651.33,MEDIA,76,1678.24,Egreso,2025-01-29,Transaction at Gas Agency,Transferencia,4716.53,0,Bills
42933.73,4269.58,NULA,44,1848.92,Egreso,2025-12-19,Transaction at Boat Lifestyle,Transferencia,120286.86,0,Electronics
13405.05,9459.51,MEDIA,43,1886.9,Egreso,2025-04-28,Transaction at Nilgiris,Credito,4116.07,6,Grocery
29708.44,4490.54,NULA,14,1075.15,Egreso,2025-06-16,Transaction at HP World,Transferencia,50615.14,0,Electronics
23840.08,3495.72,ALTA,49,1379.72,Egreso,2025-08-10,Transaction at Gaana,Transferencia,755.23,0,Entertainment
32164.71,5143.93,BAJA,59,1418.64,Egreso,2025-05-12,Transaction at Apple Music,Transferencia,610.57,0,Entertainment
29539.23,6199.71,MEDIA,18,1923.35,Egreso,2025-02-01,Transaction at Cream Stone,Debito,1217.13,0,Food
31823.56,9035.57,ALTA,74,1876.7,Egreso,2025-04-11,Transaction at TNEB,Debito,4027.08,0,Bills
46907.06,4029.48,BAJA,66,764.55,Egreso,2025-04-14,Transaction at Tata Cliq,Credito,16522.35,11,Online Shopping
46486.91,6427.73,BAJA,10,545.67,Egreso,2025-06-26,Transaction at RedBus,Transferencia,778.58,0,Transport
11095.26,2764.33,ALTA,69,446.54,Egreso,2025-04-01,Transaction at Chai Point,Transferencia,1463.69,0,Food
26856.41,5025.07,BAJA,54,368.75,Egreso,2025-11-06,Transaction at Amazon,Transferencia,6358.14,0,Online Shopping
14129.66,6555.93,NULA,8,325.89,Egreso,2025-10-05,Transaction at Gas Agency,Credito,750.65,6,Bills
45780.57,5560.0,ALTA,81,1578.08,Egreso,2025-03-19,Transaction at Noise,Transferencia,63406.99,0,Electronics
27790.36,7513.41,ALTA,59,1776.08,Egreso,2025-12-02,Transaction at A2B,Transferencia,1188.1,0,Food
5073.5,9262.59,BAJA,71,807.66,Egreso,2025-01-06,Transaction at Gas Agency,Transferencia,4627.62,0,Bills
5203.47,2654.86,NULA,30,806.41,Egreso,2025-08-17,Transaction at More Supermarket,Transferencia,4692.25,0,Grocery
9426.17,1719.05,ALTA,46,322.37,Egreso,2025-08-22,Transaction at BSNL,Transferencia,563.56,0,Bills
14051.4,3775.0,BAJA,10,939.29,Egreso,2025-06-23,Transaction at Ola,Debito,552.0,0,Transport
35527.86,2581.22,ALTA,13,930.03,Egreso,2025-01-21,Transaction at Property Tax Online,Debito,2695.37,0,Bills
14336.9,2924.03,BAJA,32,1247.26,Egreso,2025-12-05,Transaction at Adidas,Transferencia,2902.99,0,Clothing
11672.73,3930.8,NULA,35,1376.1,Egreso,2025-12-15,Transaction at Aster,Transferencia,17486.09,0,Healthcare
26800.84,5355.0,BAJA,33,1857.39,Egreso,2025-03-24,Transaction at Metro Rail,Transferencia,934.32,0,Transport
9822.08,3924.23,NULA,11,981.02,Egreso,2025-05-16,Transaction at Zee5,Transferencia,998.75,0,Entertainment
26697.1,1582.56,MEDIA,64,746.94,Egreso,2025-12-26,Transaction at TSRTC,Transferencia,1353.9,0,Transport
41288.9,1192.81,ALTA,29,341.5,Egreso,2025-10-18,Transaction at Pantaloons,Transferencia,7335.58,0,Clothing
21251.68,6088.11,BAJA,62,1609.16,Egreso,2025-11-29,Transaction at BMTC,Debito,528.16,0,Transport
44167.22,8936.44,NULA,72,188.68,Egreso,2025-07-20,Transaction at Meesho,Credito,15425.01,8,Online Shopping
34297.94,2073.02,BAJA,81,800.43,Egreso,2025-08-07,Transaction at Airtel,Transferencia,373.31,0,Bills
43721.15,1518.31,MEDIA,89,540.05,Egreso,2025-07-21,Transaction at Hotstar,Credito,573.32,10,Entertainment
42283.03,6544.36,MEDIA,26,444.48,Egreso,2025-09-09,Transaction at Paradise Biryani,Debito,1053.43,0,Food
45671.54,6603.75,BAJA,5,759.48,Egreso,2025-08-25,Transaction at H&M,Debito,1290.08,0,Clothing
46235.48,8263.46,ALTA,91,1860.9,Egreso,2025-06-18,Transaction at Jio Fiber,Transferencia,5772.13,0,Bills
39352.64,6487.53,MEDIA,60,1051.05,Egreso,2025-02-03,Transaction at Nilgiris,Transferencia,1332.19,0,Grocery
24315.34,5001.87,NULA,85,1776.35,Egreso,2025-02-21,Transaction at IRCTC,Credito,10863.08,11,Travel
43056.58,8810.89,NULA,75,743.85,Egreso,2025-04-25,Transaction at Vodafone Idea,Credito,5688.98,3,Bills
39603.0,4858.19,BAJA,44,759.36,Egreso,2025-11-17,Transaction at Spotify,Debito,180.11,0,Entertainment
13214.31,9442.41,MEDIA,92,1087.17,Egreso,2025-03-09,Transaction at Zee5,Transferencia,559.74,0,Entertainment
27807.31,3226.41,ALTA,22,500.39,Egreso,2025-08-20,Transaction at Amazon,Transferencia,13846.3,0,Online Shopping
43983.91,8129.99,NULA,88,762.26,Egreso,2025-08-04,Transaction at Vistara,Debito,21569.35,0,Travel
19675.43,7407.16,BAJA,6,1936.44,Egreso,2025-05-31,Transaction at Vodafone Idea,Debito,1027.05,0,Bills
33095.96,2377.0,ALTA,96,1635.18,Egreso,2025-09-26,Transaction at Star Bazaar,Debito,4271.15,0,Grocery
31409.27,1448.43,BAJA,85,907.28,Egreso,2025-02-22,Transaction at 1mg,Credito,7098.15,8,Healthcare
8253.14,7796.67,BAJA,5,439.99,Egreso,2025-10-17,Transaction at Levis,Transferencia,3716.27,0,Clothing
26888.99,5898.15,MEDIA,59,1066.44,Egreso,2025-06-04,Transaction at 1mg,Transferencia,19086.61,0,Healthcare
44893.82,1824.97,BAJA,21,559.93,Egreso,2025-03-09,Transaction at TSRTC,Transferencia,1642.04,0,Transport
47603.96,8021.56,MEDIA,67,1884.58,Egreso,2025-05-29,Transaction at OYO,Transferencia,20542.81,0,Travel
37857.58,4460.82,NULA,75,957.08,Egreso,2025-08-24,Transaction at Netflix,Credito,464.03,4,Entertainment
19996.6,2316.5,MEDIA,87,229.17,Egreso,2025-05-14,Transaction at CloudNine,Credito,10954.89,2,Healthcare
18389.75,4033.12,ALTA,95,560.6,Egreso,2025-08-21,Transaction at More Supermarket,Credito,460.41,5,Grocery
47586.36,7009.89,BAJA,8,959.07,Egreso,2025-10-23,Transaction at Barbeque Nation,Debito,660.28,0,Food
25450.09,8092.98,BAJA,39,1763.26,Egreso,2025-12-02,Transaction at MakeMyTrip,Debito,27102.43,0,Travel
22421.96,9056.52,MEDIA,36,1270.46,Egreso,2025-06-02,Transaction at Myntra,Credito,1535.2,9,Online Shopping
42959.68,1181.67,ALTA,17,1634.18,Egreso,2025-04-02,Transaction at Star Bazaar,Credito,2556.16,10,Grocery
33432.32,8184.32,ALTA,96,1471.5,Egreso,2025-10-14,Transaction at YouTube Premium,Transferencia,771.28,0,Entertainment
42161.94,8514.78,NULA,97,1308.78,Egreso,2025-01-17,Transaction at Dell Exclusive,Transferencia,11295.98,0,Electronics
18246.27,6127.95,ALTA,98,1591.88,Egreso,2025-04-01,Transaction at Reliance Fresh,Transferencia,4766.7,0,Grocery
46075.13,1620.48,ALTA,46,162.56,Egreso,2025-05-09,Transaction at US Polo,Debito,2691.77,0,Clothing
48751.36,1386.31,NULA,36,413.72,Egreso,2025-10-18,Transaction at Cream Stone,Transferencia,1454.25,0,Food
13232.24,9574.69,BAJA,1,1449.34,Egreso,2025-10-05,Transaction at Nilgiris,Credito,4714.2,2,Grocery
9951.51,1808.26,MEDIA,43,908.51,Egreso,2025-07-02,Transaction at Spotify,Transferencia,922.04,0,Entertainment
28753.77,6875.36,ALTA,43,1366.9,Egreso,2025-08-12,Transaction at Taco Bell,Credito,835.06,10,Food
22610.77,3425.38,NULA,50,216.4,Egreso,2025-11-13,Transaction at MakeMyTrip,Transferencia,21546.5,0,Travel
48809.44,1490.18,NULA,66,1386.34,Egreso,2025-05-21,Transaction at A2B,Transferencia,1314.92,0,Food
33513.46,4575.67,BAJA,5,546.34,Egreso,2025-03-06,Transaction at Nike,Transferencia,908.57,0,Clothing
32492.31,9924.24,MEDIA,67,1408.75,Egreso,2025-10-06,Transaction at Apollo Hospital,Transferencia,8758.74,0,Healthcare
18563.56,9299.93,ALTA,91,585.19,Egreso,2025-12-28,Transaction at Jio Fiber,Credito,4989.09,6,Bills
44600.51,5686.54,ALTA,4,1432.56,Egreso,2025-01-30,Transaction at Spencers,Credito,4824.53,2,Grocery
29453.74,2820.08,ALTA,44,487.29,Egreso,2025-01-17,Transaction at Samsung Store,Credito,79769.83,7,Electronics
21843.4,1470.85,BAJA,58,1958.52,Egreso,2025-08-05,Transaction at Tata Cliq,Transferencia,3550.43,0,Online Shopping
36968.09,3621.74,MEDIA,45,106.26,Egreso,2025-05-19,Transaction at Nature's Basket,Debito,1396.5,0,Grocery
32639.9,7775.43,NULA,44,928.31,Egreso,2025-07-23,Transaction at Yatra,Credito,19808.36,1,Travel
30572.97,6550.77,ALTA,49,995.6,Egreso,2025-07-31,Transaction at Subway,Credito,1281.49,4,Food
41477.32,1465.12,BAJA,22,1896.23,Egreso,2025-05-02,Transaction at H&M,Debito,2972.73,0,Clothing
37850.99,7514.27,MEDIA,88,694.68,Egreso,2025-08-09,Transaction at Yatra,Debito,19915.47,0,Travel
17106.11,9585.81,MEDIA,61,1326.61,Egreso,2025-07-08,Transaction at Vistara,Transferencia,24813.44,0,Travel
48706.77,2167.3,BAJA,39,1968.12,Egreso,2025-07-17,Transaction at Lenskart,Debito,6744.25,0,Online Shopping
44575.32,6133.65,NULA,82,1829.91,Egreso,2025-04-12,Transaction at Airtel,Transferencia,4563.77,0,Bills
19129.65,5843.0,BAJA,66,1567.0,Egreso,2025-08-22,Transaction at Yulu Bikes,Credito,1505.29,9,Transport
15458.97,8725.53,BAJA,24,202.41,Egreso,2025-09-10,Transaction at Pepperfry,Debito,12376.97,0,Online Shopping
40822.04,1250.26,MEDIA,6,1286.68,Egreso,2025-10-30,Transaction at Property Tax Online,Credito,4717.43,9,Bills
36742.44,3144.01,ALTA,25,981.82,Egreso,2025-03-31,Transaction at Max Fashion,Transferencia,3960.05,0,Clothing
41703.82,9127.54,BAJA,92,1470.33,Egreso,2025-09-20,Transaction at MedPlus,Transferencia,5071.59,0,Healthcare
7064.7,4590.46,ALTA,20,751.88,Egreso,2025-02-26,Transaction at Pizza Hut,Transferencia,954.3,0,Food
40360.88,6228.5,MEDIA,40,1079.1,Egreso,2025-12-21,Transaction at Reliance Digital,Transferencia,113707.88,0,Electronics
22810.69,8730.72,ALTA,10,495.37,Egreso,2025-09-07,Transaction at Kauvery,Transferencia,16200.21,0,Healthcare
40196.34,1934.35,MEDIA,58,1912.44,Egreso,2025-10-02,Transaction at Apollo Hospital,Transferencia,8933.42,0,Healthcare
34340.57,6974.35,ALTA,28,982.09,Egreso,2025-11-03,Transaction at Amazon,Credito,9178.18,4,Online Shopping
25266.2,7981.35,BAJA,43,1964.51,Egreso,2025-12-04,Transaction at Meesho,Transferencia,1616.55,0,Online Shopping
17471.93,2231.6,NULA,80,764.42,Egreso,2025-11-14,Transaction at Allen Solly,Transferencia,6372.78,0,Clothing
10780.53,5787.48,ALTA,0,1883.44,Egreso,2025-06-09,Transaction at Spotify,Credito,641.69,6,Entertainment
8398.93,9987.1,NULA,41,593.92,Egreso,2025-04-23,Transaction at Paradise Biryani,Debito,1118.37,0,Food
27812.12,5003.96,BAJA,80,951.33,Egreso,2025-02-04,Transaction at BSNL,Transferencia,5727.99,0,Bills
33233.02,5136.27,BAJA,70,327.8,Egreso,2025-02-17,Transaction at Ola,Debito,1358.39,0,Transport
31636.81,6610.23,NULA,4,1799.32,Egreso,2025-06-10,Transaction at AirAsia,Transferencia,19378.18,0,Travel
6341.87,1607.26,NULA,91,1684.82,Egreso,2025-09-15,Transaction at 1mg,Debito,13834.03,0,Healthcare
26304.05,6243.26,MEDIA,25,1789.8,Egreso,2025-06-13,Transaction at Jio Fiber,Transferencia,5616.71,0,Bills
28868.02,5147.68,MEDIA,49,759.16,Egreso,2025-12-04,Transaction at Meru Cabs,Transferencia,204.93,0,Transport
7499.86,4600.76,BAJA,5,287.66,Egreso,2025-07-15,Transaction at Adidas,Debito,4343.95,0,Clothing
35090.38,9974.99,ALTA,52,705.42,Egreso,2025-12-14,Transaction at YouTube Premium,Debito,435.93,0,Entertainment
44480.54,7164.75,MEDIA,32,590.38,Egreso,2025-03-22,Transaction at Apple Music,Transferencia,487.46,0,Entertainment
7853.11,7848.18,NULA,14,1899.67,Egreso,2025-01-09,Transaction at Chai Point,Credito,122.67,5,Food
49863.88,4089.4,MEDIA,48,720.08,Egreso,2025-04-26,Transaction at Pepperfry,Debito,13710.93,0,Online Shopping
18966.39,4006.11,BAJA,17,501.07,Egreso,2025-07-02,Transaction at BigBazaar,Credito,2836.4,9,Grocery
49258.64,3731.82,BAJA,94,1649.71,Egreso,2025-05-27,Transaction at IRCTC,Credito,5044.06,11,Travel
30919.48,6371.15,ALTA,32,731.22,Egreso,2025-11-14,Transaction at CloudNine,Credito,11011.02,6,Healthcare
15704.69,1969.52,BAJA,41,1386.45,Egreso,2025-11-02,Transaction at AirAsia,Transferencia,4782.41,0,Travel
31572.08,4101.03,ALTA,3,1694.06,Egreso,2025-11-30,Transaction at SonyLiv,Credito,428.03,8,Entertainment
26677.31,1458.71,ALTA,57,114.45,Egreso,2025-03-05,Transaction at Allen Solly,Transferencia,6428.35,0,Clothing
28402.0,9562.45,BAJA,82,555.9,Egreso,2025-11-21,Transaction at Noise,Debito,33091.23,0,Electronics
29049.88,4108.06,MEDIA,3,1889.34,Egreso,2025-12-31,Transaction at JioMart,Credito,4103.67,10,Grocery
17989.85,5320.03,MEDIA,91,396.47,Egreso,2025-10-17,Transaction at Gaana,Transferencia,641.8,0,Entertainment
15273.23,8352.93,ALTA,50,498.47,Egreso,2025-05-21,Transaction at Reliance Digital,Transferencia,31262.56,0,Electronics
31078.4,8182.88,BAJA,74,390.32,Egreso,2025-09-19,Transaction at Booking.com,Transferencia,20415.44,0,Travel
42036.06,5790.24,MEDIA,60,491.0,Egreso,2025-11-11,Transaction at A2B,Transferencia,433.52,0,Food
13875.27,5744.9,ALTA,48,1480.34,Egreso,2025-02-03,Transaction at Metro Rail,Transferencia,1835.57,0,Transport
29850.34,4355.75,ALTA,30,350.24,Egreso,2025-12-02,Transaction at SonyLiv,Credito,942.2,1,Entertainment
33231.24,7570.57,NULA,40,679.58,Egreso,2025-04-09,Transaction at ACT Fibernet,Debito,3883.9,0,Bills
39722.9,6699.25,ALTA,49,643.38,Egreso,2025-01-12,Transaction at Booking.com,Transferencia,2585.81,0,Travel
31801.26,1552.62,NULA,94,955.58,Egreso,2025-07-26,Transaction at Taco Bell,Transferencia,946.66,0,Food
28121.33,6060.0,NULA,56,903.5,Egreso,2025-01-29,Transaction at AirAsia,Credito,22949.75,4,Travel
12258.23,6463.83,MEDIA,81,350.45,Egreso,2025-05-20,Transaction at Amazon,Debito,3223.38,0,Online Shopping
25821.53,2689.48,MEDIA,52,1275.2,Egreso,2025-09-20,Transaction at Zee5,Transferencia,371.29,0,Entertainment
29652.05,1315.52,BAJA,36,552.09,Egreso,2025-11-08,Transaction at Rapido,Debito,78.01,0,Transport
26503.09,2596.52,BAJA,21,1584.24,Egreso,2025-12-15,Transaction at Pizza Hut,Debito,216.23,0,Food
47098.0,7061.82,ALTA,84,293.81,Egreso,2025-12-12,Transaction at Cream Stone,Debito,788.97,0,Food
12809.47,9278.11,NULA,85,585.46,Egreso,2025-05-12,Transaction at Nike,Transferencia,1618.37,0,Clothing
24891.08,6582.94,MEDIA,92,1333.85,Egreso,2025-11-11,Transaction at Yatra,Transferencia,23942.1,0,Travel
39610.01,3708.84,MEDIA,87,820.94,Egreso,2025-01-24,Transaction at Amazon,Debito,2942.83,0,Online Shopping
31773.78,1682.84,ALTA,21,1711.72,Egreso,2025-04-14,Transaction at Netflix,Transferencia,526.66,0,Entertainment
24638.92,6513.11,ALTA,32,588.31,Egreso,2025-09-24,Transaction at Ola,Debito,1846.88,0,Transport
35092.5,5885.37,MEDIA,86,1041.12,Egreso,2025-04-16,Transaction at YouTube Premium,Transferencia,675.13,0,Entertainment
49917.97,2271.34,MEDIA,13,377.75,Egreso,2025-02-21,Transaction at Max Fashion,Debito,5029.14,0,Clothing
7453.26,8078.26,MEDIA,96,977.12,Egreso,2025-08-19,Transaction at Max Fashion,Transferencia,7966.03,0,Clothing
16989.13,9910.12,NULA,87,394.83,Egreso,2025-05-25,Transaction at Apollo Hospital,Debito,19716.28,0,Healthcare
46168.93,5439.72,BAJA,29,534.91,Egreso,2025-01-14,Transaction at Water Board,Credito,3959.34,8,Bills
21671.88,4964.73,ALTA,38,1046.43,Egreso,2025-05-30,Transaction at JioMart,Transferencia,2707.89,0,Grocery
41864.66,1116.11,MEDIA,6,1491.58,Egreso,2025-05-31,Transaction at Subway,Debito,1156.55,0,Food
37277.18,9110.91,MEDIA,24,1576.53,Egreso,2025-12-01,Transaction at BigBazaar,Credito,2107.99,10,Grocery
8475.31,9801.65,BAJA,26,1705.74,Egreso,2025-06-07,Transaction at Airtel,Transferencia,2339.86,0,Bills
33988.69,9671.2,BAJA,37,981.19,Egreso,2025-03-30,Transaction at McDonalds,Transferencia,1121.87,0,Food
26261.14,3411.73,NULA,83,1743.54,Egreso,2025-01-12,Transaction at McDonalds,Debito,503.35,0,Food
38694.26,6023.93,MEDIA,55,750.64,Egreso,2025-12-18,Transaction at Noise,Debito,132983.79,0,Electronics
35830.72,4928.21,ALTA,84,1632.66,Egreso,2025-09-05,Transaction at Snapdeal,Credito,14238.09,9,Online Shopping
7036.44,7288.84,ALTA,14,1903.27,Egreso,2025-06-23,Transaction at Adidas,Transferencia,5402.06,0,Clothing
15405.59,4391.17,BAJA,58,646.68,Egreso,2025-02-28,Transaction at Meesho,Credito,12807.35,4,Online Shopping
45568.75,5363.89,MEDIA,7,912.82,Egreso,2025-03-08,Transaction at Uber,Debito,1042.48,0,Transport
18834.78,8888.71,BAJA,4,1287.28,Egreso,2025-04-10,Transaction at Hotstar,Debito,108.6,0,Entertainment
14200.28,7514.38,ALTA,76,949.98,Egreso,2025-12-22,Transaction at Flipkart,Credito,4527.37,11,Online Shopping
31875.8,9630.28,ALTA,54,538.01,Egreso,2025-04-10,Transaction at Aha,Credito,297.62,10,Entertainment
43515.57,2488.4,NULA,11,1776.73,Egreso,2025-09-19,Transaction at CCD,Debito,1475.95,0,Food
32723.87,8406.76,NULA,21,1797.46,Egreso,2025-11-18,Transaction at Aster,Debito,5988.39,0,Healthcare
22259.4,4588.27,NULA,47,280.29,Egreso,2025-09-09,Transaction at PharmEasy,Credito,16958.41,11,Healthcare
30859.56,6293.64,MEDIA,2,1459.93,Egreso,2025-11-18,Transaction at Reliance Fresh,Transferencia,1297.41,0,Grocery
31912.27,3091.27,ALTA,79,1072.75,Egreso,2025-04-04,Transaction at TSRTC,Debito,614.46,0,Transport
12667.9,7946.47,NULA,80,1853.3,Egreso,2025-03-21,Transaction at IndiGo,Transferencia,19343.15,0,Travel
37970.03,4265.55,MEDIA,57,946.93,Egreso,2025-12-29,Transaction at Aha,Credito,116.68,10,Entertainment
22066.36,1795.55,BAJA,42,1801.02,Egreso,2025-03-19,Transaction at HP World,Transferencia,75283.47,0,Electronics
10772.17,7399.23,BAJA,35,174.14,Egreso,2025-11-30,Transaction at Netflix,Transferencia,856.09,0,Entertainment
19787.13,8153.99,ALTA,54,703.26,Egreso,2025-09-16,Transaction at Flipkart,Transferencia,13215.36,0,Online Shopping
35163.77,5456.84,ALTA,10,752.88,Egreso,2025-01-20,Transaction at TSRTC,Credito,1510.85,2,Transport
43978.72,3689.12,MEDIA,40,596.31,Egreso,2025-10-04,Transaction at IRCTC,Transferencia,10331.02,0,Travel
9671.72,1990.04,MEDIA,2,1379.33,Egreso,2025-04-22,Transaction at IRCTC,Transferencia,20367.6,0,Travel
21467.11,9681.21,ALTA,58,638.64,Egreso,2025-09-25,Transaction at Myntra,Debito,13078.26,0,Online Shopping
27877.46,7820.12,NULA,35,1535.33,Egreso,2025-10-26,Transaction at Biba,Transferencia,1194.85,0,Clothing
42190.11,7375.72,BAJA,34,1374.64,Egreso,2025-01-11,Transaction at Subway,Debito,794.79,0,Food
22397.04,2156.22,ALTA,19,1255.85,Egreso,2025-03-16,Transaction at Nykaa,Transferencia,6162.79,0,Online Shopping
16016.03,4041.32,MEDIA,69,404.77,Egreso,2025-06-28,Transaction at Asus Store,Transferencia,127648.12,0,Electronics
22330.62,4005.37,ALTA,93,927.6,Egreso,2025-02-13,Transaction at RedBus,Transferencia,1272.53,0,Transport
38397.56,9486.91,ALTA,32,902.14,Egreso,2025-10-28,Transaction at Snapdeal,Transferencia,2338.78,0,Online Shopping
22531.65,8590.58,ALTA,58,154.75,Egreso,2025-03-23,Transaction at Rapido,Transferencia,323.46,0,Transport
39084.68,3477.94,ALTA,24,1387.15,Egreso,2025-02-18,Transaction at Snapdeal,Transferencia,9772.6,0,Online Shopping
7808.26,1311.07,BAJA,48,1908.36,Egreso,2025-01-30,Transaction at JioMart,Transferencia,3073.1,0,Grocery
20066.47,5061.49,MEDIA,33,1905.37,Egreso,2025-08-21,Transaction at Nykaa,Transferencia,12118.68,0,Online Shopping
31005.0,9999.61,MEDIA,68,1783.73,Egreso,2025-11-05,Transaction at Kauvery,Credito,8555.09,5,Healthcare
8417.89,8663.54,BAJA,69,573.47,Egreso,2025-12-04,Transaction at Zee5,Debito,758.6,0,Entertainment
24326.58,5971.24,BAJA,51,1610.62,Egreso,2025-09-08,Transaction at RedBus,Transferencia,1123.58,0,Transport
43050.64,6744.49,MEDIA,15,1258.0,Egreso,2025-05-27,Transaction at Nike,Credito,962.0,4,Clothing
46543.36,9428.44,NULA,0,986.83,Egreso,2025-04-12,Transaction at Samsung Store,Debito,16602.59,0,Electronics
20913.44,4368.81,BAJA,69,376.79,Egreso,2025-09-22,Transaction at DMart,Transferencia,2102.28,0,Grocery
13597.82,8753.82,MEDIA,31,1313.82,Egreso,2025-01-16,Transaction at Metro Rail,Transferencia,926.51,0,Transport
40135.59,7151.43,MEDIA,5,1690.14,Egreso,2025-12-08,Transaction at Apollo Hospital,Transferencia,13258.06,0,Healthcare
47099.16,7783.05,ALTA,47,1262.72,Egreso,2025-08-12,Transaction at Apollo Hospital,Transferencia,19125.2,0,Healthcare
10447.72,8805.39,NULA,72,825.02,Egreso,2025-03-04,Transaction at Vodafone Idea,Credito,5731.95,2,Bills
17425.86,2096.2,ALTA,29,737.76,Egreso,2025-09-27,Transaction at Mi Store,Debito,58581.56,0,Electronics
39956.04,7928.64,NULA,15,159.94,Egreso,2025-09-20,Transaction at Flipkart,Debito,566.87,0,Online Shopping
6555.12,6613.94,MEDIA,58,1898.23,Egreso,2025-08-26,Transaction at Metro Rail,Transferencia,745.89,0,Transport
24454.33,5605.94,ALTA,66,507.74,Egreso,2025-07-04,Transaction at More Supermarket,Transferencia,4929.1,0,Grocery
31413.14,8310.64,BAJA,65,1057.65,Egreso,2025-07-18,Transaction at Uber,Transferencia,1311.53,0,Transport
44600.91,8025.04,BAJA,53,347.36,Egreso,2025-03-23,Transaction at PharmEasy,Transferencia,17197.62,0,Healthcare
30741.59,4855.52,BAJA,51,777.12,Egreso,2025-06-02,Transaction at Boat Lifestyle,Transferencia,38238.26,0,Electronics
49312.79,8082.37,MEDIA,9,882.91,Egreso,2025-06-02,Transaction at Pepperfry,Transferencia,7542.11,0,Online Shopping
44893.57,5271.56,BAJA,51,1756.29,Egreso,2025-07-28,Transaction at Dell Exclusive,Transferencia,31707.19,0,Electronics
23040.24,4327.07,BAJA,71,1422.9,Egreso,2025-07-11,Transaction at Puma,Credito,1649.96,4,Clothing
21766.31,8230.8,NULA,23,125.96,Egreso,2025-01-31,Transaction at Apollo Hospital,Credito,19833.79,3,Healthcare
43463.62,4129.97,NULA,55,777.19,Egreso,2025-03-25,Transaction at Paradise Biryani,Transferencia,518.26,0,Food
30535.59,6067.21,ALTA,98,1934.17,Egreso,2025-08-02,Transaction at JioMart,Credito,3823.39,1,Grocery
41526.37,3389.94,MEDIA,85,125.08,Egreso,2025-06-04,Transaction at Nature's Basket,Transferencia,4779.51,0,Grocery
9952.47,7678.13,ALTA,32,1840.82,Egreso,2025-10-25,Transaction at BigBazaar,Debito,4073.54,0,Grocery
33804.04,1993.91,BAJA,40,1342.12,Egreso,2025-10-15,Transaction at Puma,Debito,2389.46,0,Clothing
26444.28,3294.49,MEDIA,33,1017.98,Egreso,2025-08-13,Transaction at ACT Fibernet,Debito,2465.76,0,Bills
21081.48,4919.82,BAJA,35,1083.55,Egreso,2025-05-17,Transaction at Zara,Transferencia,1412.52,0,Clothing
20787.4,3828.57,NULA,52,1516.14,Egreso,2025-12-06,Transaction at Apple Music,Transferencia,607.69,0,Entertainment
8163.66,8353.41,MEDIA,69,578.28,Egreso,2025-03-24,Transaction at Jio Fiber,Transferencia,3604.11,0,Bills
8709.63,8283.2,BAJA,61,1811.6,Egreso,2025-04-16,Transaction at McDonalds,Transferencia,1301.23,0,Food
17587.25,2895.07,MEDIA,99,313.76,Egreso,2025-03-18,Transaction at ACT Fibernet,Transferencia,2752.93,0,Bills
45517.15,5987.81,NULA,29,1300.06,Egreso,2025-07-08,Transaction at OYO,Transferencia,23059.53,0,Travel
47524.4,6816.88,BAJA,54,1891.49,Egreso,2025-12-05,Transaction at HP World,Credito,14877.76,1,Electronics
12499.92,9015.97,BAJA,76,1127.63,Egreso,2025-07-23,Transaction at US Polo,Debito,4850.75,0,Clothing
17621.11,5645.91,BAJA,8,311.83,Egreso,2025-07-09,Transaction at Meru Cabs,Transferencia,477.9,0,Transport
33572.37,9304.82,MEDIA,21,1264.49,Egreso,2025-09-27,Transaction at OYO,Credito,24801.03,7,Travel
16065.89,1548.35,ALTA,64,878.99,Egreso,2025-10-22,Transaction at Flipkart,Transferencia,286.76,0,Online Shopping
49671.33,7293.87,ALTA,6,258.6,Egreso,2025-11-19,Transaction at DMart,Credito,4783.12,4,Grocery
48943.12,9780.16,MEDIA,75,1318.87,Egreso,2025-03-01,Transaction at DMart,Transferencia,3152.52,0,Grocery
44926.1,3456.14,ALTA,15,927.64,Egreso,2025-10-23,Transaction at HP World,Transferencia,101116.47,0,Electronics
35468.8,9313.82,MEDIA,64,1314.94,Egreso,2025-06-11,Transaction at A2B,Debito,1116.87,0,Food
17899.03,2847.94,MEDIA,44,325.41,Egreso,2025-07-06,Transaction at Apple Music,Transferencia,488.23,0,Entertainment
11504.04,3741.47,MEDIA,71,1672.15,Egreso,2025-11-21,Transaction at SonyLiv,Transferencia,524.95,0,Entertainment
19191.97,6152.67,BAJA,90,1838.16,Egreso,2025-10-06,Transaction at Amazon,Debito,11223.33,0,Online Shopping
39161.41,5275.32,NULA,58,663.79,Egreso,2025-05-22,Transaction at Aster,Debito,16352.63,0,Healthcare
17401.87,2292.37,NULA,82,1049.74,Egreso,2025-01-16,Transaction at RedBus,Debito,1971.01,0,Transport
44440.82,1508.7,ALTA,7,1887.83,Egreso,2025-11-12,Transaction at Amazon Prime,Debito,535.24,0,Entertainment
32442.29,8423.63,ALTA,13,1623.9,Egreso,2025-01-11,Transaction at Star Bazaar,Transferencia,3159.43,0,Grocery
15319.69,6023.54,MEDIA,85,527.98,Egreso,2025-06-10,Transaction at MakeMyTrip,Transferencia,640.84,0,Travel
49150.82,1894.37,ALTA,14,469.83,Egreso,2025-07-05,Transaction at IndiGo,Transferencia,28206.88,0,Travel
45176.07,8304.46,NULA,89,124.99,Egreso,2025-06-09,Transaction at Reliance Fresh,Debito,2198.81,0,Grocery
28929.05,3158.96,MEDIA,38,1886.84,Egreso,2025-12-28,Transaction at Vivo Store,Credito,4935.16,3,Electronics
7418.03,2730.95,MEDIA,25,1254.15,Egreso,2025-12-11,Transaction at BMTC,Credito,1673.93,9,Transport
23759.33,7346.09,BAJA,95,1189.04,Egreso,2025-02-27,Transaction at Nature's Basket,Debito,1159.72,0,Grocery
6700.75,4427.49,MEDIA,99,1972.02,Egreso,2025-09-05,Transaction at Burger King,Credito,821.55,4,Food
39373.28,2381.46,BAJA,12,1160.82,Egreso,2025-10-18,Transaction at Amazon Prime,Debito,176.3,0,Entertainment
48035.89,8218.48,MEDIA,97,1062.03,Egreso,2025-09-20,Transaction at IRCTC,Credito,3978.95,5,Travel
12087.87,8288.46,BAJA,78,599.52,Egreso,2025-02-27,Transaction at ACT Fibernet,Transferencia,5296.41,0,Bills
19512.41,8943.38,MEDIA,7,1208.78,Egreso,2025-02-13,Transaction at Wrogn,Transferencia,2251.02,0,Clothing
5446.37,4470.15,MEDIA,53,851.74,Egreso,2025-08-14,Transaction at Jio Fiber,Transferencia,1730.49,0,Bills
10576.22,3910.53,BAJA,74,681.22,Egreso,2025-03-29,Transaction at Jio Fiber,Debito,1374.86,0,Bills
25438.31,8651.75,MEDIA,91,1606.75,Egreso,2025-07-08,Transaction at Kauvery,Transferencia,7809.54,0,Healthcare
22028.05,5710.85,MEDIA,2,1866.95,Egreso,2025-03-23,Transaction at BMTC,Transferencia,655.93,0,Transport
22106.51,7873.16,NULA,3,428.66,Egreso,2025-07-31,Transaction at Hotstar,Debito,851.05,0,Entertainment
9179.0,4493.73,ALTA,94,1379.29,Egreso,2025-06-29,Transaction at Allen Solly,Transferencia,939.33,0,Clothing
29599.22,5574.14,ALTA,77,595.39,Egreso,2025-11-11,Transaction at Rapido,Transferencia,498.47,0,Transport
12287.94,4396.07,NULA,98,1553.01,Egreso,2025-04-26,Transaction at Zee5,Debito,234.22,0,Entertainment
24392.59,9301.35,NULA,78,1390.74,Egreso,2025-09-15,Transaction at YouTube Premium,Transferencia,691.42,0,Entertainment
23668.86,2090.58,BAJA,84,493.75,Egreso,2025-05-19,Transaction at Dell Exclusive,Credito,79491.82,2,Electronics
26722.44,4405.56,MEDIA,20,358.78,Egreso,2025-09-20,Transaction at Boat Lifestyle,Transferencia,146331.65,0,Electronics
48895.37,4357.13,ALTA,75,521.23,Egreso,2025-07-19,Transaction at Fortis,Credito,1297.44,11,Healthcare
12829.17,9303.35,NULA,36,1375.66,Egreso,2025-01-28,Transaction at TSRTC,Debito,1651.99,0,Transport
24277.38,7077.24,NULA,72,592.5,Egreso,2025-12-23,Transaction at MedPlus,Debito,3550.2,0,Healthcare
28154.26,5168.82,ALTA,71,1411.43,Egreso,2025-04-20,Transaction at Water Board,Credito,5928.27,10,Bills
27119.26,2166.02,NULA,16,808.68,Egreso,2025-05-21,Transaction at Uber,Credito,1209.25,4,Transport
33464.89,6394.29,ALTA,3,1530.64,Egreso,2025-06-12,Transaction at Spencers,Debito,2999.86,0,Grocery
26472.91,1363.72,NULA,52,352.79,Egreso,2025-03-16,Transaction at YouTube Premium,Transferencia,484.4,0,Entertainment
18264.69,9029.3,NULA,62,835.3,Egreso,2025-08-06,Transaction at Tata Cliq,Transferencia,8840.36,0,Online Shopping
20828.68,2220.68,ALTA,77,1656.88,Egreso,2025-12-25,Transaction at Gas Agency,Debito,209.64,0,Bills
43777.44,8767.43,BAJA,53,133.98,Egreso,2025-12-01,Transaction at Netflix,Transferencia,790.81,0,Entertainment
19810.53,2646.86,ALTA,61,800.1,Egreso,2025-09-07,Transaction at Yulu Bikes,Transferencia,1098.48,0,Transport
43215.86,1544.57,MEDIA,23,1546.63,Egreso,2025-11-23,Transaction at Levis,Credito,3014.29,3,Clothing
34495.64,7549.87,MEDIA,96,370.96,Egreso,2025-07-31,Transaction at Samsung Store,Debito,50016.88,0,Electronics
13628.35,8093.41,BAJA,55,1681.82,Egreso,2025-07-31,Transaction at YouTube Premium,Transferencia,253.51,0,Entertainment
33793.97,8773.32,NULA,31,1729.64,Egreso,2025-02-23,Transaction at Saravana Bhavan,Credito,310.8,5,Food
44609.15,5398.5,NULA,14,1914.78,Egreso,2025-03-21,Transaction at Allen Solly,Debito,5466.37,0,Clothing
29011.32,1808.72,BAJA,20,401.24,Egreso,2025-03-06,Transaction at Kauvery,Credito,7040.07,8,Healthcare
44325.32,7890.6,MEDIA,58,914.42,Egreso,2025-09-29,Transaction at Zee5,Transferencia,607.1,0,Entertainment
37135.57,5146.63,BAJA,19,1797.67,Egreso,2025-03-11,Transaction at Hotstar,Debito,749.91,0,Entertainment
46983.99,5077.46,BAJA,33,119.54,Egreso,2025-07-28,Transaction at Yatra,Credito,5642.0,10,Travel
21446.47,6873.97,ALTA,54,106.03,Egreso,2025-07-19,Transaction at Netmeds,Debito,631.93,0,Healthcare
27512.26,3102.64,ALTA,29,1325.42,Egreso,2025-10-08,Transaction at SonyLiv,Transferencia,589.94,0,Entertainment
10010.92,8491.43,ALTA,80,860.35,Egreso,2025-07-28,Transaction at Netflix,Debito,578.47,0,Entertainment
49643.13,2766.77,BAJA,61,1113.5,Egreso,2025-05-15,Transaction at TSRTC,Credito,522.06,6,Transport
23944.5,7329.61,NULA,23,1173.89,Egreso,2025-08-01,Transaction at Netflix,Credito,537.56,3,Entertainment
6548.5,5991.68,ALTA,71,538.64,Egreso,2025-09-01,Transaction at Nilgiris,Transferencia,3891.9,0,Grocery
13069.76,3652.3,MEDIA,53,200.71,Egreso,2025-04-05,Transaction at Vistara,Debito,14203.67,0,Travel
8941.01,2624.24,NULA,77,1715.98,Egreso,2025-07-26,Transaction at BSNL,Credito,468.96,11,Bills
14431.23,6859.98,ALTA,93,1120.29,Egreso,2025-04-14,Transaction at PharmEasy,Transferencia,5037.71,0,Healthcare
14475.71,8555.78,ALTA,21,1644.4,Egreso,2025-06-02,Transaction at Zee5,Debito,425.49,0,Entertainment
40978.93,5341.98,ALTA,36,871.29,Egreso,2025-05-16,Transaction at Yulu Bikes,Debito,190.7,0,Transport
15620.68,9238.03,MEDIA,39,749.21,Egreso,2025-02-21,Transaction at BigBazaar,Credito,1816.51,5,Grocery
47317.47,1960.21,BAJA,80,388.99,Egreso,2025-04-06,Transaction at MakeMyTrip,Transferencia,11530.4,0,Travel
33634.01,2798.31,MEDIA,46,1973.36,Egreso,2025-01-15,Transaction at Levis,Credito,1520.24,11,Clothing
13909.79,6572.89,NULA,21,1642.39,Egreso,2025-01-21,Transaction at Puma,Transferencia,5466.06,0,Clothing
44289.54,6581.66,BAJA,71,181.63,Egreso,2025-07-19,Transaction at BMTC,Credito,349.03,6,Transport
27127.16,8142.66,MEDIA,17,945.88,Egreso,2025-07-21,Transaction at JioMart,Transferencia,909.13,0,Grocery
41080.05,9471.92,NULA,68,1753.94,Egreso,2025-01-19,Transaction at Water Board,Debito,5152.11,0,Bills
47322.1,1285.77,NULA,96,1528.38,Egreso,2025-03-30,Transaction at Nature's Basket,Transferencia,457.84,0,Grocery
19592.86,5100.6,NULA,79,1197.64,Egreso,2025-07-10,Transaction at TSRTC,Transferencia,285.51,0,Transport
36009.71,3907.71,MEDIA,67,560.35,Egreso,2025-06-20,Transaction at Saravana Bhavan,Credito,965.8,11,Food
30880.43,8297.55,BAJA,80,564.6,Egreso,2025-11-30,Transaction at Spotify,Credito,773.0,11,Entertainment
47692.78,7172.23,ALTA,68,919.45,Egreso,2025-08-29,Transaction at Pantaloons,Credito,4596.03,10,Clothing
48698.74,9428.04,ALTA,6,1497.22,Egreso,2025-08-16,Transaction at McDonalds,Debito,1341.12,0,Food
30959.07,6234.41,BAJA,43,1622.6,Egreso,2025-01-18,Transaction at Noise,Transferencia,135639.59,0,Electronics
36550.49,9209.65,BAJA,36,710.05,Egreso,2025-12-17,Transaction at Mi Store,Transferencia,108589.35,0,Electronics
44781.37,9847.44,NULA,80,1448.51,Egreso,2025-12-05,Transaction at Pepperfry,Debito,5348.52,0,Online Shopping
14373.23,2492.61,BAJA,21,432.05,Egreso,2025-07-13,Transaction at Jio Fiber,Transferencia,1887.68,0,Bills
36954.16,8760.81,BAJA,98,1111.76,Egreso,2025-07-21,Transaction at Adidas,Debito,879.51,0,Clothing
42431.96,1385.17,BAJA,75,633.67,Egreso,2025-05-01,Transaction at KFC,Credito,1286.83,7,Food
13821.18,5856.11,MEDIA,39,623.52,Egreso,2025-08-20,Transaction at Spotify,Transferencia,646.66,0,Entertainment
46834.2,2661.44,BAJA,40,126.32,Egreso,2025-04-21,Transaction at 1mg,Transferencia,143.98,0,Healthcare
43174.86,6280.6,ALTA,81,621.06,Egreso,2025-12-26,Transaction at Gaana,Debito,681.09,0,Entertainment
23290.57,4145.04,BAJA,59,350.08,Egreso,2025-11-30,Transaction at Samsung Store,Credito,142335.33,4,Electronics
48744.68,5700.3,BAJA,55,1612.48,Egreso,2025-12-12,Transaction at Airtel,Transferencia,4867.06,0,Bills
22381.67,3514.48,NULA,53,1120.93,Egreso,2025-09-04,Transaction at Dell Exclusive,Transferencia,108503.42,0,Electronics
43693.62,7530.69,ALTA,53,183.74,Egreso,2025-05-02,Transaction at Rapido,Credito,1706.19,6,Transport
8208.21,2647.33,NULA,10,206.63,Egreso,2025-04-11,Transaction at Netflix,Transferencia,576.59,0,Entertainment
42958.63,5117.78,ALTA,37,260.5,Egreso,2025-07-16,Transaction at RedBus,Transferencia,107.32,0,Transport
18402.7,1351.03,BAJA,38,601.55,Egreso,2025-05-15,Transaction at Barbeque Nation,Debito,164.68,0,Food
10959.06,7409.77,ALTA,51,1243.85,Egreso,2025-12-18,Transaction at Metro Rail,Credito,760.93,10,Transport
36140.46,6109.41,BAJA,42,1259.17,Egreso,2025-09-30,Transaction at Vodafone Idea,Transferencia,2807.76,0,Bills
22197.82,5718.25,ALTA,15,534.17,Egreso,2025-07-25,Transaction at Airtel,Debito,4482.73,0,Bills
14844.06,1608.52,BAJA,35,102.78,Egreso,2025-08-27,Transaction at Noise,Transferencia,92164.99,0,Electronics
29407.75,8760.23,MEDIA,34,579.81,Egreso,2025-01-23,Transaction at SonyLiv,Debito,587.47,0,Entertainment
20414.12,5211.89,NULA,33,774.07,Egreso,2025-03-19,Transaction at Airtel,Transferencia,3858.0,0,Bills
6319.61,3749.15,NULA,33,1665.22,Egreso,2025-02-13,Transaction at Ola,Transferencia,66.7,0,Transport
47387.16,6571.96,NULA,7,1828.67,Egreso,2025-04-07,Transaction at Uber,Credito,1814.75,6,Transport
22255.31,8972.42,MEDIA,50,1637.57,Egreso,2025-12-11,Transaction at Gas Agency,Debito,5382.03,0,Bills
20973.07,5278.4,NULA,12,837.7,Egreso,2025-09-08,Transaction at Amazon Prime,Transferencia,169.81,0,Entertainment
27933.03,4016.96,NULA,54,1170.53,Egreso,2025-01-13,Transaction at Metro Rail,Transferencia,1297.2,0,Transport
5190.52,3851.01,BAJA,42,1851.93,Egreso,2025-09-21,Transaction at Levis,Transferencia,4447.13,0,Clothing
37629.61,2181.1,ALTA,27,1502.9,Egreso,2025-07-03,Transaction at Metro Rail,Debito,854.7,0,Transport
19550.71,1063.78,NULA,71,1384.83,Egreso,2025-08-17,Transaction at ACT Fibernet,Transferencia,5309.96,0,Bills
44345.16,4186.88,ALTA,83,345.27,Egreso,2025-12-03,Transaction at Apple Music,Credito,775.61,10,Entertainment
37948.55,7706.23,ALTA,46,1323.47,Egreso,2025-08-26,Transaction at Hotstar,Credito,550.41,9,Entertainment
42470.5,9887.44,BAJA,25,106.82,Egreso,2025-11-12,Transaction at Spencers,Transferencia,2613.92,0,Grocery
41374.6,9111.3,MEDIA,51,240.3,Egreso,2025-06-14,Transaction at Yatra,Debito,9915.56,0,Travel
45778.26,2262.99,NULA,18,1474.88,Egreso,2025-12-25,Transaction at Aha,Transferencia,850.46,0,Entertainment
20652.6,3889.86,ALTA,47,1733.97,Egreso,2025-08-20,Transaction at JioMart,Transferencia,2852.53,0,Grocery
44355.45,3488.81,ALTA,75,151.87,Egreso,2025-10-24,Transaction at Sony Center,Debito,53961.41,0,Electronics
17684.71,9675.72,ALTA,53,445.64,Egreso,2025-09-03,Transaction at Meru Cabs,Transferencia,826.16,0,Transport
39998.83,1648.18,NULA,21,1885.97,Egreso,2025-10-20,Transaction at ACT Fibernet,Debito,5029.87,0,Bills
17782.97,2611.86,BAJA,13,1648.44,Egreso,2025-05-02,Transaction at Kauvery,Credito,12716.61,7,Healthcare
36867.95,7529.88,NULA,96,293.29,Egreso,2025-04-27,Transaction at H&M,Transferencia,7129.58,0,Clothing
14542.44,6853.51,NULA,49,1298.16,Egreso,2025-03-05,Transaction at McDonalds,Transferencia,759.62,0,Food
21084.39,7216.77,ALTA,76,1142.27,Egreso,2025-12-28,Transaction at Snapdeal,Transferencia,358.96,0,Online Shopping
30470.85,3020.28,NULA,56,1484.63,Egreso,2025-03-02,Transaction at BMTC,Transferencia,1509.21,0,Transport
16055.74,5061.19,BAJA,81,1215.16,Egreso,2025-08-03,Transaction at IRCTC,Debito,1859.33,0,Travel
25985.36,6248.29,NULA,36,1654.08,Egreso,2025-06-28,Transaction at SonyLiv,Transferencia,889.59,0,Entertainment
41067.03,7142.2,BAJA,73,1641.05,Egreso,2025-02-09,Transaction at Vivo Store,Debito,66136.49,0,Electronics
21497.02,2113.88,ALTA,49,386.02,Egreso,2025-08-17,Transaction at Water Board,Transferencia,1019.65,0,Bills
25445.88,3326.03,NULA,28,891.34,Egreso,2025-01-16,Transaction at Vivo Store,Transferencia,92748.59,0,Electronics
33946.88,9212.49,MEDIA,49,1755.28,Egreso,2025-01-28,Transaction at Booking.com,Transferencia,25533.41,0,Travel
43848.35,5865.68,MEDIA,46,143.43,Egreso,2025-11-14,Transaction at Air India,Debito,1130.03,0,Travel
46402.68,1834.96,MEDIA,67,671.32,Egreso,2025-06-04,Transaction at Mi Store,Debito,55246.56,0,Electronics
34545.4,4935.77,NULA,76,815.41,Egreso,2025-05-07,Transaction at SonyLiv,Transferencia,859.35,0,Entertainment
19761.82,1958.39,MEDIA,57,740.77,Egreso,2025-01-11,Transaction at Dell Exclusive,Transferencia,14122.69,0,Electronics
6884.23,1712.66,MEDIA,33,1224.9,Egreso,2025-08-28,Transaction at CCD,Transferencia,1060.84,0,Food
5281.17,7370.36,NULA,38,1081.03,Egreso,2025-08-05,Transaction at Max Fashion,Debito,5945.68,0,Clothing
33682.72,6810.97,ALTA,76,1489.45,Egreso,2025-08-30,Transaction at Vivo Store,Transferencia,127722.09,0,Electronics
27828.04,8099.04,MEDIA,0,1371.6,Egreso,2025-04-20,Transaction at Flipkart,Transferencia,2433.45,0,Online Shopping
22608.88,3844.19,ALTA,72,728.8,Egreso,2025-11-28,Transaction at Vodafone Idea,Debito,3175.29,0,Bills
27394.48,8872.47,MEDIA,17,1258.88,Egreso,2025-03-18,Transaction at Paradise Biryani,Debito,483.57,0,Food
6879.52,4204.63,ALTA,10,708.39,Egreso,2025-06-12,Transaction at Apollo Pharmacy,Debito,4264.4,0,Healthcare
37588.94,9750.8,NULA,79,1901.59,Egreso,2025-12-24,Transaction at Yatra,Credito,2658.22,8,Travel
9884.33,7047.56,MEDIA,96,751.11,Egreso,2025-07-18,Transaction at ACT Fibernet,Transferencia,5600.23,0,Bills
9161.51,9309.76,BAJA,27,1297.02,Egreso,2025-09-06,Transaction at Pizza Hut,Transferencia,704.03,0,Food
45707.02,5098.81,MEDIA,13,1819.76,Egreso,2025-07-19,Transaction at Star Bazaar,Credito,1712.0,3,Grocery
43742.72,9862.42,BAJA,13,1881.05,Egreso,2025-03-10,Transaction at Netflix,Transferencia,650.49,0,Entertainment
37192.68,1452.83,ALTA,12,983.68,Egreso,2025-09-28,Transaction at TSRTC,Debito,1832.42,0,Transport
5879.44,1184.43,BAJA,35,1350.81,Egreso,2025-10-13,Transaction at Vistara,Transferencia,24941.9,0,Travel
13166.97,6199.25,MEDIA,18,1908.04,Egreso,2025-08-28,Transaction at Amazon Prime,Credito,294.2,4,Entertainment
40131.02,1294.08,NULA,51,561.56,Egreso,2025-12-07,Transaction at Croma,Debito,133441.33,0,Electronics
28570.02,8170.7,NULA,69,775.46,Egreso,2025-05-31,Transaction at Max Fashion,Transferencia,6567.11,0,Clothing
42926.55,5000.5,NULA,38,1231.64,Egreso,2025-06-07,Transaction at Asus Store,Transferencia,36950.21,0,Electronics
22846.35,5231.13,BAJA,41,348.51,Egreso,2025-05-08,Transaction at Zara,Transferencia,5294.32,0,Clothing
40571.96,4490.78,NULA,86,1821.85,Egreso,2025-08-10,Transaction at Mi Store,Credito,67650.08,5,Electronics
43656.15,1560.21,MEDIA,73,1602.49,Egreso,2025-09-24,Transaction at Property Tax Online,Transferencia,1439.73,0,Bills
34871.6,6557.49,BAJA,3,354.41,Egreso,2025-07-11,Transaction at Ola,Transferencia,381.13,0,Transport
46987.79,5430.68,MEDIA,56,1136.45,Egreso,2025-01-28,Transaction at Zara,Transferencia,7427.75,0,Clothing
20715.05,5199.54,ALTA,23,316.77,Egreso,2025-03-11,Transaction at Apple Store,Credito,94787.15,3,Electronics
36850.12,9403.1,NULA,69,453.82,Egreso,2025-09-25,Transaction at CCD,Debito,320.24,0,Food
38262.89,1073.36,NULA,46,1317.44,Egreso,2025-09-09,Transaction at Apollo Pharmacy,Transferencia,9056.75,0,Healthcare
44921.67,4585.63,MEDIA,58,251.92,Egreso,2025-03-21,Transaction at OnePlus,Transferencia,42520.16,0,Electronics
43768.32,6148.16,MEDIA,26,1330.93,Egreso,2025-08-29,Transaction at IndiGo,Credito,24634.82,1,Travel
34962.86,6296.89,BAJA,52,988.37,Egreso,2025-10-29,Transaction at Yulu Bikes,Credito,783.3,11,Transport
23857.15,8735.17,BAJA,12,619.62,Egreso,2025-07-21,Transaction at Nike,Transferencia,3589.14,0,Clothing
48265.6,9269.46,NULA,92,1915.62,Egreso,2025-04-15,Transaction at Sony Center,Transferencia,130769.25,0,Electronics
46196.27,4250.3,MEDIA,16,1025.09,Egreso,2025-06-27,Transaction at Flipkart,Transferencia,14249.83,0,Online Shopping
49399.87,9567.03,NULA,85,1383.01,Egreso,2025-08-27,Transaction at Tata Cliq,Debito,5130.67,0,Online Shopping
5044.82,9633.53,BAJA,76,124.74,Egreso,2025-04-26,Transaction at Reliance Fresh,Transferencia,2210.33,0,Grocery
33294.42,6268.09,ALTA,33,643.12,Egreso,2025-12-20,Transaction at Jio Fiber,Credito,3379.39,2,Bills
44225.95,4446.35,NULA,44,1692.82,Egreso,2025-06-26,Transaction at Netflix,Credito,323.89,2,Entertainment
43966.4,2229.13,MEDIA,62,1505.96,Egreso,2025-05-01,Transaction at Saravana Bhavan,Credito,1373.49,4,Food
44771.58,4988.17,NULA,49,627.49,Egreso,2025-01-11,Transaction at McDonalds,Transferencia,832.06,0,Food
35132.36,5820.65,ALTA,92,1970.48,Egreso,2025-01-03,Transaction at Metro Rail,Credito,1198.27,8,Transport
36534.68,4701.52,ALTA,34,1370.36,Egreso,2025-05-22,Transaction at YouTube Premium,Credito,682.19,6,Entertainment
46148.49,8086.72,ALTA,32,1042.98,Egreso,2025-04-28,Transaction at Vivo Store,Transferencia,23595.43,0,Electronics
46661.0,5824.36,ALTA,4,875.11,Egreso,2025-06-07,Transaction at 1mg,Credito,8503.35,11,Healthcare
40784.51,4512.8,ALTA,28,801.44,Egreso,2025-09-25,Transaction at Nature's Basket,Transferencia,464.29,0,Grocery
5604.45,3688.38,ALTA,45,1688.62,Egreso,2025-07-05,Transaction at RedBus,Transferencia,185.62,0,Transport
21453.15,2901.66,ALTA,45,1124.44,Egreso,2025-12-10,Transaction at Star Bazaar,Debito,878.85,0,Grocery
7006.33,5684.2,BAJA,60,1644.69,Egreso,2025-09-01,Transaction at Pepperfry,Credito,6602.31,9,Online Shopping
39377.92,4004.59,BAJA,5,1704.14,Egreso,2025-05-13,Transaction at Goibibo,Transferencia,19512.95,0,Travel
5996.84,6237.37,NULA,14,1789.62,Egreso,2025-11-30,Transaction at H&M,Transferencia,3660.58,0,Clothing
23276.56,5646.08,NULA,22,430.42,Egreso,2025-11-13,Transaction at BigBazaar,Debito,283.91,0,Grocery
15262.89,5510.96,NULA,28,1380.48,Egreso,2025-10-28,Transaction at Rapido,Credito,1611.78,8,Transport
17365.09,1006.85,BAJA,43,416.0,Egreso,2025-02-05,Transaction at Goibibo,Credito,20562.67,8,Travel
31616.37,6399.03,ALTA,55,307.35,Egreso,2025-01-21,Transaction at 1mg,Debito,4372.62,0,Healthcare
8590.19,4578.39,MEDIA,39,385.91,Egreso,2025-08-05,Transaction at Spencers,Debito,4757.68,0,Grocery
36274.47,8031.57,ALTA,50,757.65,Egreso,2025-07-20,Transaction at Amazon Prime,Transferencia,547.65,0,Entertainment
24857.14,3418.44,MEDIA,64,1362.66,Egreso,2025-06-20,Transaction at BSNL,Transferencia,2952.37,0,Bills
24014.04,1299.62,MEDIA,85,166.4,Egreso,2025-03-18,Transaction at MedPlus,Transferencia,4821.2,0,Healthcare
27672.8,4988.75,BAJA,53,1595.58,Egreso,2025-10-31,Transaction at Noise,Credito,124289.1,9,Electronics
9019.69,6858.14,NULA,21,1337.15,Egreso,2025-09-08,Transaction at Amazon,Debito,9011.81,0,Online Shopping
43694.29,4907.24,NULA,83,577.21,Egreso,2025-05-02,Transaction at Nilgiris,Transferencia,205.84,0,Grocery
39826.25,6913.4,BAJA,11,1517.53,Egreso,2025-08-11,Transaction at Aha,Debito,859.26,0,Entertainment
46220.95,8145.44,NULA,91,1906.42,Egreso,2025-03-02,Transaction at Netmeds,Debito,11498.46,0,Healthcare
8046.95,2042.47,BAJA,38,1123.11,Egreso,2025-08-10,Transaction at Amazon,Credito,17755.57,3,Online Shopping
21232.27,4811.41,NULA,4,173.19,Egreso,2025-10-05,Transaction at Apollo Hospital,Transferencia,9134.79,0,Healthcare
39178.11,3204.49,MEDIA,40,523.11,Egreso,2025-08-03,Transaction at JioMart,Transferencia,4216.61,0,Grocery
32045.64,7496.1,MEDIA,44,1241.65,Egreso,2025-11-14,Transaction at Rapido,Transferencia,499.69,0,Transport
36299.14,2370.71,MEDIA,56,489.0,Egreso,2025-01-21,Transaction at MakeMyTrip,Debito,14252.88,0,Travel
21668.11,8406.96,ALTA,19,1173.61,Egreso,2025-08-08,Transaction at Yatra,Credito,9989.62,6,Travel
13425.95,9515.33,ALTA,27,345.18,Egreso,2025-10-15,Transaction at DMart,Debito,1666.05,0,Grocery
12195.28,4499.43,ALTA,42,580.14,Egreso,2025-02-28,Transaction at Burger King,Debito,405.39,0,Food
10991.4,6387.72,NULA,97,1444.02,Egreso,2025-10-01,Transaction at Nilgiris,Debito,4853.78,0,Grocery
9110.49,3264.84,MEDIA,43,957.38,Egreso,2025-06-20,Transaction at Water Board,Credito,553.91,10,Bills
38824.16,7035.47,MEDIA,90,1002.42,Egreso,2025-05-25,Transaction at JioMart,Credito,1512.5,5,Grocery
21361.68,6569.99,NULA,32,801.12,Egreso,2025-06-28,Transaction at Reliance Digital,Transferencia,144078.13,0,Electronics
32123.26,6983.64,BAJA,13,176.35,Egreso,2025-04-28,Transaction at Mi Store,Debito,56109.46,0,Electronics
16188.9,5466.63,BAJA,18,1103.37,Egreso,2025-07-17,Transaction at Apple Store,Transferencia,50233.05,0,Electronics
10192.28,6486.05,ALTA,85,988.47,Egreso,2025-02-23,Transaction at Tata Cliq,Debito,19851.25,0,Online Shopping
30757.79,4997.92,ALTA,11,1381.73,Egreso,2025-01-06,Transaction at Nykaa,Transferencia,7049.25,0,Online Shopping
46155.51,8451.93,ALTA,28,367.48,Egreso,2025-07-04,Transaction at IndiGo,Debito,7819.07,0,Travel
8845.74,9199.99,BAJA,66,1593.15,Egreso,2025-10-22,Transaction at MakeMyTrip,Transferencia,8415.36,0,Travel
29453.47,2323.4,NULA,69,1801.51,Egreso,2025-08-08,Transaction at Pepperfry,Debito,19219.37,0,Online Shopping
28892.09,8685.91,ALTA,26,1485.33,Egreso,2025-11-24,Transaction at KFC,Debito,1290.28,0,Food
12891.95,5815.73,BAJA,15,1321.75,Egreso,2025-10-04,Transaction at Dominos,Credito,437.35,4,Food
6918.7,8542.14,NULA,92,1815.62,Egreso,2025-09-08,Transaction at AirAsia,Debito,26793.52,0,Travel
39638.42,2951.16,ALTA,4,151.0,Egreso,2025-10-11,Transaction at OnePlus,Transferencia,88734.45,0,Electronics
30611.83,2634.26,NULA,18,1214.83,Egreso,2025-10-01,Transaction at Rapido,Transferencia,1870.68,0,Transport
43616.91,9972.12,ALTA,0,526.72,Egreso,2025-06-16,Transaction at Samsung Store,Credito,42400.58,7,Electronics
16136.36,7165.79,ALTA,40,799.62,Egreso,2025-08-11,Transaction at Gas Agency,Debito,1534.07,0,Bills
28901.57,4098.39,NULA,70,1716.79,Egreso,2025-01-31,Transaction at Uber,Debito,1923.06,0,Transport
27679.78,5442.19,MEDIA,17,1453.07,Egreso,2025-10-14,Transaction at Nykaa,Transferencia,1185.47,0,Online Shopping
6376.11,8629.43,NULA,18,1332.11,Egreso,2025-04-08,Transaction at Puma,Credito,929.92,3,Clothing
29920.53,1961.42,ALTA,69,136.22,Egreso,2025-01-15,Transaction at SonyLiv,Credito,533.46,5,Entertainment
27071.45,4861.11,BAJA,9,1390.49,Egreso,2025-11-02,Transaction at Meru Cabs,Transferencia,1694.09,0,Transport
9283.42,5964.89,MEDIA,77,619.65,Egreso,2025-08-27,Transaction at Samsung Store,Transferencia,135305.43,0,Electronics
41887.45,4810.65,MEDIA,11,961.72,Egreso,2025-12-18,Transaction at Meesho,Credito,12643.0,5,Online Shopping
39169.94,1577.37,BAJA,31,170.92,Egreso,2025-04-29,Transaction at Fortis,Credito,10604.59,8,Healthcare
46769.34,8602.11,NULA,4,124.78,Egreso,2025-08-30,Transaction at BSNL,Debito,4223.78,0,Bills
36111.12,7543.3,MEDIA,66,1317.42,Egreso,2025-11-09,Transaction at Puma,Debito,3579.47,0,Clothing
7346.52,3210.12,ALTA,41,1891.26,Egreso,2025-08-20,Transaction at Allen Solly,Debito,4545.81,0,Clothing
42028.68,2441.5,NULA,49,211.47,Egreso,2025-04-23,Transaction at IndiGo,Credito,28427.3,9,Travel
23831.19,6065.92,BAJA,98,1456.84,Egreso,2025-05-19,Transaction at Property Tax Online,Transferencia,2607.26,0,Bills
43330.12,4848.87,MEDIA,67,1996.48,Egreso,2025-07-22,Transaction at Vodafone Idea,Transferencia,1078.03,0,Bills
26867.81,5010.97,ALTA,8,690.7,Egreso,2025-05-17,Transaction at Aster,Debito,2910.19,0,Healthcare
21644.15,3887.75,ALTA,74,695.88,Egreso,2025-11-08,Transaction at Pantaloons,Credito,2350.47,2,Clothing
43097.49,8097.27,BAJA,90,1614.42,Egreso,2025-12-15,Transaction at Lenskart,Transferencia,6917.11,0,Online Shopping
14895.73,7407.8,BAJA,6,1125.68,Egreso,2025-11-25,Transaction at Aha,Credito,124.71,1,Entertainment
22923.75,4008.81,ALTA,86,1072.39,Egreso,2025-06-05,Transaction at Lenskart,Debito,11815.71,0,Online Shopping
15867.77,2253.91,BAJA,57,1047.63,Egreso,2025-04-03,Transaction at MedPlus,Transferencia,12811.89,0,Healthcare
41605.98,5001.98,BAJA,49,1866.98,Egreso,2025-07-11,Transaction at US Polo,Transferencia,6257.24,0,Clothing
48766.53,1552.5,ALTA,21,1031.76,Egreso,2025-02-22,Transaction at 1mg,Credito,4218.64,10,Healthcare
8277.29,7054.14,BAJA,50,173.39,Egreso,2025-05-11,Transaction at Levis,Debito,4866.36,0,Clothing
14748.46,2884.02,MEDIA,81,951.4,Egreso,2025-05-25,Transaction at Vodafone Idea,Debito,1998.65,0,Bills
14303.4,8435.49,NULA,20,987.47,Egreso,2025-03-19,Transaction at Kauvery,Debito,7454.69,0,Healthcare
8195.25,6383.65,NULA,65,1095.66,Egreso,2025-09-21,Transaction at Burger King,Transferencia,696.54,0,Food
26495.28,9791.32,ALTA,0,687.58,Egreso,2025-11-26,Transaction at DMart,Transferencia,944.6,0,Grocery
9004.14,5895.17,BAJA,58,1280.25,Egreso,2025-11-15,Transaction at Pantaloons,Transferencia,4576.88,0,Clothing
29481.22,7180.49,BAJA,61,193.55,Egreso,2025-03-28,Transaction at Air India,Transferencia,26465.55,0,Travel
13182.22,1684.26,MEDIA,72,959.19,Egreso,2025-08-18,Transaction at Zee5,Credito,943.39,1,Entertainment
31098.11,8485.74,NULA,60,813.72,Egreso,2025-12-02,Transaction at Yulu Bikes,Transferencia,384.45,0,Transport
9543.61,8477.51,MEDIA,42,1948.12,Egreso,2025-02-13,Transaction at Dell Exclusive,Transferencia,13275.14,0,Electronics
39583.46,6794.36,BAJA,63,599.58,Egreso,2025-01-22,Transaction at Samsung Store,Transferencia,13940.59,0,Electronics
24443.52,1822.41,MEDIA,2,1856.47,Egreso,2025-12-03,Transaction at Zara,Transferencia,1727.17,0,Clothing
27306.13,5977.91,NULA,39,324.22,Egreso,2025-03-23,Transaction at Puma,Debito,2279.28,0,Clothing
25625.99,4245.64,NULA,60,1157.06,Egreso,2025-10-13,Transaction at IRCTC,Debito,9639.1,0,Travel
20844.97,7988.43,NULA,37,778.47,Egreso,2025-03-11,Transaction at Nilgiris,Transferencia,2398.55,0,Grocery
12024.3,6768.9,BAJA,14,162.05,Egreso,2025-06-03,Transaction at Asus Store,Transferencia,86163.84,0,Electronics
8785.32,3230.69,BAJA,93,639.23,Egreso,2025-06-13,Transaction at HP World,Debito,111282.19,0,Electronics
14707.71,5906.0,ALTA,40,1470.51,Egreso,2025-10-08,Transaction at BigBazaar,Debito,3365.54,0,Grocery
16121.01,9209.57,NULA,3,456.47,Egreso,2025-07-04,Transaction at Boat Lifestyle,Credito,130222.15,3,Electronics
27943.6,6988.26,NULA,99,1191.23,Egreso,2025-04-15,Transaction at Reliance Fresh,Credito,2632.12,8,Grocery
40727.42,5050.95,MEDIA,55,254.35,Egreso,2025-11-28,Transaction at Fortis,Transferencia,3482.26,0,Healthcare
12094.66,7771.39,BAJA,72,1964.63,Egreso,2025-05-23,Transaction at Rapido,Transferencia,616.19,0,Transport
13517.84,9396.38,NULA,80,1701.87,Egreso,2025-12-15,Transaction at Apollo Hospital,Debito,19668.04,0,Healthcare
12261.91,1774.4,ALTA,76,1027.93,Egreso,2025-06-30,Transaction at BMTC,Debito,806.24,0,Transport
12948.54,8464.76,MEDIA,91,1329.04,Egreso,2025-02-10,Transaction at TSRTC,Credito,1918.24,5,Transport
25662.28,9746.2,BAJA,91,366.56,Egreso,2025-02-24,Transaction at Asus Store,Credito,16273.23,1,Electronics
35110.62,1961.94,ALTA,40,1120.91,Egreso,2025-08-14,Transaction at Dell Exclusive,Transferencia,137861.13,0,Electronics
11337.56,6510.52,BAJA,81,160.41,Egreso,2025-01-18,Transaction at Nykaa,Transferencia,4621.93,0,Online Shopping
49767.34,7933.93,ALTA,14,336.92,Egreso,2025-01-21,Transaction at SonyLiv,Transferencia,485.8,0,Entertainment
47259.43,1688.59,ALTA,36,859.67,Egreso,2025-01-18,Transaction at YouTube Premium,Transferencia,319.57,0,Entertainment
32236.24,2501.77,ALTA,58,1803.84,Egreso,2025-09-30,Transaction at Myntra,Debito,3989.52,0,Online Shopping
41018.11,4574.34,BAJA,36,852.06,Egreso,2025-04-15,Transaction at Zee5,Debito,866.9,0,Entertainment
45962.42,8416.7,NULA,86,1017.24,Egreso,2025-12-06,Transaction at Burger King,Debito,848.66,0,Food
17692.7,4963.82,BAJA,57,725.83,Egreso,2025-06-22,Transaction at Air India,Transferencia,9039.33,0,Travel
33902.66,2032.77,BAJA,96,1242.0,Egreso,2025-09-11,Transaction at Hotstar,Credito,713.45,2,Entertainment
17926.89,1526.76,MEDIA,44,863.36,Egreso,2025-05-09,Transaction at Yatra,Debito,28053.2,0,Travel
43041.73,1253.73,MEDIA,77,1532.02,Egreso,2025-07-03,Transaction at Reliance Fresh,Credito,2972.75,4,Grocery
45262.63,4521.01,NULA,63,1195.77,Egreso,2025-05-02,Transaction at Meru Cabs,Debito,1034.54,0,Transport
42795.35,7536.47,ALTA,86,1927.96,Egreso,2025-03-28,Transaction at Boat Lifestyle,Transferencia,130878.31,0,Electronics
33657.85,3431.59,MEDIA,11,1099.82,Egreso,2025-08-04,Transaction at Apple Store,Credito,121281.21,1,Electronics
28337.57,1140.33,BAJA,52,451.7,Egreso,2025-09-19,Transaction at Aha,Debito,906.79,0,Entertainment
42250.04,4226.31,BAJA,93,1008.81,Egreso,2025-03-19,Transaction at ACT Fibernet,Debito,3114.42,0,Bills
16659.51,1094.84,MEDIA,77,1579.07,Egreso,2025-06-10,Transaction at IndiGo,Credito,15811.57,9,Travel
45346.59,3602.16,NULA,95,1703.24,Egreso,2025-01-18,Transaction at PharmEasy,Transferencia,17579.58,0,Healthcare
38441.2,1191.69,ALTA,89,478.12,Egreso,2025-05-05,Transaction at Zee5,Transferencia,944.71,0,Entertainment
26792.24,5311.15,NULA,42,1242.68,Egreso,2025-05-26,Transaction at Boat Lifestyle,Credito,30941.12,1,Electronics
46978.13,4358.08,NULA,62,1391.82,Egreso,2025-09-23,Transaction at Nilgiris,Credito,4114.69,7,Grocery
6926.43,3111.95,NULA,99,1163.72,Egreso,2025-07-07,Transaction at IndiGo,Transferencia,10686.84,0,Travel
42882.64,6843.56,NULA,89,1460.44,Egreso,2025-06-25,Transaction at Flipkart,Transferencia,16637.23,0,Online Shopping
23270.99,9790.63,NULA,23,1603.93,Egreso,2025-07-24,Transaction at Airtel,Transferencia,3137.48,0,Bills
11369.46,3266.27,BAJA,44,1252.34,Egreso,2025-06-13,Transaction at Samsung Store,Credito,76007.97,2,Electronics
46158.36,6646.15,BAJA,61,1998.46,Egreso,2025-08-30,Transaction at TNEB,Transferencia,3380.87,0,Bills
37690.21,1884.82,MEDIA,65,813.19,Egreso,2025-05-01,Transaction at Star Bazaar,Transferencia,1177.37,0,Grocery
41926.62,8448.0,MEDIA,96,809.74,Egreso,2025-09-13,Transaction at Spencers,Credito,1458.15,5,Grocery
8754.97,9168.59,ALTA,69,1576.57,Egreso,2025-10-02,Transaction at Uber,Credito,1132.2,6,Transport
20204.2,3613.47,NULA,25,168.63,Egreso,2025-06-18,Transaction at Max Fashion,Debito,3511.29,0,Clothing
30967.79,8063.2,MEDIA,60,577.94,Egreso,2025-12-01,Transaction at Ola,Credito,253.6,6,Transport
22523.73,3216.04,ALTA,88,1482.8,Egreso,2025-02-09,Transaction at OYO,Transferencia,4022.34,0,Travel
43392.98,6036.56,BAJA,71,1018.92,Egreso,2025-04-25,Transaction at Booking.com,Transferencia,7938.85,0,Travel
5171.43,2887.49,MEDIA,16,486.14,Egreso,2025-04-18,Transaction at JioMart,Transferencia,953.63,0,Grocery
11671.37,4498.9,ALTA,7,462.77,Egreso,2025-04-08,Transaction at Tata Cliq,Debito,6378.67,0,Online Shopping
16338.66,9548.07,NULA,90,1197.8,Egreso,2025-03-07,Transaction at 1mg,Transferencia,13258.71,0,Healthcare
15130.45,1918.31,MEDIA,70,1508.42,Egreso,2025-05-17,Transaction at Nike,Debito,7571.87,0,Clothing
7155.82,6799.81,MEDIA,34,880.82,Egreso,2025-04-01,Transaction at RedBus,Debito,719.38,0,Transport
26207.52,1335.11,BAJA,2,1029.52,Egreso,2025-08-30,Transaction at Meru Cabs,Transferencia,1996.63,0,Transport
9563.23,3216.91,NULA,95,621.14,Egreso,2025-01-22,Transaction at Starbucks,Debito,1063.59,0,Food
34429.09,5277.62,NULA,75,1755.61,Egreso,2025-06-18,Transaction at Saravana Bhavan,Credito,755.39,2,Food
24126.07,7991.18,BAJA,87,192.14,Egreso,2025-04-25,Transaction at Nike,Transferencia,1374.84,0,Clothing
40667.11,2151.95,ALTA,39,216.32,Egreso,2025-07-30,Transaction at ACT Fibernet,Credito,1453.81,8,Bills
26606.09,7663.46,ALTA,89,170.88,Egreso,2025-02-13,Transaction at Water Board,Credito,1101.52,8,Bills
49702.01,2024.66,BAJA,48,603.88,Egreso,2025-03-02,Transaction at Star Bazaar,Credito,605.55,4,Grocery
17423.51,9536.56,BAJA,91,1746.96,Egreso,2025-07-21,Transaction at BMTC,Transferencia,1586.46,0,Transport
35244.94,3897.08,NULA,78,1173.35,Egreso,2025-10-06,Transaction at Apple Music,Transferencia,472.0,0,Entertainment
43114.54,6210.4,ALTA,49,660.38,Egreso,2025-03-27,Transaction at Uber,Credito,377.95,7,Transport
48529.35,8000.57,NULA,43,925.67,Egreso,2025-10-19,Transaction at Spencers,Transferencia,2782.74,0,Grocery
16046.07,4214.11,BAJA,50,269.42,Egreso,2025-06-26,Transaction at Amazon,Debito,10718.93,0,Online Shopping
42138.95,9489.17,MEDIA,85,966.56,Egreso,2025-06-30,Transaction at OnePlus,Transferencia,52662.59,0,Electronics
8331.19,9873.39,BAJA,83,1465.91,Egreso,2025-05-17,Transaction at CCD,Debito,334.85,0,Food
21206.19,4991.31,BAJA,54,1649.53,Egreso,2025-01-12,Transaction at Goibibo,Transferencia,7622.82,0,Travel
15191.98,2497.16,BAJA,63,506.61,Egreso,2025-09-17,Transaction at Spencers,Transferencia,1954.96,0,Grocery
44602.73,5905.7,MEDIA,32,1252.69,Egreso,2025-10-19,Transaction at Pantaloons,Transferencia,3376.6,0,Clothing
13392.88,5805.71,MEDIA,67,533.83,Egreso,2025-05-23,Transaction at Metro Rail,Debito,1171.69,0,Transport
41614.68,6134.34,NULA,36,704.54,Egreso,2025-09-11,Transaction at Amazon Prime,Credito,348.28,2,Entertainment
37567.46,8176.74,BAJA,53,1844.15,Egreso,2025-01-28,Transaction at 1mg,Credito,19647.12,8,Healthcare
9147.51,3641.42,MEDIA,71,921.8,Egreso,2025-12-14,Transaction at BigBazaar,Transferencia,1790.99,0,Grocery
38786.73,6800.03,MEDIA,86,270.38,Egreso,2025-12-02,Transaction at Hotstar,Credito,253.94,11,Entertainment
44922.75,2256.63,MEDIA,95,1702.04,Egreso,2025-12-09,Transaction at Airtel,Transferencia,262.08,0,Bills
28241.49,8409.48,NULA,40,535.29,Egreso,2025-12-25,Transaction at 1mg,Credito,17519.65,7,Healthcare
25338.26,6112.92,BAJA,8,1332.44,Egreso,2025-03-08,Transaction at Reliance Digital,Debito,85222.62,0,Electronics
37374.64,7766.18,MEDIA,54,1343.24,Egreso,2025-08-17,Transaction at H&M,Debito,5927.61,0,Clothing
43943.3,4270.91,MEDIA,52,1834.98,Egreso,2025-07-25,Transaction at Metro Rail,Transferencia,1655.87,0,Transport
15553.1,1975.73,ALTA,39,1660.11,Egreso,2025-12-17,Transaction at Jio Fiber,Transferencia,5738.35,0,Bills
45594.89,8476.06,MEDIA,59,1411.58,Egreso,2025-01-28,Transaction at TNEB,Transferencia,4851.88,0,Bills
26952.22,9302.05,NULA,37,1717.53,Egreso,2025-01-25,Transaction at CloudNine,Transferencia,324.01,0,Healthcare
16288.62,1647.73,MEDIA,5,1325.22,Egreso,2025-01-25,Transaction at Pepperfry,Transferencia,7142.65,0,Online Shopping
16864.78,5437.41,MEDIA,51,1178.56,Egreso,2025-11-21,Transaction at CCD,Credito,474.74,1,Food
16166.36,4813.54,MEDIA,11,1655.5,Egreso,2025-04-23,Transaction at Netflix,Credito,597.74,11,Entertainment
39309.47,2669.31,BAJA,40,314.11,Egreso,2025-01-24,Transaction at Wrogn,Transferencia,2762.96,0,Clothing
45559.64,3225.26,NULA,69,513.1,Egreso,2025-04-14,Transaction at Ola,Transferencia,571.06,0,Transport
47395.43,6430.0,BAJA,63,1070.98,Egreso,2025-01-31,Transaction at Booking.com,Credito,21983.23,4,Travel
27218.28,1479.57,MEDIA,12,724.31,Egreso,2025-09-10,Transaction at Adidas,Transferencia,5039.96,0,Clothing
39835.25,3222.72,NULA,88,431.96,Egreso,2025-08-31,Transaction at Pizza Hut,Debito,860.87,0,Food
38102.93,4222.11,ALTA,54,558.86,Egreso,2025-04-29,Transaction at McDonalds,Transferencia,1195.86,0,Food
21554.09,3508.73,BAJA,86,1833.61,Egreso,2025-01-18,Transaction at BSNL,Credito,1985.56,5,Bills
41335.45,4206.28,BAJA,62,204.34,Egreso,2025-11-14,Transaction at Air India,Transferencia,6837.32,0,Travel
16033.75,3958.33,NULA,98,983.74,Egreso,2025-02-25,Transaction at Ajio,Transferencia,17317.51,0,Online Shopping
20599.63,7666.47,MEDIA,5,1699.12,Egreso,2025-07-10,Transaction at Cream Stone,Debito,829.23,0,Food
5865.55,2508.19,BAJA,37,573.33,Egreso,2025-08-07,Transaction at Apple Store,Transferencia,68606.18,0,Electronics
13195.29,2667.31,ALTA,6,1943.0,Egreso,2025-10-09,Transaction at Reliance Digital,Credito,59659.25,3,Electronics
44625.45,2557.34,MEDIA,23,895.11,Egreso,2025-06-29,Transaction at Adidas,Transferencia,5626.87,0,Clothing
24953.68,6252.55,NULA,3,1106.68,Egreso,2025-08-22,Transaction at Nilgiris,Transferencia,720.88,0,Grocery
26566.25,8255.18,MEDIA,41,520.84,Egreso,2025-12-28,Transaction at Apple Store,Transferencia,107710.79,0,Electronics
18985.84,6735.08,BAJA,71,1342.12,Egreso,2025-03-13,Transaction at Chai Point,Transferencia,158.17,0,Food
25729.54,8182.63,BAJA,82,1737.44,Egreso,2025-06-08,Transaction at Pepperfry,Credito,6077.15,8,Online Shopping
33202.98,9442.51,BAJA,80,1058.85,Egreso,2025-04-17,Transaction at Yulu Bikes,Transferencia,935.7,0,Transport
46186.49,1049.51,MEDIA,44,1087.36,Egreso,2025-04-05,Transaction at Boat Lifestyle,Debito,129838.71,0,Electronics
21933.81,2211.89,MEDIA,42,1312.38,Egreso,2025-09-06,Transaction at Puma,Credito,6605.5,11,Clothing
24950.74,8121.7,ALTA,6,367.1,Egreso,2025-08-12,Transaction at CloudNine,Transferencia,12257.07,0,Healthcare
24290.97,7249.55,BAJA,56,226.53,Egreso,2025-12-22,Transaction at Cream Stone,Credito,965.4,8,Food
5442.38,1669.84,MEDIA,43,1882.09,Egreso,2025-08-14,Transaction at 1mg,Credito,18751.65,8,Healthcare
46477.07,2122.6,ALTA,64,779.78,Egreso,2025-04-24,Transaction at Star Bazaar,Transferencia,347.72,0,Grocery
31546.55,3509.09,ALTA,86,408.56,Egreso,2025-03-30,Transaction at Aster,Transferencia,17752.43,0,Healthcare
22401.57,6407.89,MEDIA,79,1742.84,Egreso,2025-08-18,Transaction at MakeMyTrip,Transferencia,15380.45,0,Travel
25671.96,6048.98,BAJA,28,806.56,Egreso,2025-02-06,Transaction at ACT Fibernet,Transferencia,472.02,0,Bills
7325.74,8629.65,ALTA,51,843.66,Egreso,2025-01-04,Transaction at Ola,Transferencia,457.38,0,Transport
15495.28,2631.2,NULA,94,1359.27,Egreso,2025-08-09,Transaction at Star Bazaar,Transferencia,3273.11,0,Grocery
32915.01,4717.39,MEDIA,43,630.34,Egreso,2025-09-25,Transaction at Dominos,Debito,1178.81,0,Food
32968.79,3601.68,NULA,23,817.81,Egreso,2025-05-20,Transaction at TSRTC,Transferencia,597.44,0,Transport
26649.0,6447.91,BAJA,95,442.19,Egreso,2025-09-18,Transaction at YouTube Premium,Credito,615.44,7,Entertainment
33335.06,8184.24,BAJA,94,1009.98,Egreso,2025-05-19,Transaction at KFC,Credito,1453.0,11,Food
13243.01,5798.75,MEDIA,23,1892.39,Egreso,2025-03-29,Transaction at Vodafone Idea,Credito,3962.22,10,Bills
10209.02,2321.75,ALTA,45,137.99,Egreso,2025-06-21,Transaction at Vistara,Transferencia,24608.91,0,Travel
49376.41,3807.97,ALTA,63,1368.26,Egreso,2025-11-13,Transaction at Apple Store,Transferencia,22777.65,0,Electronics
34727.46,1286.74,NULA,8,150.18,Egreso,2025-12-10,Transaction at Noise,Debito,67605.71,0,Electronics
43217.14,1084.69,ALTA,74,608.97,Egreso,2025-09-23,Transaction at Flipkart,Debito,12256.15,0,Online Shopping
48790.62,6358.77,BAJA,96,1637.01,Egreso,2025-01-10,Transaction at Meru Cabs,Debito,1579.39,0,Transport
40093.28,7165.07,ALTA,24,228.61,Egreso,2025-08-20,Transaction at Jio Fiber,Transferencia,3999.16,0,Bills
25123.17,5910.96,ALTA,68,624.35,Egreso,2025-10-12,Transaction at PharmEasy,Transferencia,14753.31,0,Healthcare
10216.74,3905.74,ALTA,17,740.69,Egreso,2025-08-22,Transaction at Booking.com,Transferencia,7381.07,0,Travel
27942.09,2280.14,BAJA,95,1575.69,Egreso,2025-04-20,Transaction at Rapido,Transferencia,1505.29,0,Transport
14363.14,4268.05,MEDIA,9,355.66,Egreso,2025-03-06,Transaction at CloudNine,Credito,1550.7,4,Healthcare
6636.15,5251.93,BAJA,96,413.24,Egreso,2025-06-11,Transaction at Apollo Hospital,Debito,14183.56,0,Healthcare
20508.07,8055.68,ALTA,14,1769.6,Egreso,2025-02-17,Transaction at Spencers,Transferencia,3201.66,0,Grocery
15317.87,2144.18,ALTA,9,219.0,Egreso,2025-06-11,Transaction at Pepperfry,Transferencia,424.82,0,Online Shopping
6930.86,1891.34,ALTA,65,570.73,Egreso,2025-10-10,Transaction at Property Tax Online,Transferencia,5213.97,0,Bills
14847.31,6366.58,NULA,32,1401.07,Egreso,2025-07-16,Transaction at Nilgiris,Transferencia,2877.93,0,Grocery
8860.1,3561.47,NULA,39,815.73,Egreso,2025-05-24,Transaction at Vivo Store,Credito,109340.31,6,Electronics
19741.77,4907.37,MEDIA,64,503.28,Egreso,2025-02-24,Transaction at Booking.com,Transferencia,22509.82,0,Travel
29944.65,7474.99,BAJA,22,1679.36,Egreso,2025-01-14,Transaction at Netmeds,Credito,8968.21,11,Healthcare
25571.81,9007.36,MEDIA,11,887.77,Egreso,2025-04-11,Transaction at RedBus,Transferencia,1219.11,0,Transport
23470.07,8030.32,ALTA,38,862.89,Egreso,2025-09-30,Transaction at Pizza Hut,Transferencia,1297.94,0,Food
6606.84,7872.94,NULA,39,789.91,Egreso,2025-04-13,Transaction at Nike,Credito,3897.94,8,Clothing
16597.67,8073.49,MEDIA,84,539.62,Egreso,2025-10-29,Transaction at TSRTC,Debito,1307.97,0,Transport
32853.66,8853.97,MEDIA,42,1337.65,Egreso,2025-06-03,Transaction at Burger King,Debito,216.23,0,Food
28343.62,9653.19,MEDIA,46,1393.78,Egreso,2025-07-06,Transaction at ACT Fibernet,Transferencia,5869.12,0,Bills
48953.91,8748.59,BAJA,96,454.98,Egreso,2025-05-18,Transaction at Noise,Transferencia,114743.01,0,Electronics
44685.72,9754.78,ALTA,90,544.85,Egreso,2025-12-01,Transaction at Reliance Fresh,Debito,2740.91,0,Grocery
21526.27,5492.2,ALTA,81,1229.99,Egreso,2025-07-27,Transaction at Lenskart,Credito,19530.43,1,Online Shopping
6583.5,3050.15,ALTA,13,707.42,Egreso,2025-09-18,Transaction at Burger King,Credito,979.72,1,Food
33570.7,9592.45,ALTA,15,646.78,Egreso,2025-11-11,Transaction at BigBazaar,Debito,3535.7,0,Grocery
20980.88,9833.71,BAJA,96,1420.08,Egreso,2025-04-29,Transaction at Tata Cliq,Debito,15588.18,0,Online Shopping
9244.93,1984.62,ALTA,89,1538.8,Egreso,2025-06-02,Transaction at Metro Rail,Debito,63.7,0,Transport
16243.75,7909.44,ALTA,31,945.13,Egreso,2025-09-27,Transaction at Subway,Debito,857.46,0,Food
35151.55,8952.83,ALTA,37,1715.63,Egreso,2025-01-09,Transaction at A2B,Credito,1013.95,7,Food
6921.48,7555.46,ALTA,99,1143.84,Egreso,2025-11-19,Transaction at CloudNine,Debito,4343.22,0,Healthcare
34530.2,4633.31,BAJA,66,789.68,Egreso,2025-06-20,Transaction at Boat Lifestyle,Transferencia,61030.43,0,Electronics
42325.36,8507.79,BAJA,47,1922.5,Egreso,2025-02-23,Transaction at Barbeque Nation,Credito,1003.14,1,Food
19067.2,4477.3,ALTA,1,757.04,Egreso,2025-05-18,Transaction at Reliance Digital,Transferencia,133932.78,0,Electronics
26726.94,9865.59,MEDIA,99,1680.61,Egreso,2025-09-05,Transaction at Kauvery,Transferencia,9389.85,0,Healthcare
43540.53,8804.6,ALTA,84,522.9,Egreso,2025-11-14,Transaction at US Polo,Transferencia,1185.75,0,Clothing
17765.48,5171.67,BAJA,92,937.03,Egreso,2025-03-09,Transaction at Saravana Bhavan,Credito,1325.94,3,Food
48174.81,9110.59,ALTA,24,1617.61,Egreso,2025-12-22,Transaction at Gaana,Transferencia,464.89,0,Entertainment
17193.84,2284.89,ALTA,23,323.47,Egreso,2025-04-27,Transaction at Netflix,Transferencia,833.04,0,Entertainment
34341.56,9801.0,BAJA,24,1541.58,Egreso,2025-06-27,Transaction at Myntra,Transferencia,12430.23,0,Online Shopping
31830.79,2227.37,NULA,8,101.83,Egreso,2025-03-02,Transaction at Snapdeal,Transferencia,12748.07,0,Online Shopping
14404.45,8219.15,MEDIA,16,1428.63,Egreso,2025-11-10,Transaction at Woodland,Transferencia,6977.13,0,Clothing
43089.18,6653.4,BAJA,19,1566.46,Egreso,2025-03-03,Transaction at CCD,Credito,1076.89,8,Food
22044.36,6017.46,NULA,76,658.66,Egreso,2025-06-28,Transaction at Amazon Prime,Transferencia,451.16,0,Entertainment
44028.38,9772.75,ALTA,57,1669.64,Egreso,2025-01-29,Transaction at YouTube Premium,Credito,707.97,6,Entertainment
46761.2,6764.71,NULA,23,1307.33,Egreso,2025-10-29,Transaction at BMTC,Transferencia,266.49,0,Transport
12255.1,2850.09,NULA,27,911.18,Egreso,2025-07-24,Transaction at Woodland,Debito,3562.18,0,Clothing
7244.61,9498.39,BAJA,16,928.41,Egreso,2025-08-01,Transaction at Lenskart,Transferencia,11971.09,0,Online Shopping
18206.25,1571.5,ALTA,50,1261.88,Egreso,2025-12-07,Transaction at Levis,Transferencia,5516.14,0,Clothing
38560.82,8020.3,NULA,49,1213.73,Egreso,2025-11-18,Transaction at TNEB,Debito,4623.56,0,Bills
41101.14,3950.29,MEDIA,36,1690.44,Egreso,2025-01-17,Transaction at Netflix,Transferencia,769.57,0,Entertainment
22570.98,9994.81,MEDIA,24,1648.1,Egreso,2025-05-14,Transaction at Netmeds,Debito,15397.97,0,Healthcare
14980.9,9717.47,MEDIA,58,1345.54,Egreso,2025-10-01,Transaction at Vodafone Idea,Transferencia,2309.54,0,Bills
6833.08,7059.74,BAJA,53,1548.95,Egreso,2025-04-21,Transaction at IndiGo,Credito,26593.08,5,Travel
10337.48,9038.6,ALTA,30,556.3,Egreso,2025-03-10,Transaction at Uber,Transferencia,419.49,0,Transport
11590.57,2273.31,MEDIA,25,1257.34,Egreso,2025-09-07,Transaction at Jio Fiber,Transferencia,2230.22,0,Bills
23466.81,4508.53,MEDIA,13,1331.05,Egreso,2025-03-16,Transaction at TNEB,Credito,5833.66,5,Bills
5975.27,6559.91,MEDIA,21,642.74,Egreso,2025-10-29,Transaction at Apollo Hospital,Credito,15800.99,8,Healthcare
34076.21,8124.7,ALTA,45,1066.05,Egreso,2025-10-31,Transaction at Pizza Hut,Debito,137.13,0,Food
19374.24,2426.03,MEDIA,71,884.53,Egreso,2025-02-28,Transaction at Snapdeal,Transferencia,15867.55,0,Online Shopping
46171.7,8319.12,MEDIA,29,1758.32,Egreso,2025-04-13,Transaction at Spencers,Credito,3400.35,5,Grocery
15889.7,5900.97,ALTA,33,778.81,Egreso,2025-08-28,Transaction at Cream Stone,Debito,349.79,0,Food
14906.84,9068.97,MEDIA,59,602.05,Egreso,2025-05-03,Transaction at HP World,Transferencia,112728.73,0,Electronics
9349.92,4591.15,BAJA,73,884.57,Egreso,2025-04-26,Transaction at Starbucks,Debito,927.66,0,Food
18226.15,2969.57,ALTA,30,626.59,Egreso,2025-07-10,Transaction at Nike,Credito,588.6,4,Clothing
6210.37,7613.54,BAJA,44,667.95,Egreso,2025-03-19,Transaction at Metro Rail,Transferencia,690.11,0,Transport
31226.28,2157.01,NULA,93,1466.8,Egreso,2025-03-19,Transaction at Star Bazaar,Credito,3328.29,9,Grocery
43488.72,5112.71,ALTA,66,408.91,Egreso,2025-05-16,Transaction at Zara,Debito,2503.97,0,Clothing
42115.02,9637.2,NULA,32,1096.08,Egreso,2025-03-08,Transaction at Gaana,Transferencia,878.44,0,Entertainment
24530.71,4388.97,BAJA,13,1804.95,Egreso,2025-09-21,Transaction at Puma,Debito,1899.67,0,Clothing
34850.68,7827.64,ALTA,57,1959.21,Egreso,2025-04-27,Transaction at Paradise Biryani,Transferencia,1218.52,0,Food
38171.95,8362.63,NULA,26,529.78,Egreso,2025-03-03,Transaction at Wrogn,Credito,2807.77,2,Clothing
34678.51,2971.99,MEDIA,77,980.66,Egreso,2025-09-21,Transaction at Apollo Hospital,Debito,12307.85,0,Healthcare
41369.55,7480.26,ALTA,57,1677.16,Egreso,2025-01-28,Transaction at Air India,Debito,27017.71,0,Travel
13106.81,5634.14,MEDIA,91,863.0,Egreso,2025-05-31,Transaction at Jio Fiber,Credito,5297.86,8,Bills
23419.51,6833.79,MEDIA,16,426.2,Egreso,2025-12-15,Transaction at TSRTC,Debito,1551.74,0,Transport
48788.63,7520.68,MEDIA,63,950.85,Egreso,2025-10-13,Transaction at Yulu Bikes,Transferencia,154.95,0,Transport
45398.82,4590.95,NULA,75,436.68,Egreso,2025-03-31,Transaction at Lenskart,Credito,13619.91,8,Online Shopping
19730.15,9259.14,MEDIA,45,647.62,Egreso,2025-06-14,Transaction at Gas Agency,Credito,3820.89,1,Bills
14191.7,9592.81,ALTA,95,1914.85,Egreso,2025-07-02,Transaction at Pepperfry,Debito,6851.61,0,Online Shopping
13024.16,6253.33,BAJA,72,191.0,Egreso,2025-03-28,Transaction at Reliance Fresh,Transferencia,1688.13,0,Grocery
40728.38,4902.12,ALTA,22,167.03,Egreso,2025-05-26,Transaction at Metro Rail,Transferencia,1927.43,0,Transport
15205.93,7415.55,MEDIA,90,591.79,Egreso,2025-03-09,Transaction at Yulu Bikes,Transferencia,853.17,0,Transport
24689.91,4396.65,MEDIA,98,450.62,Egreso,2025-06-19,Transaction at Apple Store,Transferencia,80607.73,0,Electronics
30466.73,5058.49,ALTA,64,1695.95,Egreso,2025-10-29,Transaction at Tata Cliq,Debito,5429.89,0,Online Shopping
26315.61,3793.8,BAJA,43,1841.86,Egreso,2025-06-22,Transaction at AirAsia,Transferencia,7592.29,0,Travel
15509.68,6491.25,NULA,1,290.4,Egreso,2025-03-30,Transaction at Star Bazaar,Transferencia,1232.51,0,Grocery
35001.43,1933.94,NULA,15,1361.45,Egreso,2025-04-13,Transaction at Meesho,Transferencia,9983.64,0,Online Shopping
27164.92,6988.54,MEDIA,52,1252.32,Egreso,2025-08-20,Transaction at OYO,Credito,28542.97,8,Travel
27701.74,3617.3,BAJA,95,149.31,Egreso,2025-11-08,Transaction at Uber,Transferencia,909.95,0,Transport
9139.88,4322.1,MEDIA,48,1073.17,Egreso,2025-05-10,Transaction at Apple Music,Debito,497.89,0,Entertainment
36072.56,6904.24,ALTA,31,510.89,Egreso,2025-07-26,Transaction at Airtel,Transferencia,1309.84,0,Bills
21718.74,9313.17,ALTA,50,573.9,Egreso,2025-05-17,Transaction at Myntra,Transferencia,3452.25,0,Online Shopping
30242.7,4401.41,NULA,90,891.59,Egreso,2025-10-12,Transaction at Cream Stone,Debito,804.52,0,Food
44489.32,4083.14,NULA,50,1143.76,Egreso,2025-01-28,Transaction at Taco Bell,Transferencia,1071.87,0,Food
26979.18,6781.3,NULA,19,764.05,Egreso,2025-11-08,Transaction at Nature's Basket,Transferencia,4983.93,0,Grocery
41129.78,3632.23,ALTA,64,294.24,Egreso,2025-07-30,Transaction at Zara,Debito,5166.44,0,Clothing
46926.33,4176.21,MEDIA,39,1667.91,Egreso,2025-08-28,Transaction at SonyLiv,Transferencia,269.44,0,Entertainment
38866.71,6415.93,MEDIA,89,976.83,Egreso,2025-12-04,Transaction at Vivo Store,Debito,13710.93,0,Electronics
24334.26,3122.78,BAJA,91,1028.57,Egreso,2025-04-10,Transaction at Lenskart,Credito,10162.11,10,Online Shopping
48075.35,4036.23,NULA,42,1541.25,Egreso,2025-03-23,Transaction at TNEB,Transferencia,5381.99,0,Bills
19639.41,2923.84,NULA,10,1124.6,Egreso,2025-09-03,Transaction at Apollo Pharmacy,Credito,19202.67,9,Healthcare
38259.11,7266.65,BAJA,59,1943.89,Egreso,2025-05-28,Transaction at Nature's Basket,Transferencia,2537.1,0,Grocery
35853.9,6820.28,MEDIA,63,411.69,Egreso,2025-09-15,Transaction at PharmEasy,Transferencia,7546.04,0,Healthcare
27222.53,5074.43,MEDIA,52,1641.75,Egreso,2025-02-02,Transaction at Nature's Basket,Transferencia,3266.79,0,Grocery
7089.58,7189.8,NULA,35,1856.44,Egreso,2025-09-28,Transaction at H&M,Transferencia,630.17,0,Clothing
24749.4,2102.33,NULA,13,915.3,Egreso,2025-07-06,Transaction at Barbeque Nation,Transferencia,259.35,0,Food
12355.94,5673.25,BAJA,8,512.41,Egreso,2025-12-29,Transaction at Apollo Hospital,Transferencia,8706.88,0,Healthcare
40772.11,6458.74,MEDIA,8,1952.73,Egreso,2025-05-01,Transaction at JioMart,Transferencia,1246.39,0,Grocery
6974.29,4193.2,BAJA,6,1528.77,Egreso,2025-06-05,Transaction at Gaana,Transferencia,894.0,0,Entertainment
43213.84,7545.21,MEDIA,95,516.33,Egreso,2025-03-02,Transaction at OnePlus,Transferencia,97789.2,0,Electronics
26743.57,6394.41,NULA,88,123.42,Egreso,2025-10-11,Transaction at Wrogn,Debito,1925.96,0,Clothing
34547.35,9333.21,MEDIA,6,1897.66,Egreso,2025-07-19,Transaction at KFC,Credito,444.67,6,Food
9527.09,5437.01,NULA,31,1395.49,Egreso,2025-08-06,Transaction at Netmeds,Credito,1884.51,4,Healthcare
29750.68,1165.44,NULA,97,358.53,Egreso,2025-10-16,Transaction at Gaana,Transferencia,781.06,0,Entertainment
14490.42,1594.24,BAJA,19,256.65,Egreso,2025-04-01,Transaction at Vivo Store,Transferencia,94107.4,0,Electronics
48009.17,8679.59,NULA,29,118.4,Egreso,2025-03-19,Transaction at Gas Agency,Transferencia,5815.26,0,Bills
33768.72,3261.79,ALTA,78,346.37,Egreso,2025-02-22,Transaction at Woodland,Credito,1949.57,3,Clothing
39753.43,3063.89,MEDIA,39,1576.92,Egreso,2025-04-26,Transaction at Spotify,Transferencia,354.1,0,Entertainment
47557.2,8460.02,ALTA,91,385.77,Egreso,2025-11-03,Transaction at Netflix,Credito,407.32,4,Entertainment
43006.62,1471.85,BAJA,40,108.93,Egreso,2025-10-25,Transaction at Lenskart,Debito,11883.2,0,Online Shopping
20780.01,8571.59,BAJA,79,1706.28,Egreso,2025-06-07,Transaction at Lenskart,Credito,19214.11,9,Online Shopping
28729.22,5002.1,BAJA,49,1388.43,Egreso,2025-09-24,Transaction at ACT Fibernet,Transferencia,3926.34,0,Bills
21123.36,7998.12,MEDIA,98,932.3,Egreso,2025-12-14,Transaction at JioMart,Credito,1561.0,7,Grocery
30687.03,2468.8,MEDIA,68,1372.65,Egreso,2025-01-21,Transaction at PharmEasy,Transferencia,19414.47,0,Healthcare
33054.72,1550.66,NULA,86,1782.45,Egreso,2025-11-11,Transaction at Snapdeal,Debito,15075.17,0,Online Shopping
29071.27,4198.05,ALTA,43,1545.07,Egreso,2025-09-24,Transaction at Nature's Basket,Transferencia,260.86,0,Grocery
46773.04,2817.81,MEDIA,9,1457.81,Egreso,2025-10-28,Transaction at TNEB,Debito,785.25,0,Bills
14331.81,1309.27,BAJA,61,1996.36,Egreso,2025-07-21,Transaction at Cream Stone,Credito,639.1,5,Food
8021.25,6945.77,MEDIA,75,1985.68,Egreso,2025-12-19,Transaction at Meesho,Debito,14621.3,0,Online Shopping
28677.4,4279.89,BAJA,14,1763.72,Egreso,2025-07-29,Transaction at Woodland,Debito,2572.64,0,Clothing
23607.39,4370.74,ALTA,83,1067.35,Egreso,2025-10-26,Transaction at Nilgiris,Credito,1690.2,10,Grocery
25508.35,2041.32,MEDIA,33,1173.89,Egreso,2025-03-18,Transaction at ACT Fibernet,Transferencia,1926.48,0,Bills
17232.55,7530.79,MEDIA,28,538.78,Egreso,2025-03-12,Transaction at Flipkart,Debito,12531.42,0,Online Shopping
11907.44,2111.63,BAJA,44,1000.47,Egreso,2025-04-02,Transaction at Spencers,Credito,2247.59,8,Grocery
32446.02,1535.69,ALTA,88,686.12,Egreso,2025-09-02,Transaction at Hotstar,Transferencia,580.52,0,Entertainment
23140.73,7121.48,BAJA,45,922.05,Egreso,2025-08-30,Transaction at TNEB,Transferencia,5814.86,0,Bills
43986.87,9013.42,BAJA,54,1090.43,Egreso,2025-10-08,Transaction at Nature's Basket,Credito,2091.85,7,Grocery
28059.11,7955.11,NULA,22,358.71,Egreso,2025-09-25,Transaction at McDonalds,Transferencia,1168.67,0,Food
35494.25,6365.85,NULA,49,1127.98,Egreso,2025-04-18,Transaction at Mi Store,Transferencia,135013.48,0,Electronics
9497.03,8402.26,BAJA,16,820.77,Egreso,2025-02-03,Transaction at Property Tax Online,Debito,4963.66,0,Bills
18430.58,2185.62,MEDIA,70,1437.19,Egreso,2025-09-26,Transaction at HP World,Transferencia,89771.51,0,Electronics
23465.61,4418.45,BAJA,56,1059.26,Egreso,2025-04-01,Transaction at Flipkart,Transferencia,8923.43,0,Online Shopping
40392.74,6883.61,NULA,24,1179.03,Egreso,2025-12-04,Transaction at YouTube Premium,Debito,571.25,0,Entertainment
41458.26,8788.55,BAJA,92,1412.7,Egreso,2025-05-01,Transaction at Mi Store,Credito,52876.14,10,Electronics
25513.38,2827.48,BAJA,70,1457.85,Egreso,2025-07-01,Transaction at TNEB,Transferencia,5387.3,0,Bills
45554.59,3981.23,NULA,9,1015.39,Egreso,2025-12-03,Transaction at Reliance Fresh,Credito,1043.15,2,Grocery
46361.73,5738.89,NULA,60,1079.01,Egreso,2025-02-04,Transaction at HP World,Credito,17150.19,11,Electronics
16574.34,7157.7,NULA,78,413.76,Egreso,2025-01-08,Transaction at Aster,Transferencia,9836.8,0,Healthcare
10655.84,8251.53,BAJA,57,1654.83,Egreso,2025-12-26,Transaction at TSRTC,Debito,255.94,0,Transport
9658.97,2267.86,ALTA,2,1450.6,Egreso,2025-07-15,Transaction at Levis,Transferencia,6472.55,0,Clothing
34286.1,8545.05,NULA,56,1685.64,Egreso,2025-11-07,Transaction at Rapido,Credito,1461.28,8,Transport
26416.03,8943.31,MEDIA,36,102.75,Egreso,2025-02-28,Transaction at Spotify,Credito,542.49,8,Entertainment
38880.43,5880.28,BAJA,94,1177.64,Egreso,2025-01-06,Transaction at Zee5,Credito,889.64,6,Entertainment
6999.97,1737.68,NULA,99,1798.99,Egreso,2025-06-29,Transaction at Spotify,Debito,274.84,0,Entertainment
35218.62,9146.67,NULA,22,834.34,Egreso,2025-03-14,Transaction at Booking.com,Credito,20138.79,11,Travel
19083.4,5665.86,NULA,9,1733.1,Egreso,2025-12-26,Transaction at Nykaa,Transferencia,12502.98,0,Online Shopping
7395.75,1751.13,MEDIA,47,1710.68,Egreso,2025-07-16,Transaction at Adidas,Transferencia,2955.93,0,Clothing
47018.53,2953.97,MEDIA,22,675.67,Egreso,2025-05-25,Transaction at Gaana,Credito,244.2,5,Entertainment
24699.17,2673.8,MEDIA,50,325.98,Egreso,2025-07-19,Transaction at Goibibo,Credito,20404.24,1,Travel
36348.79,7610.63,ALTA,11,348.76,Egreso,2025-01-08,Transaction at Fortis,Debito,4313.28,0,Healthcare
19400.57,2411.27,ALTA,22,1768.86,Egreso,2025-01-19,Transaction at PharmEasy,Transferencia,18988.72,0,Healthcare
47715.62,8942.28,ALTA,83,1783.57,Egreso,2025-08-11,Transaction at Nilgiris,Transferencia,4079.37,0,Grocery
20074.71,9964.39,BAJA,86,297.35,Egreso,2025-03-18,Transaction at TSRTC,Credito,1076.4,3,Transport
48976.2,7370.52,ALTA,9,1404.94,Egreso,2025-04-01,Transaction at Jio Fiber,Debito,3938.66,0,Bills
31207.52,3710.28,NULA,80,1330.34,Egreso,2025-10-18,Transaction at Vistara,Credito,6502.89,8,Travel
19440.94,7977.71,BAJA,84,1729.5,Egreso,2025-09-10,Transaction at Star Bazaar,Transferencia,1450.74,0,Grocery
21202.16,7983.71,ALTA,12,944.35,Egreso,2025-08-03,Transaction at Gaana,Transferencia,665.43,0,Entertainment
32136.73,8111.07,MEDIA,93,160.19,Egreso,2025-05-11,Transaction at Croma,Transferencia,22031.05,0,Electronics
14179.63,8052.76,BAJA,16,1847.86,Egreso,2025-04-07,Transaction at Flipkart,Transferencia,14998.43,0,Online Shopping
6052.01,4567.94,MEDIA,67,931.7,Egreso,2025-07-25,Transaction at Boat Lifestyle,Debito,140136.15,0,Electronics
41186.09,9512.02,ALTA,17,1985.48,Egreso,2025-05-05,Transaction at OYO,Credito,16908.45,10,Travel
37722.35,5900.8,MEDIA,62,1913.51,Egreso,2025-03-12,Transaction at Dominos,Credito,640.21,9,Food
48656.67,6195.11,NULA,39,1787.55,Egreso,2025-04-17,Transaction at Aster,Transferencia,595.03,0,Healthcare
42912.77,9582.78,MEDIA,43,1982.68,Egreso,2025-02-13,Transaction at Jio Fiber,Credito,250.58,6,Bills
25822.61,2473.94,BAJA,9,388.24,Egreso,2025-04-26,Transaction at Barbeque Nation,Transferencia,799.35,0,Food
47749.35,1164.3,ALTA,95,621.04,Egreso,2025-10-09,Transaction at Zee5,Credito,996.44,7,Entertainment
13644.09,1534.39,BAJA,55,554.75,Egreso,2025-05-24,Transaction at Reliance Fresh,Transferencia,2095.95,0,Grocery
7802.49,9996.43,ALTA,46,1292.61,Egreso,2025-02-26,Transaction at Netmeds,Debito,12736.28,0,Healthcare
40880.03,7548.16,NULA,34,374.47,Egreso,2025-09-02,Transaction at Lenskart,Debito,18399.14,0,Online Shopping
16955.83,8438.9,NULA,61,969.19,Egreso,2025-03-28,Transaction at Snapdeal,Debito,4568.44,0,Online Shopping
27264.0,2795.77,NULA,19,1481.65,Egreso,2025-05-23,Transaction at Apollo Pharmacy,Debito,8224.19,0,Healthcare
9454.79,7700.72,NULA,52,187.88,Egreso,2025-12-14,Transaction at Nature's Basket,Credito,4812.56,9,Grocery
17640.67,8349.11,ALTA,39,1557.5,Egreso,2025-02-18,Transaction at More Supermarket,Transferencia,2737.33,0,Grocery
24704.21,9672.14,ALTA,49,328.29,Egreso,2025-05-05,Transaction at Dell Exclusive,Credito,11715.27,6,Electronics
22490.62,9407.9,BAJA,95,1960.69,Egreso,2025-12-13,Transaction at Netmeds,Credito,13949.88,7,Healthcare
20307.79,6464.95,MEDIA,35,521.64,Egreso,2025-04-29,Transaction at Puma,Credito,2905.73,2,Clothing
21458.12,2330.18,BAJA,37,374.1,Egreso,2025-01-07,Transaction at Starbucks,Credito,994.92,11,Food
17662.93,7254.66,NULA,99,1280.59,Egreso,2025-09-13,Transaction at IRCTC,Transferencia,29064.27,0,Travel
35511.58,5692.39,MEDIA,19,1861.8,Egreso,2025-09-13,Transaction at Myntra,Credito,13488.98,1,Online Shopping
12178.08,1318.6,ALTA,92,1030.88,Egreso,2025-11-13,Transaction at Ajio,Transferencia,6414.89,0,Online Shopping
48235.27,4451.05,MEDIA,11,1426.69,Egreso,2025-11-06,Transaction at Levis,Debito,7136.27,0,Clothing
13087.13,2628.49,BAJA,4,1930.68,Egreso,2025-04-01,Transaction at Yulu Bikes,Credito,721.93,4,Transport
16582.81,3757.12,NULA,24,692.43,Egreso,2025-11-05,Transaction at Reliance Fresh,Transferencia,3825.55,0,Grocery
10989.46,5820.23,MEDIA,80,161.57,Egreso,2025-06-24,Transaction at Spotify,Transferencia,705.51,0,Entertainment
31709.58,4699.41,ALTA,94,1728.7,Egreso,2025-05-26,Transaction at Pantaloons,Credito,6237.02,7,Clothing
22263.24,1400.54,NULA,79,387.61,Egreso,2025-10-11,Transaction at Zee5,Transferencia,300.07,0,Entertainment
21024.89,6747.25,MEDIA,94,807.0,Egreso,2025-11-26,Transaction at BMTC,Credito,1475.04,9,Transport
35309.43,1072.0,BAJA,50,1800.11,Egreso,2025-08-03,Transaction at Woodland,Credito,4993.45,10,Clothing
11971.15,3623.36,BAJA,34,100.28,Egreso,2025-04-19,Transaction at Snapdeal,Transferencia,13227.06,0,Online Shopping
21498.68,4537.67,ALTA,54,1262.47,Egreso,2025-11-11,Transaction at Ajio,Credito,11141.03,11,Online Shopping
26373.66,4117.21,BAJA,10,550.61,Egreso,2025-01-12,Transaction at OnePlus,Transferencia,100422.25,0,Electronics
45496.53,4764.2,BAJA,89,1103.91,Egreso,2025-08-20,Transaction at Netmeds,Debito,13883.15,0,Healthcare
48883.08,5037.79,NULA,35,382.98,Egreso,2025-11-20,Transaction at Ola,Credito,1285.91,2,Transport
23993.6,8911.36,BAJA,0,1244.04,Egreso,2025-07-29,Transaction at Goibibo,Debito,22144.04,0,Travel
28126.8,4992.18,ALTA,88,886.63,Egreso,2025-05-31,Transaction at MakeMyTrip,Transferencia,23459.81,0,Travel
32864.08,7080.89,NULA,29,1600.33,Egreso,2025-12-28,Transaction at Fortis,Transferencia,8108.46,0,Healthcare
30488.52,3148.19,ALTA,43,121.89,Egreso,2025-12-23,Transaction at Reliance Digital,Transferencia,51298.36,0,Electronics
24208.27,2702.27,BAJA,83,1006.58,Egreso,2025-04-01,Transaction at Max Fashion,Debito,7202.35,0,Clothing
18122.52,3320.24,MEDIA,78,789.17,Egreso,2025-11-04,Transaction at Jio Fiber,Transferencia,3241.37,0,Bills
42998.22,1527.39,BAJA,23,276.37,Egreso,2025-11-03,Transaction at Flipkart,Transferencia,3080.65,0,Online Shopping
21986.06,5255.0,MEDIA,36,474.57,Egreso,2025-12-05,Transaction at Vistara,Debito,10399.09,0,Travel
26114.12,9653.26,MEDIA,38,933.32,Egreso,2025-02-14,Transaction at Nykaa,Transferencia,3569.39,0,Online Shopping
13854.05,1628.05,ALTA,9,1495.01,Egreso,2025-06-25,Transaction at SonyLiv,Transferencia,917.54,0,Entertainment
14676.22,6129.78,ALTA,55,1927.83,Egreso,2025-06-17,Transaction at Aha,Credito,389.38,4,Entertainment
16064.44,8234.88,MEDIA,41,1643.15,Egreso,2025-02-05,Transaction at AirAsia,Credito,26963.02,9,Travel
24839.8,4343.46,MEDIA,38,1395.26,Egreso,2025-02-20,Transaction at Hotstar,Transferencia,151.65,0,Entertainment
18848.51,5242.2,NULA,30,1581.62,Egreso,2025-01-06,Transaction at Sony Center,Transferencia,65315.68,0,Electronics
40635.58,9215.75,ALTA,4,849.54,Egreso,2025-01-02,Transaction at TSRTC,Credito,1400.82,7,Transport
47261.29,3967.14,NULA,39,1470.68,Egreso,2025-02-07,Transaction at A2B,Transferencia,1492.08,0,Food
43486.32,4709.78,ALTA,59,188.06,Egreso,2025-12-20,Transaction at Croma,Transferencia,95646.1,0,Electronics
7712.03,3998.94,BAJA,46,337.6,Egreso,2025-09-26,Transaction at Samsung Store,Transferencia,28673.15,0,Electronics
5762.59,6953.0,NULA,98,584.64,Egreso,2025-06-29,Transaction at Water Board,Debito,1563.47,0,Bills
39760.48,2155.94,NULA,39,440.53,Egreso,2025-07-06,Transaction at Gas Agency,Credito,633.61,9,Bills
27080.27,5652.82,MEDIA,88,217.79,Egreso,2025-03-24,Transaction at ACT Fibernet,Transferencia,5752.49,0,Bills
18090.91,3139.18,BAJA,33,1461.89,Egreso,2025-07-02,Transaction at Star Bazaar,Debito,4725.38,0,Grocery
41780.21,2116.28,MEDIA,6,834.57,Egreso,2025-08-05,Transaction at 1mg,Debito,7402.97,0,Healthcare
14115.88,5949.93,BAJA,5,823.54,Egreso,2025-05-18,Transaction at More Supermarket,Credito,3870.5,4,Grocery
45073.3,6551.8,NULA,95,1234.02,Egreso,2025-05-01,Transaction at Ajio,Transferencia,6143.51,0,Online Shopping
38728.91,1305.28,MEDIA,47,498.57,Egreso,2025-07-29,Transaction at Dell Exclusive,Credito,59745.71,8,Electronics
9848.9,6061.44,MEDIA,74,1371.99,Egreso,2025-12-25,Transaction at Kauvery,Credito,16756.93,11,Healthcare
35002.74,1350.43,NULA,47,1212.14,Egreso,2025-02-16,Transaction at More Supermarket,Debito,1879.26,0,Grocery
14989.84,8898.14,NULA,11,1014.84,Egreso,2025-06-15,Transaction at Apollo Pharmacy,Debito,15451.66,0,Healthcare
21168.07,1988.75,BAJA,8,702.47,Egreso,2025-11-09,Transaction at Aster,Transferencia,144.16,0,Healthcare
13156.9,3423.14,BAJA,44,964.01,Egreso,2025-02-09,Transaction at Wrogn,Transferencia,6484.38,0,Clothing
7543.12,8156.49,ALTA,79,1609.09,Egreso,2025-01-24,Transaction at Vistara,Transferencia,6190.34,0,Travel
9888.09,8131.51,BAJA,8,1914.5,Egreso,2025-11-15,Transaction at DMart,Debito,2404.45,0,Grocery
35976.64,3627.0,NULA,23,958.16,Egreso,2025-08-18,Transaction at BSNL,Transferencia,1987.38,0,Bills
26917.5,1084.13,ALTA,52,694.25,Egreso,2025-06-10,Transaction at Chai Point,Debito,1274.19,0,Food
16208.57,1137.47,BAJA,89,1695.65,Egreso,2025-10-02,Transaction at Amazon,Transferencia,6433.75,0,Online Shopping
6626.53,3350.79,BAJA,8,1169.26,Egreso,2025-10-28,Transaction at Sony Center,Transferencia,10957.26,0,Electronics
15469.34,2648.24,ALTA,13,487.39,Egreso,2025-01-29,Transaction at Burger King,Transferencia,577.81,0,Food
15932.88,6414.19,NULA,74,759.09,Egreso,2025-03-09,Transaction at Vistara,Transferencia,14143.03,0,Travel
18806.85,7694.83,NULA,86,1740.27,Egreso,2025-08-18,Transaction at Booking.com,Credito,13671.0,11,Travel
17979.02,2262.76,BAJA,54,1639.51,Egreso,2025-01-23,Transaction at Nature's Basket,Credito,3212.51,4,Grocery
16934.71,9240.29,NULA,11,832.97,Egreso,2025-08-23,Transaction at Spencers,Debito,3898.01,0,Grocery
37665.08,5586.18,MEDIA,85,329.07,Egreso,2025-06-04,Transaction at Meesho,Transferencia,13556.07,0,Online Shopping
19191.6,9307.44,ALTA,87,648.89,Egreso,2025-11-30,Transaction at McDonalds,Credito,1230.32,3,Food
35318.09,6743.34,ALTA,19,726.12,Egreso,2025-06-21,Transaction at MakeMyTrip,Credito,1718.55,6,Travel
49739.08,8398.15,ALTA,57,976.58,Egreso,2025-12-01,Transaction at CloudNine,Credito,13883.41,1,Healthcare
10580.26,3813.01,ALTA,31,1158.19,Egreso,2025-08-25,Transaction at Apollo Hospital,Debito,3657.69,0,Healthcare
42560.02,6677.94,BAJA,11,1495.78,Egreso,2025-08-02,Transaction at CloudNine,Credito,15892.38,8,Healthcare
44676.51,5843.89,MEDIA,36,1146.09,Egreso,2025-01-31,Transaction at IndiGo,Transferencia,15924.65,0,Travel
11611.01,8701.89,NULA,8,1999.41,Egreso,2025-02-22,Transaction at Goibibo,Transferencia,24250.56,0,Travel
17041.68,4305.09,BAJA,35,160.61,Egreso,2025-10-13,Transaction at Yulu Bikes,Debito,867.64,0,Transport
42422.85,6027.07,ALTA,77,271.92,Egreso,2025-08-28,Transaction at Ajio,Credito,8902.32,2,Online Shopping
15882.46,2013.09,BAJA,64,472.93,Egreso,2025-02-04,Transaction at Goibibo,Transferencia,6301.12,0,Travel
14248.53,2941.67,MEDIA,29,1736.18,Egreso,2025-04-22,Transaction at KFC,Debito,620.26,0,Food
11507.26,1463.33,ALTA,57,1487.44,Egreso,2025-07-20,Transaction at Apple Store,Debito,36269.36,0,Electronics
44224.49,6385.86,MEDIA,64,1817.42,Egreso,2025-08-08,Transaction at Gas Agency,Debito,5004.44,0,Bills
36832.67,6692.26,BAJA,72,766.1,Egreso,2025-10-07,Transaction at Fortis,Transferencia,1467.77,0,Healthcare
37965.35,2138.11,NULA,25,429.34,Egreso,2025-05-25,Transaction at Burger King,Debito,1474.91,0,Food
14975.41,4982.72,ALTA,19,748.92,Egreso,2025-04-16,Transaction at Netflix,Transferencia,792.6,0,Entertainment
38325.58,2086.36,ALTA,87,610.95,Egreso,2025-06-18,Transaction at US Polo,Transferencia,7248.93,0,Clothing
27586.74,4447.36,MEDIA,88,941.91,Egreso,2025-03-11,Transaction at 1mg,Transferencia,18350.66,0,Healthcare
17263.15,3460.21,NULA,24,1056.81,Egreso,2025-02-22,Transaction at PharmEasy,Transferencia,8683.2,0,Healthcare
15302.75,2679.34,NULA,65,844.08,Egreso,2025-02-21,Transaction at Samsung Store,Credito,118113.13,9,Electronics
41544.36,4048.06,ALTA,33,1903.24,Egreso,2025-06-06,Transaction at HP World,Transferencia,107537.16,0,Electronics
40692.63,6823.05,NULA,49,301.96,Egreso,2025-05-07,Transaction at Adidas,Credito,1880.8,1,Clothing
25202.56,6098.88,NULA,60,1654.56,Egreso,2025-01-29,Transaction at Puma,Credito,5033.97,5,Clothing
43101.62,4492.25,ALTA,5,1627.3,Egreso,2025-08-21,Transaction at Saravana Bhavan,Transferencia,314.54,0,Food
44287.95,3887.55,BAJA,32,898.67,Egreso,2025-02-02,Transaction at PharmEasy,Debito,19772.72,0,Healthcare
16363.12,6084.4,NULA,88,665.67,Egreso,2025-07-12,Transaction at Ola,Debito,1673.07,0,Transport
45239.79,2530.87,BAJA,29,1657.51,Egreso,2025-07-19,Transaction at DMart,Credito,1194.63,1,Grocery
21607.11,1140.53,BAJA,11,1652.68,Egreso,2025-10-30,Transaction at OnePlus,Transferencia,96493.98,0,Electronics
10109.74,9525.43,ALTA,83,1712.93,Egreso,2025-06-08,Transaction at US Polo,Credito,5840.7,11,Clothing
28068.66,7687.92,MEDIA,79,275.32,Egreso,2025-12-23,Transaction at Reliance Digital,Debito,124561.33,0,Electronics
8753.0,5197.45,NULA,94,1779.56,Egreso,2025-01-14,Transaction at Spotify,Transferencia,232.72,0,Entertainment
30625.35,8017.55,ALTA,77,873.14,Egreso,2025-10-27,Transaction at OYO,Transferencia,17278.34,0,Travel
19086.09,5842.69,BAJA,43,578.84,Egreso,2025-12-12,Transaction at Nykaa,Credito,12970.53,5,Online Shopping
13777.48,6287.23,MEDIA,96,802.99,Egreso,2025-07-30,Transaction at Barbeque Nation,Credito,289.69,11,Food
36727.15,5520.84,MEDIA,31,1681.55,Egreso,2025-07-04,Transaction at CCD,Debito,1080.35,0,Food
14431.39,2220.97,BAJA,38,1168.3,Egreso,2025-03-23,Transaction at Snapdeal,Transferencia,7642.88,0,Online Shopping
38520.01,9488.92,BAJA,2,215.68,Egreso,2025-04-24,Transaction at DMart,Transferencia,2246.71,0,Grocery
19514.96,9561.8,BAJA,22,1804.98,Egreso,2025-04-23,Transaction at Aster,Credito,16776.2,5,Healthcare
42267.68,9775.22,NULA,53,1844.29,Egreso,2025-05-30,Transaction at Vistara,Debito,15332.82,0,Travel
35083.45,9424.6,MEDIA,75,1248.27,Egreso,2025-01-17,Transaction at BMTC,Credito,177.26,10,Transport
41521.05,3882.03,NULA,26,553.74,Egreso,2025-05-28,Transaction at Noise,Transferencia,18067.0,0,Electronics
17054.96,8119.76,BAJA,45,231.56,Egreso,2025-10-03,Transaction at OnePlus,Credito,73937.47,11,Electronics
20210.01,2618.96,MEDIA,65,1852.86,Egreso,2025-09-20,Transaction at Boat Lifestyle,Debito,114285.92,0,Electronics
43689.54,8553.88,BAJA,35,974.13,Egreso,2025-04-27,Transaction at Tata Cliq,Credito,14489.34,3,Online Shopping
7547.5,8085.08,BAJA,51,1688.97,Egreso,2025-06-13,Transaction at Water Board,Debito,447.12,0,Bills
29933.52,5160.17,ALTA,53,838.17,Egreso,2025-10-21,Transaction at Saravana Bhavan,Credito,306.46,3,Food
25738.12,9848.93,BAJA,35,1708.04,Egreso,2025-05-10,Transaction at Aha,Credito,124.09,4,Entertainment
15571.56,1208.11,ALTA,18,1685.04,Egreso,2025-10-31,Transaction at Biba,Debito,1306.65,0,Clothing
33604.19,1828.35,ALTA,89,324.94,Egreso,2025-10-15,Transaction at Ajio,Transferencia,4482.29,0,Online Shopping
37049.09,7155.53,NULA,1,1283.29,Egreso,2025-05-15,Transaction at Amazon,Debito,6816.61,0,Online Shopping
28003.8,3265.35,ALTA,59,613.5,Egreso,2025-06-26,Transaction at McDonalds,Debito,590.89,0,Food
27702.65,6000.82,ALTA,85,1288.57,Egreso,2025-12-19,Transaction at H&M,Transferencia,5305.84,0,Clothing
38522.38,1823.52,MEDIA,95,1407.02,Egreso,2025-07-25,Transaction at Apollo Hospital,Credito,14740.35,10,Healthcare
38259.13,9156.03,ALTA,65,1054.54,Egreso,2025-05-12,Transaction at Croma,Transferencia,13524.12,0,Electronics
44790.18,9321.15,MEDIA,65,105.08,Egreso,2025-06-01,Transaction at Croma,Debito,138557.16,0,Electronics
14503.31,4959.96,NULA,27,1601.02,Egreso,2025-09-09,Transaction at Ola,Transferencia,1607.41,0,Transport
13347.1,6154.67,MEDIA,74,1569.2,Egreso,2025-06-22,Transaction at Pantaloons,Transferencia,7803.51,0,Clothing
33716.51,4535.05,NULA,32,758.85,Egreso,2025-11-29,Transaction at YouTube Premium,Debito,649.14,0,Entertainment
29048.69,7020.33,NULA,63,296.92,Egreso,2025-06-28,Transaction at Lenskart,Transferencia,11166.54,0,Online Shopping
30350.07,8269.52,MEDIA,81,267.96,Egreso,2025-02-17,Transaction at Samsung Store,Credito,28206.0,10,Electronics
41240.72,8343.73,MEDIA,54,1183.83,Egreso,2025-05-24,Transaction at Goibibo,Credito,10177.08,1,Travel
5445.37,9871.38,ALTA,6,1207.47,Egreso,2025-02-04,Transaction at Tata Cliq,Credito,9986.03,4,Online Shopping
34214.15,9683.78,ALTA,56,1277.01,Egreso,2025-05-05,Transaction at Property Tax Online,Transferencia,4924.38,0,Bills
37164.84,7713.82,MEDIA,31,211.04,Egreso,2025-02-19,Transaction at Reliance Fresh,Transferencia,4479.54,0,Grocery
8047.44,2841.04,BAJA,61,1371.6,Egreso,2025-06-05,Transaction at HP World,Credito,148880.57,10,Electronics
10566.33,8552.81,NULA,89,1956.44,Egreso,2025-03-09,Transaction at US Polo,Debito,1725.88,0,Clothing
25335.58,7924.49,MEDIA,3,1637.49,Egreso,2025-01-31,Transaction at Snapdeal,Debito,18276.61,0,Online Shopping
27590.5,9013.39,NULA,6,1230.19,Egreso,2025-11-23,Transaction at Apollo Pharmacy,Transferencia,11558.83,0,Healthcare
13695.87,9371.86,MEDIA,12,855.26,Egreso,2025-07-09,Transaction at Ajio,Transferencia,18804.0,0,Online Shopping
23836.1,3797.21,ALTA,67,1890.6,Egreso,2025-03-24,Transaction at Flipkart,Transferencia,18493.62,0,Online Shopping
10530.59,2558.35,MEDIA,39,906.4,Egreso,2025-04-18,Transaction at Netflix,Transferencia,757.53,0,Entertainment
20021.65,1670.39,MEDIA,91,208.4,Egreso,2025-12-07,Transaction at BMTC,Transferencia,1525.38,0,Transport
30623.75,9015.6,MEDIA,87,151.47,Egreso,2025-04-25,Transaction at KFC,Credito,1112.01,7,Food
22347.67,6842.09,ALTA,86,713.14,Egreso,2025-09-17,Transaction at Amazon,Transferencia,18803.98,0,Online Shopping
26261.48,9706.75,MEDIA,73,1523.37,Egreso,2025-07-14,Transaction at Croma,Debito,149593.13,0,Electronics
32243.54,6328.89,BAJA,34,1616.01,Egreso,2025-03-14,Transaction at US Polo,Debito,7587.1,0,Clothing
32408.01,9135.37,MEDIA,18,1635.32,Egreso,2025-05-19,Transaction at Air India,Transferencia,4727.39,0,Travel
8109.12,2082.4,MEDIA,14,1398.15,Egreso,2025-09-02,Transaction at Saravana Bhavan,Transferencia,583.89,0,Food
27236.45,6356.53,BAJA,22,1112.26,Egreso,2025-09-01,Transaction at Water Board,Credito,3679.02,8,Bills
16343.21,6928.4,MEDIA,62,1535.65,Egreso,2025-08-08,Transaction at Goibibo,Transferencia,5018.5,0,Travel
33777.74,3807.01,BAJA,91,1658.22,Egreso,2025-09-05,Transaction at Gaana,Debito,120.73,0,Entertainment
46727.4,8529.04,BAJA,13,550.7,Egreso,2025-02-20,Transaction at Pantaloons,Transferencia,826.94,0,Clothing
31652.78,6145.61,BAJA,65,1576.7,Egreso,2025-09-01,Transaction at Adidas,Credito,7308.22,4,Clothing
20700.58,5969.93,NULA,0,289.03,Egreso,2025-03-28,Transaction at Lenskart,Debito,14181.0,0,Online Shopping
12960.05,3133.74,BAJA,12,1973.85,Egreso,2025-04-06,Transaction at Asus Store,Transferencia,126529.62,0,Electronics
27618.22,9549.81,MEDIA,76,1883.03,Egreso,2025-03-04,Transaction at Hotstar,Credito,231.84,8,Entertainment
43824.05,1227.55,MEDIA,66,916.88,Egreso,2025-11-26,Transaction at Aha,Transferencia,229.89,0,Entertainment
18289.75,6580.14,NULA,79,1432.85,Egreso,2025-04-26,Transaction at Chai Point,Transferencia,800.04,0,Food
46150.03,3083.67,BAJA,26,1719.41,Egreso,2025-03-21,Transaction at Nike,Transferencia,2489.94,0,Clothing
38296.37,7528.11,MEDIA,48,912.6,Egreso,2025-01-17,Transaction at CloudNine,Debito,9532.38,0,Healthcare
39702.06,1339.73,BAJA,12,1087.37,Egreso,2025-05-10,Transaction at Air India,Transferencia,28566.19,0,Travel
13084.65,7468.1,MEDIA,82,1185.75,Egreso,2025-07-06,Transaction at SonyLiv,Transferencia,222.85,0,Entertainment
28565.42,7328.9,BAJA,68,1170.16,Egreso,2025-02-12,Transaction at Nature's Basket,Transferencia,3716.86,0,Grocery
9241.77,3087.87,MEDIA,10,659.74,Egreso,2025-05-27,Transaction at Yatra,Debito,17116.99,0,Travel
31904.21,2531.45,ALTA,43,1101.71,Egreso,2025-07-31,Transaction at 1mg,Transferencia,11134.31,0,Healthcare
28467.81,5032.08,ALTA,37,1238.5,Egreso,2025-05-29,Transaction at Boat Lifestyle,Transferencia,12137.62,0,Electronics
47818.43,5445.53,BAJA,66,1166.1,Egreso,2025-12-22,Transaction at Vodafone Idea,Transferencia,3159.96,0,Bills
48726.6,8448.69,ALTA,6,566.61,Egreso,2025-01-22,Transaction at Aster,Transferencia,496.73,0,Healthcare
17736.7,1567.28,NULA,9,182.59,Egreso,2025-03-28,Transaction at Ola,Transferencia,941.31,0,Transport
15858.13,8376.45,BAJA,68,241.47,Egreso,2025-12-30,Transaction at BSNL,Transferencia,3209.71,0,Bills
37381.13,6932.32,BAJA,93,634.72,Egreso,2025-07-17,Transaction at PharmEasy,Credito,15309.57,7,Healthcare
24469.41,8757.43,ALTA,43,921.24,Egreso,2025-10-20,Transaction at Nature's Basket,Transferencia,3823.68,0,Grocery
38754.53,6515.48,MEDIA,4,666.31,Egreso,2025-09-06,Transaction at KFC,Transferencia,541.01,0,Food
29154.17,6582.62,ALTA,61,146.46,Egreso,2025-03-27,Transaction at More Supermarket,Credito,2120.71,11,Grocery
9847.23,2877.29,NULA,78,936.48,Egreso,2025-08-25,Transaction at Apollo Hospital,Debito,785.0,0,Healthcare
24041.01,2831.04,MEDIA,6,1315.98,Egreso,2025-09-30,Transaction at 1mg,Transferencia,14582.07,0,Healthcare
7151.08,4203.29,NULA,63,1319.18,Egreso,2025-10-23,Transaction at Rapido,Credito,1911.37,4,Transport
48048.49,6421.42,NULA,74,894.65,Egreso,2025-09-02,Transaction at ACT Fibernet,Credito,5705.34,1,Bills
25779.73,6609.23,MEDIA,36,334.35,Egreso,2025-02-15,Transaction at Pantaloons,Credito,1000.59,4,Clothing
38489.13,7745.1,BAJA,52,343.68,Egreso,2025-11-27,Transaction at Woodland,Transferencia,4323.63,0,Clothing
18087.91,1446.94,ALTA,28,1126.54,Egreso,2025-09-30,Transaction at YouTube Premium,Debito,270.47,0,Entertainment
37513.56,3471.04,NULA,6,1987.21,Egreso,2025-07-29,Transaction at 1mg,Credito,3670.41,2,Healthcare
22712.86,8049.26,ALTA,0,1205.44,Egreso,2025-06-22,Transaction at SonyLiv,Transferencia,996.14,0,Entertainment
34962.41,9208.47,MEDIA,19,1253.4,Egreso,2025-04-01,Transaction at Meru Cabs,Transferencia,1330.9,0,Transport
19485.35,4495.52,BAJA,35,1414.67,Egreso,2025-05-08,Transaction at YouTube Premium,Transferencia,492.12,0,Entertainment
12803.49,7192.04,NULA,28,1762.45,Egreso,2025-01-27,Transaction at Woodland,Credito,3037.51,2,Clothing
18606.25,4493.09,NULA,6,431.08,Egreso,2025-08-23,Transaction at YouTube Premium,Transferencia,448.78,0,Entertainment
13999.17,5951.27,MEDIA,93,803.98,Egreso,2025-05-09,Transaction at Nilgiris,Transferencia,1984.03,0,Grocery
9669.38,5916.86,ALTA,55,1081.24,Egreso,2025-08-21,Transaction at Ajio,Transferencia,495.2,0,Online Shopping
42196.94,8046.77,NULA,41,414.55,Egreso,2025-07-29,Transaction at 1mg,Transferencia,5966.86,0,Healthcare
46112.0,4218.89,NULA,57,1758.75,Egreso,2025-04-12,Transaction at Woodland,Debito,6077.79,0,Clothing
45494.33,3560.15,NULA,23,211.81,Egreso,2025-06-11,Transaction at Paradise Biryani,Transferencia,1091.28,0,Food
14888.05,4277.59,ALTA,28,1221.16,Egreso,2025-07-16,Transaction at Nilgiris,Transferencia,1903.08,0,Grocery
25997.0,6160.25,NULA,30,1732.4,Egreso,2025-06-08,Transaction at Air India,Transferencia,26694.78,0,Travel
7349.79,1458.54,MEDIA,52,208.9,Egreso,2025-07-01,Transaction at H&M,Transferencia,1225.15,0,Clothing
29633.84,3984.93,NULA,5,811.66,Egreso,2025-03-05,Transaction at Pantaloons,Credito,2574.11,10,Clothing
41149.05,7646.77,NULA,17,103.41,Egreso,2025-05-18,Transaction at Jio Fiber,Debito,3620.32,0,Bills
19858.9,4919.72,MEDIA,66,1543.26,Egreso,2025-05-31,Transaction at Flipkart,Transferencia,12282.51,0,Online Shopping
28708.89,4682.48,NULA,92,179.17,Egreso,2025-02-09,Transaction at Gas Agency,Debito,5615.83,0,Bills
25333.74,9404.52,ALTA,94,473.88,Egreso,2025-12-01,Transaction at Kauvery,Transferencia,12388.0,0,Healthcare
47785.56,8770.55,MEDIA,5,649.47,Egreso,2025-02-06,Transaction at Spencers,Debito,3347.79,0,Grocery
43048.83,3858.08,ALTA,3,790.66,Egreso,2025-07-31,Transaction at Air India,Transferencia,9980.26,0,Travel
14583.02,3899.42,MEDIA,75,546.53,Egreso,2025-10-30,Transaction at Aster,Transferencia,6307.37,0,Healthcare
42128.4,1873.9,NULA,94,107.9,Egreso,2025-12-26,Transaction at A2B,Transferencia,1061.67,0,Food
44363.19,8533.21,BAJA,61,1091.81,Egreso,2025-10-12,Transaction at BigBazaar,Credito,444.84,3,Grocery
30021.78,7842.41,BAJA,74,843.14,Egreso,2025-07-31,Transaction at YouTube Premium,Debito,336.09,0,Entertainment
40399.75,5822.97,BAJA,6,864.88,Egreso,2025-11-21,Transaction at Jio Fiber,Debito,978.61,0,Bills
17182.26,7584.56,ALTA,66,1723.67,Egreso,2025-04-05,Transaction at Ola,Credito,721.83,9,Transport
9985.4,3206.86,BAJA,6,704.93,Egreso,2025-01-01,Transaction at More Supermarket,Transferencia,3025.08,0,Grocery
46840.13,7948.65,MEDIA,50,1397.69,Egreso,2025-11-24,Transaction at US Polo,Debito,2118.96,0,Clothing
49840.85,4931.82,MEDIA,25,967.0,Egreso,2025-02-15,Transaction at Sony Center,Credito,77877.7,3,Electronics
22581.45,2607.48,BAJA,27,1103.73,Egreso,2025-01-24,Transaction at Pepperfry,Transferencia,672.53,0,Online Shopping
10652.06,4997.54,NULA,76,991.36,Egreso,2025-09-04,Transaction at Dominos,Credito,444.4,2,Food
25103.28,6947.19,MEDIA,70,1090.72,Egreso,2025-10-01,Transaction at Apollo Hospital,Transferencia,13171.88,0,Healthcare
42564.98,8811.72,ALTA,1,1518.03,Egreso,2025-04-19,Transaction at Fortis,Debito,6903.73,0,Healthcare
27138.43,1465.33,BAJA,69,380.75,Egreso,2025-11-03,Transaction at Samsung Store,Transferencia,35067.78,0,Electronics
6447.66,5640.4,MEDIA,6,166.74,Egreso,2025-08-07,Transaction at Zara,Transferencia,6095.3,0,Clothing
30202.04,5012.66,ALTA,96,163.12,Egreso,2025-06-02,Transaction at Netmeds,Transferencia,9767.87,0,Healthcare
5174.48,7004.76,ALTA,24,1555.53,Egreso,2025-06-22,Transaction at Flipkart,Debito,3579.59,0,Online Shopping
37368.64,2993.77,ALTA,70,1377.57,Egreso,2025-05-15,Transaction at Yulu Bikes,Transferencia,848.88,0,Transport
27370.5,4201.87,NULA,20,1309.09,Egreso,2025-04-15,Transaction at Amazon Prime,Debito,907.18,0,Entertainment
37277.46,4338.47,MEDIA,11,1731.82,Egreso,2025-05-11,Transaction at Saravana Bhavan,Transferencia,483.77,0,Food
34506.32,1437.79,ALTA,98,1402.29,Egreso,2025-11-28,Transaction at Nykaa,Credito,1614.22,6,Online Shopping
44929.07,6914.03,ALTA,19,476.1,Egreso,2025-08-19,Transaction at Metro Rail,Transferencia,887.57,0,Transport
34197.57,9561.94,BAJA,39,617.02,Egreso,2025-05-28,Transaction at TSRTC,Transferencia,741.71,0,Transport
27743.55,8848.1,MEDIA,70,1677.74,Egreso,2025-01-23,Transaction at Meesho,Transferencia,2291.27,0,Online Shopping
29741.35,1153.38,ALTA,44,1418.98,Egreso,2025-03-14,Transaction at Tata Cliq,Debito,10871.57,0,Online Shopping
45330.92,5453.35,MEDIA,93,1762.94,Egreso,2025-04-02,Transaction at BSNL,Transferencia,5271.77,0,Bills
29325.77,1221.92,BAJA,83,1826.4,Egreso,2025-05-12,Transaction at BSNL,Credito,4713.24,2,Bills
28684.29,6528.24,MEDIA,37,722.31,Egreso,2025-09-03,Transaction at 1mg,Transferencia,9094.59,0,Healthcare
10763.49,1161.36,BAJA,8,1521.04,Egreso,2025-03-01,Transaction at Croma,Transferencia,112609.25,0,Electronics
10132.63,6272.37,BAJA,76,1262.38,Egreso,2025-02-16,Transaction at Jio Fiber,Transferencia,4415.83,0,Bills
31318.69,2010.39,MEDIA,42,1672.8,Egreso,2025-03-16,Transaction at BigBazaar,Credito,4168.64,1,Grocery
22066.75,4021.48,BAJA,47,521.34,Egreso,2025-05-28,Transaction at Water Board,Transferencia,1075.87,0,Bills
6901.55,5022.65,NULA,56,595.83,Egreso,2025-03-06,Transaction at Samsung Store,Credito,121541.52,11,Electronics
38493.69,5473.57,NULA,15,480.29,Egreso,2025-04-19,Transaction at OYO,Debito,2924.72,0,Travel
45830.62,7322.57,BAJA,56,1142.1,Egreso,2025-09-27,Transaction at Netmeds,Credito,10397.24,10,Healthcare
25677.2,1924.44,NULA,76,1890.91,Egreso,2025-04-18,Transaction at Aster,Debito,10797.11,0,Healthcare
43327.32,9001.13,ALTA,3,1240.76,Egreso,2025-09-19,Transaction at Burger King,Transferencia,466.37,0,Food
43933.72,2018.48,NULA,45,1735.57,Egreso,2025-07-20,Transaction at KFC,Credito,395.42,11,Food
6937.64,7088.11,BAJA,46,866.14,Egreso,2025-02-12,Transaction at Air India,Debito,21065.82,0,Travel
16501.05,9369.95,NULA,82,818.77,Egreso,2025-06-27,Transaction at BSNL,Credito,2344.67,9,Bills
44574.64,4444.2,MEDIA,61,835.3,Egreso,2025-04-17,Transaction at Biba,Debito,5205.98,0,Clothing
33209.41,6646.73,MEDIA,97,1622.52,Egreso,2025-03-16,Transaction at IRCTC,Transferencia,8160.58,0,Travel
32241.57,4203.61,MEDIA,80,1660.76,Egreso,2025-02-20,Transaction at BigBazaar,Credito,4917.56,8,Grocery
36683.93,3757.27,BAJA,16,1434.26,Egreso,2025-04-30,Transaction at Yatra,Transferencia,14834.64,0,Travel
21260.43,8673.61,BAJA,79,1814.59,Egreso,2025-02-13,Transaction at A2B,Transferencia,345.43,0,Food
34434.86,9758.12,NULA,21,1140.11,Egreso,2025-03-29,Transaction at Hotstar,Credito,632.75,7,Entertainment
34267.38,8174.31,BAJA,8,476.57,Egreso,2025-05-09,Transaction at Aha,Transferencia,263.64,0,Entertainment
39264.14,6958.25,MEDIA,25,501.73,Egreso,2025-03-27,Transaction at RedBus,Transferencia,526.74,0,Transport
33333.05,5793.21,ALTA,71,1082.77,Egreso,2025-06-20,Transaction at Burger King,Credito,712.88,1,Food
17098.83,3393.22,MEDIA,84,409.29,Egreso,2025-12-11,Transaction at IndiGo,Credito,18219.06,1,Travel
41522.38,1974.82,NULA,15,190.94,Egreso,2025-01-30,Transaction at Pizza Hut,Credito,1022.11,8,Food
14956.2,7823.2,NULA,45,757.83,Egreso,2025-07-18,Transaction at Goibibo,Debito,7982.16,0,Travel
37898.9,4556.04,ALTA,99,1826.02,Egreso,2025-02-22,Transaction at Apollo Pharmacy,Debito,8579.84,0,Healthcare
7581.01,6253.97,ALTA,90,1665.74,Egreso,2025-10-28,Transaction at Spotify,Transferencia,375.8,0,Entertainment
38241.53,4183.88,NULA,53,1981.76,Egreso,2025-03-29,Transaction at Yulu Bikes,Transferencia,650.37,0,Transport
20760.56,9544.37,ALTA,42,1813.79,Egreso,2025-08-31,Transaction at PharmEasy,Debito,6970.24,0,Healthcare
26840.18,5158.01,MEDIA,46,1869.21,Egreso,2025-08-20,Transaction at 1mg,Debito,7207.73,0,Healthcare
33384.44,8822.06,ALTA,63,1440.92,Egreso,2025-03-04,Transaction at Netmeds,Transferencia,8860.5,0,Healthcare
6524.38,9994.9,MEDIA,29,1061.81,Egreso,2025-12-26,Transaction at Netmeds,Credito,14849.22,11,Healthcare
6624.64,5159.22,ALTA,94,1002.06,Egreso,2025-10-30,Transaction at Aster,Transferencia,19804.34,0,Healthcare
16274.37,7732.47,BAJA,79,332.25,Egreso,2025-03-22,Transaction at Aha,Credito,609.42,2,Entertainment
30847.93,4257.73,MEDIA,95,1812.33,Egreso,2025-08-03,Transaction at Aha,Transferencia,114.14,0,Entertainment
47110.87,6222.13,ALTA,19,1375.27,Egreso,2025-03-22,Transaction at Hotstar,Transferencia,151.37,0,Entertainment
25765.15,5885.71,NULA,68,1944.5,Egreso,2025-01-03,Transaction at Gaana,Transferencia,680.57,0,Entertainment
47712.39,3407.02,BAJA,27,587.21,Egreso,2025-11-27,Transaction at KFC,Debito,860.4,0,Food
31836.63,9026.41,ALTA,74,1939.86,Egreso,2025-05-15,Transaction at Puma,Transferencia,5863.93,0,Clothing
27954.65,9350.15,NULA,47,1053.18,Egreso,2025-05-10,Transaction at Kauvery,Transferencia,11263.37,0,Healthcare
49952.88,9757.15,NULA,41,1053.7,Egreso,2025-11-14,Transaction at Starbucks,Credito,338.06,3,Food
22107.25,3709.39,NULA,96,715.04,Egreso,2025-09-15,Transaction at Asus Store,Credito,47388.62,2,Electronics
29496.23,6995.71,BAJA,0,799.13,Egreso,2025-06-14,Transaction at Hotstar,Debito,737.84,0,Entertainment
42617.23,4716.09,MEDIA,41,417.7,Egreso,2025-08-23,Transaction at Amazon Prime,Transferencia,960.71,0,Entertainment
37315.16,1663.78,BAJA,7,996.86,Egreso,2025-03-12,Transaction at Apple Music,Transferencia,431.04,0,Entertainment
8613.11,8091.02,NULA,70,1182.57,Egreso,2025-04-18,Transaction at TSRTC,Transferencia,553.14,0,Transport
20103.5,3360.49,NULA,53,256.39,Egreso,2025-05-16,Transaction at H&M,Transferencia,5039.41,0,Clothing
8971.17,8875.52,BAJA,30,1896.07,Egreso,2025-01-29,Transaction at Dell Exclusive,Credito,99280.4,3,Electronics
49441.33,3618.68,MEDIA,19,444.19,Egreso,2025-02-24,Transaction at Myntra,Credito,5371.26,7,Online Shopping
16861.58,9398.87,MEDIA,10,1562.27,Egreso,2025-05-14,Transaction at Aster,Transferencia,2699.63,0,Healthcare
49588.3,4879.66,BAJA,90,193.63,Egreso,2025-08-18,Transaction at Metro Rail,Transferencia,1162.99,0,Transport
46229.2,5446.75,MEDIA,35,1659.57,Egreso,2025-02-26,Transaction at Booking.com,Credito,9820.03,3,Travel
36306.24,7871.88,NULA,10,564.06,Egreso,2025-05-07,Transaction at Ajio,Transferencia,12544.96,0,Online Shopping
31676.72,4811.08,NULA,93,1237.02,Egreso,2025-08-25,Transaction at Dominos,Credito,482.19,3,Food
36715.49,9473.01,MEDIA,13,544.45,Egreso,2025-04-27,Transaction at Samsung Store,Transferencia,39903.69,0,Electronics
17089.82,1224.26,BAJA,30,880.53,Egreso,2025-04-26,Transaction at IndiGo,Transferencia,15245.47,0,Travel
35643.85,3411.26,NULA,55,1657.51,Egreso,2025-03-20,Transaction at Apple Store,Transferencia,123940.66,0,Electronics
6004.14,3751.12,BAJA,91,1700.91,Egreso,2025-01-31,Transaction at BSNL,Transferencia,341.27,0,Bills
13538.25,2259.98,ALTA,24,751.57,Egreso,2025-03-12,Transaction at Tata Cliq,Debito,4065.72,0,Online Shopping
46487.59,4749.57,ALTA,94,393.18,Egreso,2025-08-01,Transaction at TNEB,Transferencia,3242.79,0,Bills
24952.83,1570.11,NULA,88,385.73,Egreso,2025-05-14,Transaction at Meesho,Transferencia,12969.3,0,Online Shopping
17876.35,4845.33,MEDIA,64,1882.74,Egreso,2025-09-26,Transaction at Dominos,Transferencia,1318.19,0,Food
21817.96,6657.66,ALTA,48,587.36,Egreso,2025-09-20,Transaction at OYO,Transferencia,7445.81,0,Travel
40653.8,3237.63,NULA,99,1540.09,Egreso,2025-06-06,Transaction at Jio Fiber,Debito,1305.65,0,Bills
28508.08,6006.15,NULA,44,1665.85,Egreso,2025-03-27,Transaction at Nature's Basket,Transferencia,2522.84,0,Grocery
11810.27,8765.82,BAJA,46,410.34,Egreso,2025-03-04,Transaction at A2B,Transferencia,307.1,0,Food
43574.61,4394.82,NULA,49,1358.73,Egreso,2025-03-01,Transaction at BSNL,Credito,1111.62,10,Bills
42338.39,6987.87,MEDIA,55,1198.16,Egreso,2025-02-01,Transaction at DMart,Debito,1304.12,0,Grocery
22701.13,6869.22,NULA,82,651.96,Egreso,2025-10-12,Transaction at Nike,Transferencia,6574.14,0,Clothing
46032.02,9983.15,ALTA,16,1999.17,Egreso,2025-05-05,Transaction at Apple Music,Credito,986.71,1,Entertainment
27590.21,8882.8,ALTA,75,747.58,Egreso,2025-12-08,Transaction at Sony Center,Debito,142056.21,0,Electronics
31706.2,6232.12,MEDIA,32,620.36,Egreso,2025-03-17,Transaction at Mi Store,Transferencia,21490.12,0,Electronics
9365.1,4288.84,BAJA,35,502.82,Egreso,2025-06-02,Transaction at Star Bazaar,Transferencia,4964.93,0,Grocery
47739.54,8121.33,BAJA,85,1430.84,Egreso,2025-06-29,Transaction at Nature's Basket,Debito,1245.26,0,Grocery
37420.53,1157.37,ALTA,44,1355.71,Egreso,2025-09-02,Transaction at Reliance Digital,Transferencia,58198.82,0,Electronics
21769.54,1744.55,NULA,40,135.98,Egreso,2025-11-02,Transaction at OnePlus,Transferencia,110248.5,0,Electronics
16853.5,4237.96,ALTA,28,1177.22,Egreso,2025-12-26,Transaction at Pizza Hut,Transferencia,624.91,0,Food
46138.88,2070.96,MEDIA,61,955.87,Egreso,2025-05-25,Transaction at Pepperfry,Debito,11115.73,0,Online Shopping
36013.89,6213.1,ALTA,56,255.11,Egreso,2025-02-28,Transaction at Spotify,Transferencia,385.51,0,Entertainment
18539.2,3211.92,MEDIA,83,1746.53,Egreso,2025-07-20,Transaction at Booking.com,Debito,29023.05,0,Travel
29359.67,6924.43,ALTA,88,526.08,Egreso,2025-04-16,Transaction at BMTC,Transferencia,908.32,0,Transport
8886.94,5195.96,NULA,29,1662.86,Egreso,2025-05-04,Transaction at Aster,Transferencia,3796.92,0,Healthcare
40810.21,4859.46,ALTA,59,1332.9,Egreso,2025-05-13,Transaction at Aster,Debito,2375.84,0,Healthcare
27526.54,5678.05,MEDIA,76,1411.84,Egreso,2025-05-08,Transaction at DMart,Credito,2158.85,1,Grocery
8932.32,1385.05,ALTA,71,132.8,Egreso,2025-06-22,Transaction at Kauvery,Transferencia,4846.6,0,Healthcare
33677.96,6985.35,BAJA,39,429.4,Egreso,2025-12-19,Transaction at Hotstar,Transferencia,803.19,0,Entertainment
27381.28,1095.66,ALTA,89,1287.45,Egreso,2025-10-24,Transaction at MedPlus,Transferencia,15391.0,0,Healthcare
48475.3,4716.89,ALTA,73,1978.24,Egreso,2025-02-06,Transaction at Vivo Store,Transferencia,21489.9,0,Electronics
37093.16,9127.77,BAJA,43,311.89,Egreso,2025-07-30,Transaction at Nike,Credito,7739.9,1,Clothing
43725.57,3828.28,ALTA,18,1968.43,Egreso,2025-07-07,Transaction at McDonalds,Transferencia,467.53,0,Food
13515.27,5105.2,MEDIA,18,1907.54,Egreso,2025-06-08,Transaction at DMart,Transferencia,4424.72,0,Grocery
38878.94,1371.26,ALTA,1,1275.04,Egreso,2025-03-31,Transaction at Apple Store,Credito,148561.26,11,Electronics
40107.28,4166.34,NULA,35,361.17,Egreso,2025-08-13,Transaction at Aha,Debito,231.22,0,Entertainment
13621.56,7708.75,MEDIA,46,745.22,Egreso,2025-08-18,Transaction at Boat Lifestyle,Transferencia,48827.09,0,Electronics
7777.96,6628.21,ALTA,40,276.55,Egreso,2025-06-12,Transaction at Nykaa,Transferencia,6968.62,0,Online Shopping
28859.94,7257.16,NULA,9,424.09,Egreso,2025-03-07,Transaction at Ajio,Debito,13112.23,0,Online Shopping
32293.85,1903.48,MEDIA,80,230.96,Egreso,2025-07-19,Transaction at PharmEasy,Credito,7459.84,4,Healthcare
49018.11,5240.08,NULA,89,937.58,Egreso,2025-12-11,Transaction at RedBus,Transferencia,343.44,0,Transport
47760.3,3824.25,NULA,33,232.06,Egreso,2025-01-17,Transaction at More Supermarket,Transferencia,3857.46,0,Grocery
47217.0,1026.61,ALTA,42,1178.83,Egreso,2025-02-19,Transaction at Ola,Debito,1498.28,0,Transport
23707.29,1700.44,ALTA,16,228.01,Egreso,2025-01-07,Transaction at Paradise Biryani,Credito,592.3,4,Food
43017.69,1388.48,MEDIA,84,275.33,Egreso,2025-08-25,Transaction at Netflix,Debito,108.24,0,Entertainment
5174.74,8472.89,ALTA,55,1840.6,Egreso,2025-11-14,Transaction at Saravana Bhavan,Credito,878.04,10,Food
44752.8,1690.2,ALTA,57,564.79,Egreso,2025-07-11,Transaction at Water Board,Transferencia,3144.87,0,Bills
33290.0,7371.67,MEDIA,69,324.83,Egreso,2025-01-02,Transaction at Jio Fiber,Transferencia,2515.66,0,Bills
24025.51,6214.96,ALTA,20,1436.61,Egreso,2025-10-23,Transaction at Cream Stone,Transferencia,906.34,0,Food
6405.36,8640.01,ALTA,53,1569.6,Egreso,2025-12-27,Transaction at SonyLiv,Credito,416.98,4,Entertainment
5772.42,7611.21,NULA,54,506.08,Egreso,2025-09-29,Transaction at YouTube Premium,Transferencia,383.96,0,Entertainment
20813.95,5897.86,ALTA,18,1801.66,Egreso,2025-05-20,Transaction at BSNL,Transferencia,1047.88,0,Bills
46783.78,3598.67,BAJA,79,277.07,Egreso,2025-09-19,Transaction at Apple Music,Transferencia,845.62,0,Entertainment
37743.19,3672.03,BAJA,98,1976.86,Egreso,2025-11-25,Transaction at Meru Cabs,Credito,1320.65,3,Transport
16377.95,7650.26,MEDIA,48,275.39,Egreso,2025-11-25,Transaction at Puma,Transferencia,2695.61,0,Clothing
38531.65,3398.25,BAJA,12,1262.3,Egreso,2025-10-08,Transaction at Aster,Transferencia,1192.32,0,Healthcare
34612.36,8706.6,NULA,68,448.81,Egreso,2025-08-27,Transaction at Myntra,Transferencia,18180.97,0,Online Shopping
42220.99,8040.59,NULA,27,170.35,Egreso,2025-04-22,Transaction at Apollo Hospital,Debito,15198.37,0,Healthcare
45502.99,3710.62,BAJA,86,1137.87,Egreso,2025-01-30,Transaction at Netflix,Transferencia,156.21,0,Entertainment
48439.8,8085.49,NULA,47,1039.99,Egreso,2025-12-19,Transaction at Pantaloons,Transferencia,4597.53,0,Clothing
12108.86,2537.13,NULA,50,1576.87,Egreso,2025-05-06,Transaction at KFC,Debito,522.46,0,Food
34751.26,3825.94,MEDIA,50,404.74,Egreso,2025-02-07,Transaction at Hotstar,Credito,793.2,5,Entertainment
19370.37,4947.66,NULA,64,1743.62,Egreso,2025-08-10,Transaction at Gaana,Transferencia,446.57,0,Entertainment
7532.24,9532.14,ALTA,50,942.93,Egreso,2025-08-28,Transaction at CloudNine,Credito,15834.14,9,Healthcare
36912.94,4100.76,NULA,21,1370.54,Egreso,2025-01-19,Transaction at Adidas,Credito,1798.5,3,Clothing
42377.68,9269.89,BAJA,66,1928.79,Egreso,2025-12-10,Transaction at Property Tax Online,Transferencia,3592.68,0,Bills
29853.42,9809.54,NULA,81,1017.56,Egreso,2025-12-30,Transaction at BSNL,Transferencia,3990.39,0,Bills
12555.7,8827.38,NULA,85,637.91,Egreso,2025-02-24,Transaction at Kauvery,Credito,10309.67,10,Healthcare
14869.72,9460.94,BAJA,98,1479.75,Egreso,2025-05-13,Transaction at Subway,Transferencia,1169.58,0,Food
10091.41,6662.17,ALTA,19,1343.83,Egreso,2025-02-04,Transaction at Asus Store,Credito,111699.19,8,Electronics
29752.3,2518.15,BAJA,3,1058.24,Egreso,2025-08-01,Transaction at PharmEasy,Transferencia,17808.22,0,Healthcare
12730.99,3537.72,MEDIA,80,783.6,Egreso,2025-12-26,Transaction at Pantaloons,Debito,2317.99,0,Clothing
41111.03,5717.43,NULA,99,1642.37,Egreso,2025-03-15,Transaction at Taco Bell,Credito,839.78,5,Food
36020.09,8496.48,MEDIA,62,722.86,Egreso,2025-04-26,Transaction at RedBus,Debito,1568.78,0,Transport
18033.38,2033.22,NULA,45,954.26,Egreso,2025-09-08,Transaction at Metro Rail,Transferencia,1907.45,0,Transport
35185.82,1826.39,BAJA,93,903.28,Egreso,2025-11-10,Transaction at PharmEasy,Transferencia,5290.71,0,Healthcare
37642.38,7396.33,MEDIA,99,1280.54,Egreso,2025-03-31,Transaction at YouTube Premium,Transferencia,634.24,0,Entertainment
35418.14,3244.87,NULA,40,561.58,Egreso,2025-10-27,Transaction at Apollo Hospital,Credito,9357.7,4,Healthcare
6915.95,6571.84,ALTA,66,1456.44,Egreso,2025-12-09,Transaction at Adidas,Transferencia,1353.49,0,Clothing
26451.18,9537.74,ALTA,62,1110.2,Egreso,2025-04-01,Transaction at Paradise Biryani,Debito,1135.72,0,Food
39295.92,8521.89,ALTA,27,1058.42,Egreso,2025-04-20,Transaction at Saravana Bhavan,Debito,358.75,0,Food
41632.95,8202.62,MEDIA,0,1424.78,Egreso,2025-04-17,Transaction at BMTC,Transferencia,699.68,0,Transport
9993.02,1280.36,ALTA,33,818.48,Egreso,2025-11-06,Transaction at BSNL,Credito,1266.88,1,Bills
7049.71,3251.45,BAJA,53,377.03,Egreso,2025-07-29,Transaction at Zee5,Transferencia,258.96,0,Entertainment
43000.65,9999.49,BAJA,20,571.15,Egreso,2025-01-18,Transaction at Dell Exclusive,Transferencia,118132.96,0,Electronics
8805.03,5134.47,BAJA,24,1453.59,Egreso,2025-04-03,Transaction at PharmEasy,Transferencia,13808.61,0,Healthcare
25626.02,1119.74,BAJA,89,662.04,Egreso,2025-07-23,Transaction at CCD,Debito,728.79,0,Food
25561.24,4921.4,ALTA,73,1032.28,Egreso,2025-03-18,Transaction at Sony Center,Debito,108094.4,0,Electronics
24104.93,1693.16,NULA,78,197.35,Egreso,2025-05-13,Transaction at Snapdeal,Transferencia,7801.0,0,Online Shopping
41109.25,9382.04,BAJA,64,1224.59,Egreso,2025-04-01,Transaction at Aha,Transferencia,727.1,0,Entertainment
41841.6,9525.26,BAJA,18,1642.05,Egreso,2025-10-20,Transaction at Vistara,Transferencia,16640.76,0,Travel
9732.87,2490.03,BAJA,14,651.31,Egreso,2025-07-24,Transaction at Nilgiris,Credito,687.74,2,Grocery
38718.87,1444.27,ALTA,70,860.8,Egreso,2025-12-18,Transaction at Zee5,Credito,369.97,9,Entertainment
23582.41,8965.66,NULA,60,1465.59,Egreso,2025-11-27,Transaction at Property Tax Online,Credito,827.51,10,Bills
44891.26,3602.22,NULA,85,112.32,Egreso,2025-01-18,Transaction at SonyLiv,Transferencia,970.44,0,Entertainment
30216.92,8003.05,ALTA,77,984.47,Egreso,2025-10-04,Transaction at Yulu Bikes,Credito,1833.97,5,Transport
12677.6,7040.05,ALTA,69,1718.18,Egreso,2025-06-30,Transaction at Property Tax Online,Transferencia,883.96,0,Bills
41116.09,7186.14,ALTA,83,1427.85,Egreso,2025-12-05,Transaction at Lenskart,Credito,8797.59,4,Online Shopping
42408.57,9116.97,MEDIA,80,1733.13,Egreso,2025-10-19,Transaction at Goibibo,Credito,6511.05,1,Travel
27383.9,5875.57,MEDIA,82,1590.55,Egreso,2025-03-08,Transaction at MedPlus,Credito,11760.51,11,Healthcare
9675.19,1718.16,BAJA,38,875.64,Egreso,2025-12-27,Transaction at Pepperfry,Debito,16640.33,0,Online Shopping
37637.69,2176.65,NULA,38,1963.42,Egreso,2025-04-06,Transaction at Noise,Transferencia,120504.79,0,Electronics
14987.14,5183.69,NULA,42,364.92,Egreso,2025-12-06,Transaction at Airtel,Credito,5558.59,8,Bills
21969.65,4354.97,ALTA,0,328.95,Egreso,2025-03-09,Transaction at SonyLiv,Debito,527.67,0,Entertainment
30277.86,4973.58,NULA,25,1559.26,Egreso,2025-08-18,Transaction at Subway,Debito,1015.66,0,Food
18529.8,8834.82,NULA,88,1203.15,Egreso,2025-02-16,Transaction at Wrogn,Credito,4954.95,8,Clothing
22765.58,2845.28,MEDIA,59,1427.39,Egreso,2025-08-19,Transaction at Meru Cabs,Credito,447.91,2,Transport
31087.07,2239.98,BAJA,5,528.33,Egreso,2025-04-15,Transaction at Ola,Transferencia,1271.31,0,Transport
33298.05,1052.61,ALTA,4,1469.89,Egreso,2025-03-28,Transaction at Barbeque Nation,Credito,553.83,6,Food
36086.76,2014.97,NULA,10,487.14,Egreso,2025-12-20,Transaction at Star Bazaar,Transferencia,3439.36,0,Grocery
8709.61,5399.51,BAJA,91,1672.09,Egreso,2025-06-26,Transaction at RedBus,Credito,1098.82,7,Transport
18000.46,6259.21,MEDIA,34,1172.96,Egreso,2025-08-25,Transaction at MedPlus,Credito,11321.18,11,Healthcare
15146.09,1800.07,ALTA,96,736.38,Egreso,2025-06-28,Transaction at OYO,Credito,17611.91,8,Travel
9869.43,1706.68,NULA,57,1475.56,Egreso,2025-07-05,Transaction at Burger King,Transferencia,321.77,0,Food
12879.51,8076.71,NULA,93,1366.67,Egreso,2025-02-09,Transaction at Meru Cabs,Transferencia,1770.42,0,Transport
16350.36,5598.42,BAJA,51,1231.79,Egreso,2025-03-14,Transaction at YouTube Premium,Credito,330.43,4,Entertainment
7192.75,5425.7,NULA,8,394.46,Egreso,2025-12-28,Transaction at McDonalds,Credito,575.4,3,Food
41816.92,8618.06,MEDIA,70,1706.67,Egreso,2025-11-01,Transaction at Uber,Credito,1112.87,5,Transport
14724.04,8255.3,NULA,11,759.8,Egreso,2025-01-09,Transaction at Zee5,Transferencia,612.57,0,Entertainment
17999.0,3735.69,MEDIA,28,692.53,Egreso,2025-01-23,Transaction at Yulu Bikes,Credito,1373.24,7,Transport
29767.16,8821.78,BAJA,91,1937.35,Egreso,2025-10-25,Transaction at Dell Exclusive,Transferencia,4495.65,0,Electronics
37087.82,7792.07,ALTA,59,153.35,Egreso,2025-09-08,Transaction at Property Tax Online,Transferencia,5743.73,0,Bills
28064.65,9781.53,NULA,29,1001.07,Egreso,2025-03-13,Transaction at Goibibo,Credito,6383.6,6,Travel
11503.97,9613.37,ALTA,10,624.91,Egreso,2025-11-21,Transaction at Vistara,Transferencia,27693.69,0,Travel
35003.48,6925.17,MEDIA,56,1177.2,Egreso,2025-07-13,Transaction at Ola,Debito,1462.74,0,Transport
42526.22,1354.22,MEDIA,29,1743.9,Egreso,2025-11-02,Transaction at Amazon,Credito,4425.76,2,Online Shopping
5296.33,5699.0,NULA,58,1945.8,Egreso,2025-11-09,Transaction at JioMart,Transferencia,3385.09,0,Grocery
28065.7,1241.85,ALTA,91,209.52,Egreso,2025-03-28,Transaction at Flipkart,Debito,6339.73,0,Online Shopping
8411.48,7683.56,NULA,27,1302.03,Egreso,2025-11-02,Transaction at Aster,Transferencia,6075.29,0,Healthcare
7610.95,9862.62,BAJA,53,1043.29,Egreso,2025-06-30,Transaction at Lenskart,Transferencia,3813.31,0,Online Shopping
28613.83,5563.5,ALTA,3,1330.86,Egreso,2025-09-26,Transaction at Star Bazaar,Credito,4098.19,5,Grocery
15187.12,1413.75,ALTA,35,596.13,Egreso,2025-08-19,Transaction at OYO,Transferencia,19274.05,0,Travel
31339.41,9564.21,MEDIA,9,602.06,Egreso,2025-07-27,Transaction at Allen Solly,Credito,7031.59,8,Clothing
19080.63,3314.09,NULA,42,341.8,Egreso,2025-10-28,Transaction at CloudNine,Debito,17157.54,0,Healthcare
20164.06,6328.81,NULA,29,513.52,Egreso,2025-01-06,Transaction at Saravana Bhavan,Transferencia,908.77,0,Food
19738.94,6339.4,BAJA,5,174.87,Egreso,2025-03-31,Transaction at Asus Store,Credito,141439.95,2,Electronics
27619.02,2266.17,ALTA,46,888.7,Egreso,2025-02-17,Transaction at Amazon,Credito,14363.27,4,Online Shopping
28276.15,9358.29,MEDIA,35,1464.82,Egreso,2025-07-13,Transaction at Meesho,Transferencia,18048.14,0,Online Shopping
36276.7,9624.89,ALTA,87,892.07,Egreso,2025-03-09,Transaction at Chai Point,Transferencia,1180.26,0,Food
37989.71,8646.18,ALTA,74,850.37,Egreso,2025-02-12,Transaction at US Polo,Debito,1577.46,0,Clothing
12801.52,4250.85,MEDIA,69,1584.36,Egreso,2025-02-21,Transaction at Star Bazaar,Debito,1147.12,0,Grocery
22128.11,1061.46,NULA,52,845.5,Egreso,2025-03-09,Transaction at Asus Store,Debito,83614.7,0,Electronics
9642.31,3197.99,MEDIA,80,1681.23,Egreso,2025-10-07,Transaction at BSNL,Debito,2156.31,0,Bills
38671.35,3478.35,MEDIA,23,586.59,Egreso,2025-04-20,Transaction at Noise,Debito,113497.6,0,Electronics
47850.16,9815.93,NULA,35,842.79,Egreso,2025-12-18,Transaction at Chai Point,Debito,475.39,0,Food
46312.07,3478.82,MEDIA,36,1681.46,Egreso,2025-02-08,Transaction at BSNL,Debito,201.57,0,Bills
11011.54,3609.75,ALTA,54,1964.36,Egreso,2025-09-01,Transaction at Yulu Bikes,Debito,1657.09,0,Transport
28153.26,3013.01,NULA,15,1394.42,Egreso,2025-02-19,Transaction at Ajio,Debito,14643.59,0,Online Shopping
24249.11,8886.41,ALTA,67,1878.55,Egreso,2025-12-05,Transaction at Tata Cliq,Transferencia,6354.54,0,Online Shopping
42432.36,2627.36,NULA,30,1714.88,Egreso,2025-10-16,Transaction at Reliance Fresh,Transferencia,2530.51,0,Grocery
16271.38,9689.37,MEDIA,68,1179.59,Egreso,2025-06-29,Transaction at Booking.com,Transferencia,4914.36,0,Travel
17142.9,6293.97,NULA,44,787.19,Egreso,2025-09-05,Transaction at Saravana Bhavan,Credito,445.35,4,Food
31377.97,4601.42,NULA,42,1171.27,Egreso,2025-07-09,Transaction at Gas Agency,Transferencia,5927.08,0,Bills
32085.5,1493.7,ALTA,38,1633.73,Egreso,2025-11-23,Transaction at Vodafone Idea,Transferencia,366.57,0,Bills
18877.56,4400.89,ALTA,76,557.94,Egreso,2025-03-18,Transaction at RedBus,Transferencia,1872.59,0,Transport
8781.96,4829.98,BAJA,36,901.48,Egreso,2025-07-20,Transaction at Snapdeal,Debito,4564.3,0,Online Shopping
34223.4,2767.44,NULA,43,1126.02,Egreso,2025-10-05,Transaction at Allen Solly,Debito,5554.66,0,Clothing
28096.27,6226.91,MEDIA,27,252.38,Egreso,2025-09-20,Transaction at Yulu Bikes,Transferencia,313.01,0,Transport
35809.81,1690.33,BAJA,38,187.83,Egreso,2025-04-08,Transaction at Hotstar,Transferencia,900.5,0,Entertainment
38824.54,6055.31,BAJA,37,1920.11,Egreso,2025-05-28,Transaction at Apollo Hospital,Transferencia,18126.77,0,Healthcare
47925.71,6545.41,NULA,16,1586.62,Egreso,2025-12-16,Transaction at Gaana,Transferencia,346.64,0,Entertainment
30731.11,8302.43,MEDIA,14,1049.89,Egreso,2025-12-04,Transaction at Vodafone Idea,Transferencia,4330.83,0,Bills
31118.93,2282.54,NULA,30,937.0,Egreso,2025-05-02,Transaction at Vivo Store,Credito,130702.23,3,Electronics
25395.51,1013.94,NULA,70,1772.17,Egreso,2025-08-30,Transaction at BMTC,Credito,1423.5,1,Transport
33221.92,7966.33,MEDIA,43,638.01,Egreso,2025-07-11,Transaction at Nilgiris,Credito,2679.1,3,Grocery
26314.9,1837.43,ALTA,21,1928.67,Egreso,2025-02-16,Transaction at Airtel,Transferencia,4886.09,0,Bills
13498.17,7577.97,MEDIA,49,189.03,Egreso,2025-02-15,Transaction at ACT Fibernet,Debito,237.05,0,Bills
19541.22,3254.54,NULA,19,288.06,Egreso,2025-08-20,Transaction at Starbucks,Credito,987.5,9,Food
9968.57,9215.51,BAJA,57,961.78,Egreso,2025-06-28,Transaction at Ajio,Credito,10999.17,2,Online Shopping
8613.51,9286.41,NULA,62,1402.13,Egreso,2025-08-01,Transaction at ACT Fibernet,Debito,4681.57,0,Bills
15665.31,7045.74,BAJA,32,503.86,Egreso,2025-09-26,Transaction at Apollo Pharmacy,Transferencia,16641.25,0,Healthcare
8135.55,6974.31,MEDIA,21,1944.77,Egreso,2025-01-21,Transaction at Kauvery,Transferencia,16718.98,0,Healthcare
34431.64,1973.29,ALTA,49,1764.24,Egreso,2025-06-06,Transaction at Nature's Basket,Credito,2164.77,4,Grocery
7075.85,2446.77,NULA,49,1897.75,Egreso,2025-10-05,Transaction at Star Bazaar,Credito,391.95,6,Grocery
31049.39,9126.32,ALTA,1,782.08,Egreso,2025-06-14,Transaction at JioMart,Transferencia,4199.15,0,Grocery
23661.12,6529.05,ALTA,15,1359.03,Egreso,2025-09-16,Transaction at Samsung Store,Credito,84039.08,3,Electronics
35207.47,2576.76,NULA,42,180.36,Egreso,2025-08-31,Transaction at Ola,Credito,330.82,11,Transport
10905.88,2813.73,ALTA,76,1553.3,Egreso,2025-12-27,Transaction at Paradise Biryani,Transferencia,854.76,0,Food
46235.61,4430.54,ALTA,83,1768.84,Egreso,2025-09-09,Transaction at Amazon,Transferencia,12538.16,0,Online Shopping
9903.85,1073.35,ALTA,83,718.65,Egreso,2025-10-17,Transaction at Dominos,Debito,818.93,0,Food
12419.4,1753.96,NULA,86,574.36,Egreso,2025-05-29,Transaction at Gaana,Transferencia,379.98,0,Entertainment
47854.67,6294.21,ALTA,40,404.08,Egreso,2025-05-23,Transaction at Samsung Store,Transferencia,142963.97,0,Electronics
41300.22,5242.2,BAJA,66,1781.13,Egreso,2025-11-17,Transaction at Ajio,Transferencia,4664.51,0,Online Shopping
7100.67,8799.02,NULA,15,310.76,Egreso,2025-11-15,Transaction at US Polo,Transferencia,6791.85,0,Clothing
35127.53,8380.01,BAJA,14,504.31,Egreso,2025-11-23,Transaction at Amazon,Transferencia,16486.15,0,Online Shopping
37897.86,9873.18,MEDIA,28,1204.13,Egreso,2025-02-25,Transaction at Spencers,Credito,3659.05,10,Grocery
7690.0,1362.94,BAJA,71,357.82,Egreso,2025-02-28,Transaction at Pizza Hut,Debito,399.89,0,Food
39576.09,3181.03,MEDIA,64,1818.25,Egreso,2025-03-22,Transaction at Max Fashion,Debito,2806.7,0,Clothing
27406.91,8467.03,NULA,23,1996.78,Egreso,2025-08-22,Transaction at IRCTC,Transferencia,18935.09,0,Travel
39409.86,1524.77,MEDIA,2,649.56,Egreso,2025-04-08,Transaction at TNEB,Credito,2654.84,8,Bills
7812.78,5343.67,BAJA,14,265.54,Egreso,2025-10-11,Transaction at Apple Music,Credito,383.37,6,Entertainment
33553.92,2716.49,ALTA,29,974.09,Egreso,2025-09-26,Transaction at AirAsia,Credito,24445.06,7,Travel
37874.97,6162.21,MEDIA,10,123.49,Egreso,2025-12-31,Transaction at Burger King,Credito,1123.63,2,Food
11474.61,5927.46,NULA,0,401.73,Egreso,2025-10-01,Transaction at Lenskart,Transferencia,7207.63,0,Online Shopping
13772.3,3577.76,NULA,84,737.27,Egreso,2025-05-25,Transaction at IRCTC,Debito,4364.4,0,Travel
23615.27,5537.32,MEDIA,5,317.01,Egreso,2025-09-25,Transaction at Mi Store,Transferencia,135126.49,0,Electronics
20673.46,6625.52,ALTA,19,1262.3,Egreso,2025-10-12,Transaction at Apple Music,Transferencia,968.89,0,Entertainment
23372.2,7473.56,BAJA,39,236.26,Egreso,2025-11-13,Transaction at Fortis,Transferencia,18764.82,0,Healthcare
37336.12,8071.3,BAJA,48,450.56,Egreso,2025-02-07,Transaction at SonyLiv,Credito,419.63,3,Entertainment
42455.33,9143.0,MEDIA,44,1174.3,Egreso,2025-10-05,Transaction at Aha,Transferencia,806.33,0,Entertainment
34177.81,1807.77,BAJA,58,961.03,Egreso,2025-04-13,Transaction at JioMart,Credito,3360.46,2,Grocery
8231.24,3635.51,MEDIA,6,1078.12,Egreso,2025-05-22,Transaction at Vodafone Idea,Transferencia,2014.31,0,Bills
49359.47,6598.88,NULA,73,170.73,Egreso,2025-10-27,Transaction at Water Board,Debito,2189.05,0,Bills
6938.65,3080.04,BAJA,96,1107.2,Egreso,2025-07-14,Transaction at Gas Agency,Debito,5120.71,0,Bills
30801.93,8378.68,NULA,68,168.68,Egreso,2025-07-26,Transaction at Meru Cabs,Debito,1573.0,0,Transport
17659.87,5844.66,ALTA,45,1996.57,Egreso,2025-10-13,Transaction at MakeMyTrip,Transferencia,2045.48,0,Travel
11626.81,7257.51,BAJA,98,1703.76,Egreso,2025-05-16,Transaction at Apple Store,Transferencia,78014.21,0,Electronics
13350.44,6523.08,ALTA,4,1831.16,Egreso,2025-07-10,Transaction at A2B,Debito,1211.99,0,Food
22260.25,6850.96,ALTA,96,1131.25,Egreso,2025-08-22,Transaction at JioMart,Credito,4517.35,11,Grocery
12731.82,9204.65,NULA,46,920.78,Egreso,2025-01-06,Transaction at Aha,Transferencia,275.65,0,Entertainment
38884.76,4942.09,BAJA,82,622.24,Egreso,2025-11-04,Transaction at H&M,Credito,7934.74,1,Clothing
5309.89,7474.05,NULA,27,1893.82,Egreso,2025-10-07,Transaction at Hotstar,Debito,342.95,0,Entertainment
12280.09,9272.93,ALTA,1,636.29,Egreso,2025-08-12,Transaction at Saravana Bhavan,Debito,724.89,0,Food
29451.42,8408.51,MEDIA,98,843.09,Egreso,2025-09-08,Transaction at OYO,Credito,20791.14,11,Travel
6544.2,7622.59,MEDIA,18,565.16,Egreso,2025-01-14,Transaction at RedBus,Debito,1973.82,0,Transport
41439.31,8579.64,MEDIA,60,476.22,Egreso,2025-12-12,Transaction at Kauvery,Transferencia,19977.3,0,Healthcare
14980.43,2329.49,ALTA,42,970.41,Egreso,2025-03-07,Transaction at BSNL,Debito,1172.63,0,Bills
48172.36,7754.99,BAJA,66,233.58,Egreso,2025-08-24,Transaction at Spencers,Transferencia,2955.74,0,Grocery
42999.86,5084.47,NULA,81,1393.54,Egreso,2025-08-03,Transaction at Airtel,Transferencia,4561.85,0,Bills
47486.33,8402.52,MEDIA,88,1486.27,Egreso,2025-02-15,Transaction at Hotstar,Transferencia,352.96,0,Entertainment
48067.33,8605.52,MEDIA,2,1728.03,Egreso,2025-12-16,Transaction at ACT Fibernet,Credito,3328.96,6,Bills
19239.26,9043.76,MEDIA,64,408.52,Egreso,2025-11-05,Transaction at Air India,Debito,17186.16,0,Travel
22608.87,3488.88,MEDIA,88,1187.3,Egreso,2025-08-04,Transaction at OnePlus,Transferencia,113030.5,0,Electronics
9540.44,6026.52,BAJA,25,760.84,Egreso,2025-12-17,Transaction at Snapdeal,Transferencia,6936.36,0,Online Shopping
26240.39,5390.91,MEDIA,49,1154.17,Egreso,2025-01-02,Transaction at Flipkart,Transferencia,4933.12,0,Online Shopping
27506.07,5138.56,MEDIA,74,665.12,Egreso,2025-02-16,Transaction at Zara,Transferencia,833.1,0,Clothing
9894.42,3915.27,MEDIA,60,1027.51,Egreso,2025-11-27,Transaction at CloudNine,Credito,1395.35,5,Healthcare
29039.99,1153.86,MEDIA,11,1128.61,Egreso,2025-02-14,Transaction at CloudNine,Credito,8855.56,6,Healthcare
41908.39,4843.79,MEDIA,32,1814.6,Egreso,2025-04-04,Transaction at Air India,Transferencia,25303.24,0,Travel
38308.87,1041.63,MEDIA,80,1517.9,Egreso,2025-10-25,Transaction at Kauvery,Transferencia,13676.26,0,Healthcare
6856.34,7326.73,NULA,27,848.77,Egreso,2025-06-24,Transaction at BSNL,Transferencia,5049.01,0,Bills
20744.15,5613.63,MEDIA,0,428.04,Egreso,2025-06-24,Transaction at Ajio,Transferencia,11621.75,0,Online Shopping
6391.29,1901.75,MEDIA,57,1419.19,Egreso,2025-10-28,Transaction at Puma,Credito,4392.55,7,Clothing
42735.05,7919.15,BAJA,72,859.91,Egreso,2025-08-02,Transaction at CloudNine,Debito,5581.47,0,Healthcare
15628.38,4462.33,NULA,84,1398.55,Egreso,2025-01-05,Transaction at MedPlus,Debito,1913.71,0,Healthcare
30894.16,2700.98,MEDIA,13,680.79,Egreso,2025-03-22,Transaction at Netflix,Transferencia,768.75,0,Entertainment
33866.37,4146.08,BAJA,22,1700.95,Egreso,2025-08-18,Transaction at Taco Bell,Credito,1341.32,4,Food
33448.35,2243.56,ALTA,10,945.56,Egreso,2025-01-18,Transaction at Amazon Prime,Debito,445.48,0,Entertainment
37634.73,2533.33,NULA,93,1470.91,Egreso,2025-02-21,Transaction at Ola,Transferencia,506.23,0,Transport
29446.22,1013.77,BAJA,47,898.74,Egreso,2025-01-04,Transaction at CloudNine,Credito,5305.51,4,Healthcare
39799.63,5875.56,NULA,30,672.33,Egreso,2025-03-18,Transaction at 1mg,Transferencia,10167.59,0,Healthcare
9450.84,7709.03,ALTA,31,656.92,Egreso,2025-12-28,Transaction at Meru Cabs,Debito,205.72,0,Transport
48797.88,8645.33,BAJA,91,1477.37,Egreso,2025-08-13,Transaction at MakeMyTrip,Credito,14800.67,9,Travel
42176.4,1952.58,NULA,9,1644.96,Egreso,2025-12-24,Transaction at JioMart,Transferencia,313.37,0,Grocery
28485.62,3091.28,BAJA,26,471.23,Egreso,2025-12-10,Transaction at Yatra,Transferencia,17088.77,0,Travel
29137.56,7581.45,ALTA,1,741.13,Egreso,2025-01-18,Transaction at Barbeque Nation,Transferencia,619.2,0,Food
38469.14,7980.25,MEDIA,59,510.3,Egreso,2025-01-05,Transaction at BigBazaar,Transferencia,3150.09,0,Grocery
37885.66,7751.32,NULA,39,1772.1,Egreso,2025-03-21,Transaction at CCD,Transferencia,1495.33,0,Food
14402.24,1582.97,MEDIA,50,725.6,Egreso,2025-01-11,Transaction at Fortis,Debito,3772.61,0,Healthcare
41330.87,2712.73,MEDIA,28,417.12,Egreso,2025-03-23,Transaction at Yulu Bikes,Credito,1902.96,9,Transport
39498.34,4056.42,BAJA,74,1746.0,Egreso,2025-02-04,Transaction at Water Board,Credito,5999.67,11,Bills
47877.66,1327.64,NULA,82,1574.29,Egreso,2025-03-16,Transaction at Property Tax Online,Transferencia,950.0,0,Bills
26771.68,1102.22,BAJA,81,247.91,Egreso,2025-05-03,Transaction at Vodafone Idea,Credito,4598.86,5,Bills
36145.82,8462.78,ALTA,79,1190.05,Egreso,2025-06-21,Transaction at BigBazaar,Credito,361.42,9,Grocery
32288.09,2052.92,BAJA,52,214.62,Egreso,2025-03-27,Transaction at Meesho,Transferencia,18646.32,0,Online Shopping
44090.64,2485.87,BAJA,72,1744.06,Egreso,2025-02-01,Transaction at Fortis,Debito,3309.19,0,Healthcare
48466.26,1472.22,ALTA,23,1867.16,Egreso,2025-07-07,Transaction at AirAsia,Credito,28470.91,3,Travel
46324.44,5712.89,MEDIA,22,1544.51,Egreso,2025-12-26,Transaction at Metro Rail,Transferencia,636.91,0,Transport
20357.42,7779.72,ALTA,94,444.67,Egreso,2025-06-06,Transaction at Amazon Prime,Credito,683.87,4,Entertainment
19310.87,8502.17,MEDIA,6,220.15,Egreso,2025-01-10,Transaction at Ola,Debito,1083.29,0,Transport
17305.11,1499.29,BAJA,51,938.13,Egreso,2025-09-28,Transaction at Gas Agency,Transferencia,2887.85,0,Bills
29087.76,5084.45,NULA,65,471.27,Egreso,2025-07-31,Transaction at Flipkart,Debito,2487.36,0,Online Shopping
48374.51,8682.04,BAJA,50,1323.0,Egreso,2025-10-20,Transaction at BigBazaar,Credito,2064.85,9,Grocery
14751.26,7615.59,BAJA,16,1768.0,Egreso,2025-02-04,Transaction at Ajio,Transferencia,3459.11,0,Online Shopping
49400.86,8773.6,NULA,6,896.5,Egreso,2025-11-05,Transaction at MakeMyTrip,Debito,6878.37,0,Travel
37206.27,2096.98,NULA,81,339.68,Egreso,2025-05-12,Transaction at Goibibo,Debito,11690.67,0,Travel
19327.14,3556.29,MEDIA,52,1352.44,Egreso,2025-09-13,Transaction at Gaana,Transferencia,624.23,0,Entertainment
39682.59,6779.47,BAJA,95,743.16,Egreso,2025-10-26,Transaction at SonyLiv,Transferencia,782.33,0,Entertainment
9388.97,2564.59,ALTA,30,296.19,Egreso,2025-04-04,Transaction at IRCTC,Credito,18345.71,6,Travel
9495.04,4698.69,MEDIA,3,1350.8,Egreso,2025-03-10,Transaction at BSNL,Transferencia,3674.6,0,Bills
35922.72,8705.05,NULA,78,1918.4,Egreso,2025-05-03,Transaction at Apollo Pharmacy,Debito,8600.17,0,Healthcare
44300.5,1858.2,BAJA,92,311.61,Egreso,2025-11-20,Transaction at Biba,Debito,3358.45,0,Clothing
24130.07,6516.24,BAJA,54,715.46,Egreso,2025-04-08,Transaction at Asus Store,Transferencia,20322.46,0,Electronics
36753.67,3109.8,BAJA,27,382.55,Egreso,2025-02-06,Transaction at Kauvery,Debito,9726.89,0,Healthcare
17723.38,1039.52,MEDIA,51,1536.42,Egreso,2025-01-18,Transaction at Jio Fiber,Transferencia,1933.58,0,Bills
8968.28,7217.64,MEDIA,79,261.06,Egreso,2025-10-16,Transaction at Kauvery,Debito,12625.91,0,Healthcare
41181.03,8299.31,BAJA,60,843.41,Egreso,2025-03-30,Transaction at Netmeds,Credito,8354.56,3,Healthcare
10539.97,1498.39,ALTA,71,470.45,Egreso,2025-09-23,Transaction at Rapido,Credito,1086.23,9,Transport
20898.01,9855.83,NULA,36,1053.76,Egreso,2025-01-26,Transaction at Air India,Transferencia,21278.55,0,Travel
31970.1,5125.83,BAJA,63,591.13,Egreso,2025-01-02,Transaction at Meesho,Transferencia,10797.58,0,Online Shopping
39489.47,4142.89,BAJA,52,354.93,Egreso,2025-04-21,Transaction at Metro Rail,Credito,1458.2,7,Transport
5605.16,9807.75,BAJA,2,1611.11,Egreso,2025-05-29,Transaction at Allen Solly,Transferencia,7713.22,0,Clothing
14572.33,1695.52,MEDIA,71,709.08,Egreso,2025-01-28,Transaction at SonyLiv,Debito,822.78,0,Entertainment
43754.76,4698.24,ALTA,60,1743.04,Egreso,2025-09-18,Transaction at Nature's Basket,Debito,1820.03,0,Grocery
20049.4,1730.61,MEDIA,63,1567.45,Egreso,2025-12-28,Transaction at RedBus,Transferencia,374.92,0,Transport
9157.62,1890.29,MEDIA,86,716.59,Egreso,2025-01-13,Transaction at Mi Store,Credito,38830.72,5,Electronics
35344.27,7680.29,BAJA,17,843.05,Egreso,2025-07-03,Transaction at Yatra,Transferencia,15306.02,0,Travel
16593.41,8372.89,NULA,41,852.4,Egreso,2025-05-23,Transaction at Adidas,Transferencia,4446.71,0,Clothing
6945.51,1168.02,ALTA,43,793.01,Egreso,2025-09-26,Transaction at Paradise Biryani,Transferencia,1440.54,0,Food
28028.16,9785.28,BAJA,96,1512.19,Egreso,2025-07-09,Transaction at Airtel,Transferencia,3094.16,0,Bills
16840.82,1671.84,NULA,15,1884.04,Egreso,2025-03-01,Transaction at H&M,Transferencia,4399.28,0,Clothing
18097.61,9830.94,BAJA,75,1998.85,Egreso,2025-11-29,Transaction at Pantaloons,Transferencia,1283.99,0,Clothing
45054.92,8153.43,BAJA,86,1983.01,Egreso,2025-09-17,Transaction at Fortis,Credito,14872.53,5,Healthcare
10503.44,8003.67,MEDIA,6,572.71,Egreso,2025-12-17,Transaction at H&M,Debito,6670.24,0,Clothing
18495.76,3194.17,MEDIA,93,1833.32,Egreso,2025-01-07,Transaction at Amazon Prime,Credito,900.52,11,Entertainment
15660.36,5354.49,MEDIA,86,338.07,Egreso,2025-04-29,Transaction at Vistara,Credito,29495.45,11,Travel
41869.63,8802.14,ALTA,83,686.89,Egreso,2025-12-03,Transaction at Airtel,Transferencia,4333.97,0,Bills
28514.2,8235.74,BAJA,40,785.67,Egreso,2025-01-05,Transaction at CloudNine,Transferencia,14207.75,0,Healthcare
17549.52,1034.7,BAJA,93,1003.91,Egreso,2025-02-01,Transaction at Yulu Bikes,Debito,1597.38,0,Transport
22867.89,3518.59,ALTA,89,1349.61,Egreso,2025-03-28,Transaction at Reliance Digital,Transferencia,33980.81,0,Electronics
27216.55,5421.24,BAJA,87,1560.94,Egreso,2025-11-11,Transaction at Air India,Transferencia,17891.3,0,Travel
12982.14,7781.83,BAJA,24,417.19,Egreso,2025-10-28,Transaction at BigBazaar,Transferencia,3386.47,0,Grocery
9602.89,4431.9,ALTA,51,1957.88,Egreso,2025-10-29,Transaction at More Supermarket,Transferencia,744.3,0,Grocery
13015.39,1084.6,ALTA,25,1003.09,Egreso,2025-04-20,Transaction at Metro Rail,Debito,658.78,0,Transport
39495.66,7709.42,BAJA,24,1074.59,Egreso,2025-07-28,Transaction at MedPlus,Debito,10126.71,0,Healthcare
41894.39,4906.88,BAJA,38,1244.97,Egreso,2025-04-13,Transaction at TSRTC,Credito,237.33,1,Transport
45902.45,2282.82,BAJA,96,121.88,Egreso,2025-04-06,Transaction at Water Board,Credito,5033.66,3,Bills
22602.09,5705.93,BAJA,65,1115.76,Egreso,2025-10-20,Transaction at More Supermarket,Transferencia,1420.29,0,Grocery
9959.93,7190.0,MEDIA,18,1876.49,Egreso,2025-06-13,Transaction at Noise,Transferencia,127781.11,0,Electronics
38844.11,5757.09,MEDIA,60,1757.83,Egreso,2025-05-13,Transaction at MedPlus,Debito,9191.98,0,Healthcare
44854.07,2529.83,MEDIA,58,673.22,Egreso,2025-03-25,Transaction at Airtel,Transferencia,3260.54,0,Bills
17006.13,2623.8,MEDIA,76,872.4,Egreso,2025-01-06,Transaction at Noise,Debito,110642.99,0,Electronics
32232.89,4978.05,NULA,95,437.35,Egreso,2025-09-21,Transaction at Apple Music,Credito,926.97,9,Entertainment
34196.92,2935.26,ALTA,86,149.61,Egreso,2025-10-23,Transaction at Puma,Transferencia,4902.92,0,Clothing
47229.83,7191.42,BAJA,42,467.12,Egreso,2025-08-18,Transaction at Property Tax Online,Credito,5425.52,9,Bills
27510.93,8666.44,NULA,38,225.84,Egreso,2025-10-21,Transaction at Zara,Transferencia,5281.06,0,Clothing
31582.19,3774.27,NULA,44,102.25,Egreso,2025-12-04,Transaction at Woodland,Transferencia,7820.96,0,Clothing
16593.18,4537.2,NULA,72,875.8,Egreso,2025-01-09,Transaction at Paradise Biryani,Credito,609.82,6,Food
33306.95,5897.74,BAJA,33,927.9,Egreso,2025-04-01,Transaction at Apple Music,Transferencia,233.94,0,Entertainment
32014.19,3422.77,ALTA,5,1568.08,Egreso,2025-01-15,Transaction at CCD,Debito,1273.76,0,Food
16863.51,5509.29,MEDIA,91,114.2,Egreso,2025-05-22,Transaction at Vistara,Debito,11801.2,0,Travel
17912.34,9212.94,ALTA,33,108.97,Egreso,2025-06-20,Transaction at Spotify,Credito,532.74,3,Entertainment
49256.59,2802.54,MEDIA,28,306.03,Egreso,2025-03-27,Transaction at Jio Fiber,Transferencia,5366.3,0,Bills
7138.39,4364.81,BAJA,67,597.14,Egreso,2025-04-18,Transaction at Biba,Debito,4432.26,0,Clothing
6310.03,1448.91,BAJA,54,1394.31,Egreso,2025-03-14,Transaction at Yatra,Debito,21624.82,0,Travel
8506.56,4865.26,MEDIA,61,1998.14,Egreso,2025-03-16,Transaction at Meru Cabs,Credito,1550.95,5,Transport
6838.13,8190.76,NULA,5,1150.07,Egreso,2025-09-17,Transaction at Mi Store,Credito,70892.95,4,Electronics
25615.33,1992.73,MEDIA,85,1416.89,Egreso,2025-07-09,Transaction at Flipkart,Debito,10826.49,0,Online Shopping
34937.53,7592.57,MEDIA,81,1420.43,Egreso,2025-06-12,Transaction at Nykaa,Credito,2744.42,8,Online Shopping
37614.69,6094.87,BAJA,18,243.29,Egreso,2025-09-27,Transaction at Vistara,Debito,5646.48,0,Travel
32860.56,4304.11,BAJA,74,1910.68,Egreso,2025-03-14,Transaction at Samsung Store,Transferencia,130497.63,0,Electronics
8112.58,9355.11,BAJA,54,278.83,Egreso,2025-02-08,Transaction at Netflix,Transferencia,744.87,0,Entertainment
47426.86,8585.42,NULA,69,1124.25,Egreso,2025-07-03,Transaction at Meru Cabs,Transferencia,1738.21,0,Transport
35865.06,8770.2,NULA,29,1102.94,Egreso,2025-07-28,Transaction at Pantaloons,Credito,3157.32,7,Clothing
26006.5,7163.06,MEDIA,61,956.8,Egreso,2025-01-09,Transaction at Gas Agency,Credito,2500.83,5,Bills
46767.28,6373.05,BAJA,37,1149.4,Egreso,2025-05-30,Transaction at Nike,Transferencia,1045.53,0,Clothing
19018.11,1792.08,NULA,45,1571.5,Egreso,2025-09-21,Transaction at Wrogn,Debito,2881.72,0,Clothing
27206.96,9328.94,NULA,20,233.82,Egreso,2025-11-02,Transaction at Reliance Fresh,Debito,4447.3,0,Grocery
27970.84,5410.45,BAJA,35,1525.37,Egreso,2025-05-09,Transaction at Water Board,Debito,230.45,0,Bills
38520.46,8278.83,MEDIA,86,1902.09,Egreso,2025-09-23,Transaction at 1mg,Transferencia,1393.44,0,Healthcare
6551.09,7198.79,NULA,1,1480.69,Egreso,2025-10-12,Transaction at Mi Store,Transferencia,79919.32,0,Electronics
28420.91,1700.78,MEDIA,48,1329.48,Egreso,2025-12-13,Transaction at IndiGo,Transferencia,20878.88,0,Travel
7088.68,9855.66,ALTA,71,1099.36,Egreso,2025-05-04,Transaction at BigBazaar,Credito,1572.24,7,Grocery
21695.27,8730.48,NULA,25,1232.6,Egreso,2025-09-22,Transaction at ACT Fibernet,Debito,2812.82,0,Bills
14346.43,3999.77,MEDIA,6,1129.63,Egreso,2025-05-11,Transaction at More Supermarket,Transferencia,2165.19,0,Grocery
7149.41,4492.33,MEDIA,90,564.37,Egreso,2025-06-15,Transaction at Dell Exclusive,Transferencia,78485.19,0,Electronics
10805.5,6866.83,BAJA,59,729.0,Egreso,2025-07-12,Transaction at Pizza Hut,Debito,126.26,0,Food
11536.91,6216.13,NULA,74,706.52,Egreso,2025-02-28,Transaction at Zee5,Debito,734.26,0,Entertainment
31615.35,2961.88,ALTA,76,1306.77,Egreso,2025-06-17,Transaction at HP World,Transferencia,43772.2,0,Electronics
22253.89,6459.05,NULA,4,1007.04,Egreso,2025-06-02,Transaction at Asus Store,Debito,98630.25,0,Electronics
17123.34,5499.33,MEDIA,55,1780.48,Egreso,2025-04-24,Transaction at Apollo Pharmacy,Transferencia,11908.37,0,Healthcare
37558.71,2781.17,MEDIA,22,1715.48,Egreso,2025-10-17,Transaction at Adidas,Credito,2083.36,3,Clothing
20528.06,1025.35,MEDIA,92,1836.84,Egreso,2025-02-22,Transaction at RedBus,Transferencia,172.53,0,Transport
40959.17,9788.3,ALTA,26,233.9,Egreso,2025-08-13,Transaction at Apple Music,Transferencia,461.35,0,Entertainment
34743.93,8897.77,NULA,19,992.81,Egreso,2025-07-06,Transaction at Levis,Debito,5100.87,0,Clothing
36164.0,7783.19,BAJA,66,955.16,Egreso,2025-09-17,Transaction at Goibibo,Debito,24949.89,0,Travel
20440.36,9823.22,NULA,39,1455.93,Egreso,2025-11-16,Transaction at Nykaa,Debito,2888.72,0,Online Shopping
27478.17,9391.28,ALTA,83,1288.41,Egreso,2025-04-03,Transaction at Amazon Prime,Transferencia,992.61,0,Entertainment
9196.27,8682.25,BAJA,78,944.34,Egreso,2025-12-07,Transaction at Snapdeal,Transferencia,9443.0,0,Online Shopping
26501.53,7391.96,MEDIA,88,1124.1,Egreso,2025-12-20,Transaction at Meru Cabs,Credito,976.77,4,Transport
12125.84,7249.14,ALTA,52,1222.51,Egreso,2025-12-11,Transaction at Asus Store,Transferencia,52220.89,0,Electronics
11587.95,3242.64,MEDIA,8,191.71,Egreso,2025-02-09,Transaction at SonyLiv,Debito,741.46,0,Entertainment
42981.34,8160.79,BAJA,8,580.61,Egreso,2025-04-19,Transaction at Pepperfry,Transferencia,1359.46,0,Online Shopping
29989.64,5208.99,BAJA,62,1898.21,Egreso,2025-07-29,Transaction at Pepperfry,Debito,10938.58,0,Online Shopping
12361.28,9219.16,ALTA,75,1490.38,Egreso,2025-02-07,Transaction at Meesho,Credito,16086.75,4,Online Shopping
30365.04,9685.26,MEDIA,12,154.69,Egreso,2025-03-29,Transaction at Noise,Credito,74952.79,2,Electronics
16420.5,8607.02,BAJA,77,696.17,Egreso,2025-07-25,Transaction at Zara,Credito,2029.5,7,Clothing
41692.76,9471.89,ALTA,12,115.71,Egreso,2025-07-24,Transaction at Samsung Store,Credito,46308.26,4,Electronics
10043.62,3205.43,BAJA,81,256.97,Egreso,2025-08-29,Transaction at Zee5,Transferencia,446.33,0,Entertainment
39863.32,1361.28,MEDIA,20,1630.45,Egreso,2025-08-26,Transaction at Pizza Hut,Debito,1116.88,0,Food
28810.81,2614.58,NULA,96,256.3,Egreso,2025-03-31,Transaction at Snapdeal,Credito,17761.82,2,Online Shopping
39205.91,9282.65,NULA,39,307.73,Egreso,2025-11-01,Transaction at Hotstar,Debito,812.17,0,Entertainment
18110.33,1884.77,MEDIA,99,403.98,Egreso,2025-11-30,Transaction at Taco Bell,Transferencia,1345.06,0,Food
33306.26,4136.39,NULA,69,551.29,Egreso,2025-10-24,Transaction at Reliance Fresh,Debito,707.28,0,Grocery
13343.46,1384.01,MEDIA,36,1710.15,Egreso,2025-01-30,Transaction at TNEB,Debito,1755.25,0,Bills
22149.47,9603.93,NULA,66,549.3,Egreso,2025-07-03,Transaction at Reliance Fresh,Debito,1248.72,0,Grocery
11819.61,7079.03,BAJA,92,1285.1,Egreso,2025-05-22,Transaction at H&M,Credito,2084.95,2,Clothing
12458.11,4440.85,NULA,3,1491.81,Egreso,2025-04-06,Transaction at CCD,Credito,476.4,2,Food
31139.24,5362.49,NULA,94,154.62,Egreso,2025-09-29,Transaction at SonyLiv,Debito,442.49,0,Entertainment
17524.13,2783.81,BAJA,88,839.86,Egreso,2025-07-31,Transaction at Apollo Hospital,Credito,18913.59,1,Healthcare
28887.71,2123.71,BAJA,42,714.1,Egreso,2025-07-28,Transaction at Goibibo,Credito,14119.51,11,Travel
40174.6,3407.7,BAJA,99,1995.74,Egreso,2025-08-14,Transaction at Nilgiris,Debito,2572.26,0,Grocery
19709.04,3392.83,MEDIA,25,1528.84,Egreso,2025-03-11,Transaction at OnePlus,Debito,103769.34,0,Electronics
19360.84,9974.09,BAJA,53,1693.68,Egreso,2025-12-10,Transaction at Goibibo,Debito,28872.69,0,Travel
47250.05,7914.74,MEDIA,24,1385.74,Egreso,2025-04-19,Transaction at SonyLiv,Transferencia,578.43,0,Entertainment
22878.99,7864.08,ALTA,21,1166.01,Egreso,2025-08-04,Transaction at Flipkart,Credito,13833.03,7,Online Shopping
24127.86,2412.25,BAJA,24,532.86,Egreso,2025-11-24,Transaction at DMart,Credito,2298.4,11,Grocery
43269.59,2311.23,ALTA,33,453.26,Egreso,2025-01-08,Transaction at Allen Solly,Transferencia,5980.28,0,Clothing
8350.92,4128.18,BAJA,71,1685.69,Egreso,2025-06-02,Transaction at Amazon,Debito,19014.81,0,Online Shopping
29448.64,8356.37,NULA,32,1252.49,Egreso,2025-01-26,Transaction at Meesho,Transferencia,9396.35,0,Online Shopping
23302.31,8613.81,BAJA,4,1836.77,Egreso,2025-02-15,Transaction at Uber,Transferencia,204.77,0,Transport
45047.61,5323.13,MEDIA,71,442.03,Egreso,2025-06-23,Transaction at Dominos,Credito,940.14,8,Food
42985.63,6099.14,NULA,14,1614.08,Egreso,2025-09-28,Transaction at Dell Exclusive,Credito,76675.65,3,Electronics
43394.1,6453.12,NULA,0,373.71,Egreso,2025-09-09,Transaction at Dominos,Transferencia,624.96,0,Food
31863.49,6639.5,ALTA,8,1905.13,Egreso,2025-12-09,Transaction at MedPlus,Debito,2269.06,0,Healthcare
48592.04,6401.11,MEDIA,47,1059.08,Egreso,2025-12-19,Transaction at Netflix,Credito,531.49,9,Entertainment
48987.9,9782.82,MEDIA,74,286.64,Egreso,2025-06-09,Transaction at Croma,Transferencia,119641.11,0,Electronics
42246.87,7476.93,ALTA,21,917.6,Egreso,2025-08-16,Transaction at Nike,Credito,6410.03,10,Clothing
8867.57,3860.68,MEDIA,8,1867.71,Egreso,2025-03-17,Transaction at Vodafone Idea,Transferencia,1513.91,0,Bills
6920.37,4447.58,NULA,87,1477.92,Egreso,2025-11-10,Transaction at Taco Bell,Credito,496.72,11,Food
25958.88,3511.88,NULA,84,1355.44,Egreso,2025-06-01,Transaction at A2B,Debito,522.15,0,Food
26569.98,2955.57,NULA,34,1284.34,Egreso,2025-01-08,Transaction at Gaana,Credito,146.88,5,Entertainment
24805.52,8815.31,NULA,44,427.78,Egreso,2025-07-13,Transaction at Reliance Fresh,Debito,877.58,0,Grocery
23197.9,3516.33,BAJA,59,599.49,Egreso,2025-03-03,Transaction at HP World,Transferencia,102320.3,0,Electronics
36088.18,1949.0,MEDIA,70,1466.71,Egreso,2025-10-28,Transaction at Metro Rail,Transferencia,99.37,0,Transport
48791.45,2435.24,NULA,81,863.65,Egreso,2025-03-25,Transaction at Vistara,Debito,13045.76,0,Travel
38243.4,9529.6,MEDIA,5,1686.33,Egreso,2025-08-03,Transaction at Vodafone Idea,Credito,1693.84,9,Bills
11422.41,2599.41,ALTA,81,101.77,Egreso,2025-07-19,Transaction at TNEB,Debito,1021.56,0,Bills
43849.43,8680.39,NULA,74,218.68,Egreso,2025-06-03,Transaction at Gaana,Transferencia,616.37,0,Entertainment
43553.94,2281.15,BAJA,54,716.76,Egreso,2025-09-11,Transaction at Spencers,Credito,1353.89,9,Grocery
30885.58,1050.47,BAJA,31,1454.33,Egreso,2025-07-28,Transaction at Goibibo,Debito,22314.45,0,Travel
13870.76,2875.79,NULA,27,1466.35,Egreso,2025-03-27,Transaction at Gaana,Transferencia,318.3,0,Entertainment
5180.67,6764.02,MEDIA,21,532.9,Egreso,2025-12-31,Transaction at Flipkart,Debito,15073.37,0,Online Shopping
20797.07,3998.96,BAJA,95,144.72,Egreso,2025-03-11,Transaction at Metro Rail,Credito,1422.96,10,Transport
10274.53,5177.36,BAJA,44,551.79,Egreso,2025-05-18,Transaction at Amazon Prime,Debito,477.96,0,Entertainment
33152.64,4516.71,MEDIA,56,1523.79,Egreso,2025-02-07,Transaction at BigBazaar,Transferencia,4563.73,0,Grocery
8138.24,6192.94,NULA,44,1574.41,Egreso,2025-12-11,Transaction at Myntra,Credito,5582.71,7,Online Shopping
48523.23,7324.7,NULA,75,801.27,Egreso,2025-08-05,Transaction at Kauvery,Transferencia,9160.0,0,Healthcare
47546.52,1854.38,MEDIA,93,1001.08,Egreso,2025-06-03,Transaction at IndiGo,Transferencia,27224.81,0,Travel
27202.1,6586.51,NULA,31,1017.66,Egreso,2025-10-30,Transaction at Allen Solly,Debito,1410.01,0,Clothing
47028.37,8317.04,BAJA,72,1844.16,Egreso,2025-11-06,Transaction at Yatra,Debito,24933.16,0,Travel
36569.0,3890.94,ALTA,12,1411.32,Egreso,2025-04-29,Transaction at Apollo Hospital,Debito,7000.49,0,Healthcare
20901.7,1188.63,MEDIA,16,1973.95,Egreso,2025-08-20,Transaction at Adidas,Credito,2531.53,6,Clothing
17091.26,3893.43,ALTA,92,345.97,Egreso,2025-09-11,Transaction at Nature's Basket,Transferencia,2523.88,0,Grocery
48260.27,4750.82,NULA,59,103.0,Egreso,2025-07-10,Transaction at Starbucks,Transferencia,768.55,0,Food
38665.37,7483.31,NULA,81,1165.7,Egreso,2025-06-18,Transaction at Meesho,Credito,10787.12,4,Online Shopping
6945.77,7768.2,ALTA,46,671.27,Egreso,2025-09-01,Transaction at Biba,Debito,1784.87,0,Clothing
39490.65,1684.6,MEDIA,35,1562.71,Egreso,2025-06-14,Transaction at Gas Agency,Credito,419.93,3,Bills
25267.62,1764.5,NULA,42,951.7,Egreso,2025-03-21,Transaction at Paradise Biryani,Transferencia,987.8,0,Food
30290.96,4589.87,NULA,13,1909.03,Egreso,2025-10-23,Transaction at Apple Store,Debito,141522.93,0,Electronics
23506.45,9587.35,NULA,90,1714.28,Egreso,2025-02-20,Transaction at Metro Rail,Credito,1393.3,5,Transport
48229.16,5491.04,NULA,32,1473.0,Egreso,2025-09-24,Transaction at Meesho,Debito,15831.95,0,Online Shopping
13418.36,8622.07,ALTA,90,850.46,Egreso,2025-01-21,Transaction at TNEB,Credito,5060.46,9,Bills
43362.9,3269.39,BAJA,39,1552.15,Egreso,2025-08-26,Transaction at Noise,Transferencia,96176.83,0,Electronics
31807.95,3874.47,NULA,81,1984.64,Egreso,2025-03-21,Transaction at Property Tax Online,Credito,749.29,2,Bills
38783.17,9602.59,NULA,42,1267.71,Egreso,2025-02-09,Transaction at Nike,Debito,3955.56,0,Clothing
35405.8,3400.95,NULA,65,1458.65,Egreso,2025-07-22,Transaction at Meru Cabs,Credito,678.68,2,Transport
24663.14,8063.83,ALTA,8,1264.15,Egreso,2025-05-13,Transaction at Apollo Pharmacy,Credito,17393.08,10,Healthcare
32751.12,5754.49,BAJA,76,1837.55,Egreso,2025-01-31,Transaction at TNEB,Credito,385.52,9,Bills
33165.9,3520.08,BAJA,96,255.65,Egreso,2025-01-05,Transaction at Hotstar,Debito,272.43,0,Entertainment
25648.35,4669.5,ALTA,42,808.07,Egreso,2025-01-03,Transaction at Pizza Hut,Credito,1141.11,3,Food
11593.61,9059.34,NULA,50,626.73,Egreso,2025-02-18,Transaction at Noise,Transferencia,84934.51,0,Electronics
18665.03,1202.26,ALTA,27,1598.65,Egreso,2025-05-13,Transaction at IndiGo,Transferencia,8534.04,0,Travel
37949.31,2311.64,NULA,98,637.86,Egreso,2025-07-19,Transaction at Air India,Transferencia,22794.11,0,Travel
28349.72,3123.69,BAJA,50,1801.73,Egreso,2025-10-28,Transaction at Nilgiris,Transferencia,2147.37,0,Grocery
19892.74,7428.21,ALTA,52,1160.33,Egreso,2025-07-11,Transaction at Aster,Credito,10678.63,2,Healthcare
44866.95,6694.65,BAJA,40,1709.84,Egreso,2025-07-16,Transaction at Pantaloons,Transferencia,2477.07,0,Clothing
43623.8,6775.51,BAJA,74,383.55,Egreso,2025-01-08,Transaction at Rapido,Credito,1856.23,1,Transport
34858.12,9046.87,BAJA,1,475.94,Egreso,2025-02-05,Transaction at Apple Store,Transferencia,96067.65,0,Electronics
37978.52,7523.54,BAJA,74,1651.23,Egreso,2025-07-14,Transaction at AirAsia,Transferencia,4138.42,0,Travel
10447.55,5222.08,ALTA,74,1054.06,Egreso,2025-06-14,Transaction at Water Board,Transferencia,3920.34,0,Bills
21540.47,1636.89,NULA,59,1888.67,Egreso,2025-10-01,Transaction at Yatra,Transferencia,4211.02,0,Travel
14369.06,3484.85,MEDIA,12,1527.95,Egreso,2025-10-29,Transaction at Water Board,Credito,4236.8,8,Bills
5806.83,7194.75,BAJA,65,1177.36,Egreso,2025-01-24,Transaction at BSNL,Debito,2106.75,0,Bills
15282.23,7760.24,ALTA,77,173.96,Egreso,2025-07-10,Transaction at Ajio,Credito,18576.49,3,Online Shopping
27839.38,9072.87,MEDIA,9,1741.63,Egreso,2025-07-26,Transaction at Gaana,Debito,230.14,0,Entertainment
23510.81,5461.65,MEDIA,51,1279.55,Egreso,2025-03-17,Transaction at Nykaa,Transferencia,5032.57,0,Online Shopping
18718.16,5735.27,NULA,70,1225.67,Egreso,2025-06-11,Transaction at Apple Music,Debito,709.29,0,Entertainment
48657.88,7543.64,MEDIA,53,1979.84,Egreso,2025-12-23,Transaction at Apple Music,Transferencia,403.73,0,Entertainment
46113.37,3052.89,ALTA,14,1781.17,Egreso,2025-10-25,Transaction at Amazon,Credito,8212.1,11,Online Shopping
40423.17,8080.23,NULA,63,1001.51,Egreso,2025-06-10,Transaction at TSRTC,Credito,1322.77,10,Transport
27690.86,7666.49,NULA,26,1448.24,Egreso,2025-08-18,Transaction at Fortis,Transferencia,10830.12,0,Healthcare
45601.71,4514.6,NULA,76,1895.76,Egreso,2025-08-28,Transaction at MakeMyTrip,Transferencia,1808.91,0,Travel
6275.34,1517.66,ALTA,77,1673.13,Egreso,2025-03-03,Transaction at Metro Rail,Transferencia,328.65,0,Transport
49931.28,3892.47,NULA,58,1946.13,Egreso,2025-09-19,Transaction at Apollo Hospital,Credito,6243.79,1,Healthcare
20782.47,5386.42,NULA,24,1883.35,Egreso,2025-02-08,Transaction at More Supermarket,Transferencia,3673.1,0,Grocery
40112.99,8082.84,ALTA,53,766.09,Egreso,2025-12-24,Transaction at Nilgiris,Debito,4517.27,0,Grocery
21766.89,5470.96,BAJA,84,999.88,Egreso,2025-04-30,Transaction at Vivo Store,Credito,101343.49,3,Electronics
18288.82,2228.39,MEDIA,44,640.03,Egreso,2025-10-17,Transaction at Vistara,Debito,7704.52,0,Travel
8804.68,4656.34,NULA,1,265.27,Egreso,2025-01-30,Transaction at TSRTC,Transferencia,1462.85,0,Transport
11218.72,9022.49,BAJA,15,623.57,Egreso,2025-04-01,Transaction at Starbucks,Transferencia,697.97,0,Food
20804.42,2482.51,BAJA,75,421.08,Egreso,2025-01-01,Transaction at Air India,Transferencia,1421.2,0,Travel
14165.36,2111.16,ALTA,59,1465.45,Egreso,2025-04-10,Transaction at Nilgiris,Debito,2027.47,0,Grocery
12152.39,3181.9,NULA,29,1300.81,Egreso,2025-07-13,Transaction at Ajio,Transferencia,3801.65,0,Online Shopping
30824.65,3730.39,BAJA,93,1672.02,Egreso,2025-02-11,Transaction at Rapido,Transferencia,72.93,0,Transport
14299.49,7266.97,BAJA,80,1799.33,Egreso,2025-08-27,Transaction at H&M,Transferencia,3248.33,0,Clothing
8961.81,5758.9,NULA,4,1656.28,Egreso,2025-05-20,Transaction at Taco Bell,Transferencia,1070.32,0,Food
25458.64,1429.74,NULA,38,1099.46,Egreso,2025-01-13,Transaction at Zee5,Debito,399.46,0,Entertainment
48945.09,9749.48,ALTA,31,441.33,Egreso,2025-04-11,Transaction at RedBus,Transferencia,1575.45,0,Transport
5135.46,9828.87,ALTA,86,1664.41,Egreso,2025-05-11,Transaction at Apollo Pharmacy,Debito,16296.23,0,Healthcare
5985.01,7574.66,MEDIA,43,693.18,Egreso,2025-07-14,Transaction at OYO,Credito,27644.82,4,Travel
19185.14,4789.06,ALTA,76,1199.84,Egreso,2025-06-07,Transaction at IndiGo,Transferencia,25663.3,0,Travel
26192.43,3172.19,ALTA,97,302.46,Egreso,2025-02-12,Transaction at Biba,Transferencia,4052.97,0,Clothing
42056.5,3535.23,MEDIA,13,225.25,Egreso,2025-10-06,Transaction at BSNL,Debito,5071.32,0,Bills
10823.64,6168.05,NULA,6,944.91,Egreso,2025-06-01,Transaction at Ajio,Transferencia,1690.54,0,Online Shopping
21519.02,8365.02,NULA,7,1010.73,Egreso,2025-01-25,Transaction at Apollo Pharmacy,Transferencia,16978.65,0,Healthcare
23826.29,2464.34,BAJA,19,789.34,Egreso,2025-01-20,Transaction at Vodafone Idea,Transferencia,4404.72,0,Bills
5986.33,8778.15,BAJA,74,915.16,Egreso,2025-11-01,Transaction at Mi Store,Transferencia,60432.66,0,Electronics
35116.58,6382.79,BAJA,88,1791.16,Egreso,2025-10-29,Transaction at Air India,Debito,13685.35,0,Travel
22916.91,2595.77,NULA,29,1593.6,Egreso,2025-04-22,Transaction at Uber,Debito,262.33,0,Transport
6136.32,9290.0,MEDIA,53,400.68,Egreso,2025-11-24,Transaction at Gas Agency,Transferencia,3668.61,0,Bills
29282.96,6059.44,BAJA,29,1139.24,Egreso,2025-04-07,Transaction at Nilgiris,Transferencia,3226.23,0,Grocery
35682.58,1837.3,MEDIA,44,1820.81,Egreso,2025-02-03,Transaction at Snapdeal,Debito,10078.34,0,Online Shopping
14343.94,4128.14,NULA,80,1943.29,Egreso,2025-06-27,Transaction at Kauvery,Transferencia,13131.87,0,Healthcare
43801.68,6270.54,BAJA,7,287.53,Egreso,2025-11-24,Transaction at Airtel,Credito,3896.24,10,Bills
22133.64,1459.56,BAJA,45,1045.79,Egreso,2025-05-23,Transaction at YouTube Premium,Debito,827.23,0,Entertainment
28114.89,5236.44,BAJA,77,499.16,Egreso,2025-09-07,Transaction at H&M,Debito,5319.12,0,Clothing
19646.78,9146.09,NULA,66,104.71,Egreso,2025-07-11,Transaction at H&M,Debito,4158.3,0,Clothing
40313.5,6500.73,ALTA,96,491.2,Egreso,2025-01-26,Transaction at Biba,Transferencia,6631.13,0,Clothing
23410.71,5269.33,NULA,59,1700.57,Egreso,2025-08-08,Transaction at Starbucks,Debito,803.82,0,Food
12425.21,5824.43,NULA,58,682.62,Egreso,2025-07-10,Transaction at Paradise Biryani,Credito,582.95,3,Food
29785.44,5955.3,NULA,42,1936.4,Egreso,2025-11-14,Transaction at OnePlus,Credito,54761.75,7,Electronics
14661.21,7480.92,NULA,88,125.93,Egreso,2025-10-07,Transaction at Goibibo,Debito,10479.99,0,Travel
17878.31,7955.39,BAJA,52,570.13,Egreso,2025-02-05,Transaction at Nature's Basket,Debito,3856.84,0,Grocery
19750.69,5944.09,ALTA,83,524.19,Egreso,2025-09-02,Transaction at Spencers,Transferencia,2414.22,0,Grocery
10466.99,7483.29,MEDIA,90,1931.55,Egreso,2025-11-16,Transaction at More Supermarket,Transferencia,1096.19,0,Grocery
46564.75,5636.19,MEDIA,7,1144.26,Egreso,2025-06-21,Transaction at McDonalds,Credito,1280.37,8,Food
18306.73,1660.33,ALTA,3,1679.47,Egreso,2025-05-28,Transaction at Reliance Fresh,Debito,1031.0,0,Grocery
47324.94,2073.2,ALTA,82,446.1,Egreso,2025-10-28,Transaction at US Polo,Transferencia,3412.17,0,Clothing
18937.19,3277.95,BAJA,33,1943.65,Egreso,2025-07-13,Transaction at TNEB,Transferencia,4269.36,0,Bills
38255.93,9474.21,BAJA,67,913.02,Egreso,2025-08-18,Transaction at Barbeque Nation,Transferencia,1050.32,0,Food
9663.05,1980.98,ALTA,56,201.67,Egreso,2025-05-21,Transaction at Gaana,Transferencia,101.41,0,Entertainment
25582.34,3289.41,ALTA,38,795.6,Egreso,2025-09-10,Transaction at Wrogn,Credito,3897.32,3,Clothing
12235.26,9586.24,ALTA,73,920.02,Egreso,2025-05-10,Transaction at Air India,Transferencia,7138.19,0,Travel
8147.23,1457.97,MEDIA,49,889.69,Egreso,2025-09-09,Transaction at ACT Fibernet,Transferencia,542.78,0,Bills
35368.18,6864.17,ALTA,13,825.7,Egreso,2025-07-01,Transaction at Nykaa,Debito,15824.05,0,Online Shopping
22577.66,8055.72,NULA,72,1779.39,Egreso,2025-11-24,Transaction at Samsung Store,Transferencia,12172.11,0,Electronics
8647.01,9245.42,BAJA,6,1461.43,Egreso,2025-10-27,Transaction at TNEB,Transferencia,4912.79,0,Bills
11445.56,7071.78,MEDIA,13,1014.11,Egreso,2025-05-18,Transaction at SonyLiv,Credito,696.54,5,Entertainment
41183.22,5353.21,MEDIA,76,155.79,Egreso,2025-02-01,Transaction at Meesho,Transferencia,7504.83,0,Online Shopping
49923.44,5963.96,BAJA,43,981.58,Egreso,2025-06-14,Transaction at Yatra,Transferencia,21629.17,0,Travel
23853.44,7940.53,MEDIA,64,1132.56,Egreso,2025-07-12,Transaction at IRCTC,Debito,22464.74,0,Travel
33116.67,1771.78,NULA,71,946.69,Egreso,2025-10-30,Transaction at Adidas,Transferencia,1269.64,0,Clothing
21062.07,4308.14,MEDIA,85,1730.22,Egreso,2025-03-24,Transaction at RedBus,Transferencia,1463.39,0,Transport
18493.98,5287.03,ALTA,11,1452.43,Egreso,2025-07-26,Transaction at Airtel,Transferencia,577.51,0,Bills
35003.99,3324.45,BAJA,95,982.92,Egreso,2025-03-02,Transaction at IndiGo,Debito,15562.66,0,Travel
26445.3,1053.89,ALTA,95,183.63,Egreso,2025-08-03,Transaction at Jio Fiber,Transferencia,5504.7,0,Bills
18814.31,8925.59,NULA,5,1295.47,Egreso,2025-11-21,Transaction at Hotstar,Credito,549.5,10,Entertainment
27508.04,9360.68,MEDIA,46,1724.14,Egreso,2025-06-01,Transaction at Amazon,Transferencia,7932.8,0,Online Shopping
27225.42,9860.58,ALTA,67,1099.4,Egreso,2025-03-05,Transaction at Pantaloons,Debito,1497.18,0,Clothing
12912.25,9627.92,BAJA,92,672.65,Egreso,2025-05-27,Transaction at Hotstar,Transferencia,590.4,0,Entertainment
14139.51,1437.81,NULA,75,281.95,Egreso,2025-02-13,Transaction at Yatra,Credito,6777.88,8,Travel
14651.01,7513.15,ALTA,55,1019.47,Egreso,2025-06-25,Transaction at Meesho,Transferencia,13281.69,0,Online Shopping
38614.85,5371.73,BAJA,21,1367.4,Egreso,2025-10-02,Transaction at Mi Store,Transferencia,96101.75,0,Electronics
38240.49,1576.92,MEDIA,71,228.28,Egreso,2025-10-24,Transaction at Airtel,Transferencia,3668.34,0,Bills
16669.09,9911.94,ALTA,39,771.55,Egreso,2025-05-02,Transaction at Aha,Debito,113.16,0,Entertainment
41905.33,9819.17,MEDIA,13,1749.61,Egreso,2025-08-21,Transaction at ACT Fibernet,Transferencia,5480.27,0,Bills
27206.73,4985.64,NULA,11,1187.42,Egreso,2025-08-18,Transaction at Air India,Transferencia,16436.25,0,Travel
16782.38,4295.66,ALTA,43,950.07,Egreso,2025-04-01,Transaction at Gaana,Transferencia,332.14,0,Entertainment
49755.78,5014.16,BAJA,48,1180.64,Egreso,2025-03-30,Transaction at Netflix,Credito,925.8,6,Entertainment
7484.43,4508.42,ALTA,27,216.72,Egreso,2025-08-06,Transaction at Vivo Store,Debito,11785.97,0,Electronics
23703.47,3438.58,NULA,26,383.64,Egreso,2025-07-17,Transaction at Ajio,Transferencia,9230.17,0,Online Shopping
24800.55,5886.4,NULA,71,278.79,Egreso,2025-08-21,Transaction at H&M,Transferencia,7469.84,0,Clothing
5627.89,9063.47,BAJA,32,1727.47,Egreso,2025-03-16,Transaction at Yatra,Debito,9824.99,0,Travel
40085.05,9096.71,NULA,7,602.37,Egreso,2025-09-13,Transaction at BMTC,Transferencia,408.12,0,Transport
7128.38,8779.6,MEDIA,93,210.47,Egreso,2025-12-23,Transaction at Reliance Fresh,Transferencia,2630.88,0,Grocery
48380.08,6957.27,NULA,2,1421.72,Egreso,2025-08-27,Transaction at MedPlus,Transferencia,8814.62,0,Healthcare
46389.48,3568.6,NULA,72,1703.18,Egreso,2025-03-21,Transaction at BigBazaar,Debito,3371.23,0,Grocery
37072.14,2185.35,NULA,90,1750.44,Egreso,2025-01-18,Transaction at Dominos,Transferencia,688.73,0,Food
6668.3,2312.1,MEDIA,18,813.83,Egreso,2025-02-18,Transaction at JioMart,Transferencia,2768.16,0,Grocery
35560.02,8296.26,BAJA,49,1900.63,Egreso,2025-12-10,Transaction at Goibibo,Transferencia,18906.6,0,Travel
39488.68,3774.06,NULA,28,793.65,Egreso,2025-04-06,Transaction at Kauvery,Debito,1494.28,0,Healthcare
10249.24,6819.13,ALTA,30,870.57,Egreso,2025-09-16,Transaction at SonyLiv,Debito,530.8,0,Entertainment
14518.62,4984.9,ALTA,75,1838.48,Egreso,2025-04-04,Transaction at Zee5,Debito,280.12,0,Entertainment
23522.76,2495.66,NULA,53,1133.24,Egreso,2025-09-12,Transaction at Nilgiris,Transferencia,1217.0,0,Grocery
5918.11,4919.77,NULA,58,320.64,Egreso,2025-03-01,Transaction at IndiGo,Transferencia,16214.43,0,Travel
46171.62,6315.56,NULA,7,243.74,Egreso,2025-10-13,Transaction at Metro Rail,Transferencia,124.27,0,Transport
9055.36,5579.92,NULA,23,1561.32,Egreso,2025-11-11,Transaction at H&M,Debito,3705.48,0,Clothing
30760.67,1780.82,NULA,25,920.59,Egreso,2025-02-12,Transaction at Asus Store,Transferencia,147441.05,0,Electronics
20744.34,3826.18,NULA,5,729.31,Egreso,2025-06-24,Transaction at CloudNine,Transferencia,18067.42,0,Healthcare
22950.28,6116.13,ALTA,13,1860.17,Egreso,2025-04-26,Transaction at Yulu Bikes,Transferencia,1098.75,0,Transport
18497.7,9903.16,BAJA,20,1834.13,Egreso,2025-12-09,Transaction at Biba,Credito,745.19,6,Clothing
23669.23,7448.88,MEDIA,86,1251.61,Egreso,2025-04-12,Transaction at Tata Cliq,Transferencia,17046.38,0,Online Shopping
19195.61,4887.81,BAJA,93,479.41,Egreso,2025-04-03,Transaction at ACT Fibernet,Transferencia,3226.7,0,Bills
37227.78,6792.4,ALTA,95,1039.21,Egreso,2025-03-05,Transaction at Dell Exclusive,Debito,109625.55,0,Electronics
9873.24,4959.97,BAJA,66,1376.64,Egreso,2025-07-28,Transaction at Gas Agency,Transferencia,2982.55,0,Bills
32084.08,4138.95,MEDIA,17,881.83,Egreso,2025-11-28,Transaction at Aster,Transferencia,8137.0,0,Healthcare
45468.61,4510.58,NULA,2,1567.91,Egreso,2025-11-25,Transaction at More Supermarket,Debito,4230.57,0,Grocery
47358.67,8023.95,NULA,38,1923.28,Egreso,2025-12-07,Transaction at Metro Rail,Transferencia,1409.71,0,Transport
43545.45,9817.34,MEDIA,0,1933.44,Egreso,2025-07-24,Transaction at Property Tax Online,Transferencia,2457.3,0,Bills
12963.52,3903.33,ALTA,79,1987.33,Egreso,2025-08-18,Transaction at Tata Cliq,Debito,5077.99,0,Online Shopping
20770.66,7258.46,ALTA,93,1502.67,Egreso,2025-01-10,Transaction at Apple Store,Transferencia,18102.66,0,Electronics
28046.6,8542.67,NULA,59,653.14,Egreso,2025-07-05,Transaction at SonyLiv,Debito,100.01,0,Entertainment
47594.25,7291.85,BAJA,72,1708.17,Egreso,2025-04-26,Transaction at Starbucks,Transferencia,951.24,0,Food
23001.52,4661.46,BAJA,84,1941.13,Egreso,2025-10-24,Transaction at AirAsia,Transferencia,27369.44,0,Travel
15581.62,1427.47,ALTA,85,1769.55,Egreso,2025-01-13,Transaction at More Supermarket,Debito,2310.39,0,Grocery
39918.32,7392.26,BAJA,95,1354.98,Egreso,2025-02-04,Transaction at Yulu Bikes,Transferencia,409.7,0,Transport
47083.27,6276.27,MEDIA,73,1624.63,Egreso,2025-11-03,Transaction at MakeMyTrip,Transferencia,14126.41,0,Travel
34445.07,1962.93,NULA,80,879.11,Egreso,2025-04-14,Transaction at Taco Bell,Debito,737.14,0,Food
10690.21,3680.48,BAJA,69,732.8,Egreso,2025-08-06,Transaction at TNEB,Debito,240.6,0,Bills
16234.73,9542.31,MEDIA,15,723.53,Egreso,2025-02-28,Transaction at Gas Agency,Transferencia,2802.92,0,Bills
22073.1,5137.08,MEDIA,27,230.73,Egreso,2025-02-20,Transaction at CloudNine,Debito,15571.45,0,Healthcare
32449.06,9425.28,ALTA,47,335.62,Egreso,2025-01-20,Transaction at Snapdeal,Debito,16794.68,0,Online Shopping
29306.91,9919.53,BAJA,98,510.28,Egreso,2025-01-19,Transaction at Yatra,Debito,18840.4,0,Travel
26259.11,7460.29,MEDIA,76,1724.63,Egreso,2025-05-23,Transaction at US Polo,Credito,2976.54,11,Clothing
32839.04,9133.39,NULA,20,897.93,Egreso,2025-03-02,Transaction at Aster,Credito,18175.49,11,Healthcare
48961.27,8110.1,MEDIA,29,1106.26,Egreso,2025-05-03,Transaction at Biba,Credito,5189.65,9,Clothing
39704.13,5131.47,BAJA,5,1133.8,Egreso,2025-08-24,Transaction at Aha,Transferencia,459.72,0,Entertainment
36683.9,7269.86,BAJA,60,1369.15,Egreso,2025-09-20,Transaction at Max Fashion,Transferencia,4893.56,0,Clothing
27544.4,1304.75,MEDIA,86,1693.96,Egreso,2025-04-27,Transaction at YouTube Premium,Credito,618.54,7,Entertainment
42905.06,9084.58,NULA,64,1630.4,Egreso,2025-11-03,Transaction at DMart,Credito,2077.41,8,Grocery
45823.84,5930.13,ALTA,35,133.16,Egreso,2025-05-08,Transaction at BigBazaar,Transferencia,2400.84,0,Grocery
27474.47,9100.88,NULA,61,1205.44,Egreso,2025-04-20,Transaction at Amazon Prime,Transferencia,709.03,0,Entertainment
41249.18,1030.05,MEDIA,57,847.29,Egreso,2025-03-12,Transaction at More Supermarket,Transferencia,941.27,0,Grocery
9315.35,4818.07,BAJA,84,1936.19,Egreso,2025-02-15,Transaction at 1mg,Debito,13792.84,0,Healthcare
13161.53,3572.14,BAJA,39,1379.76,Egreso,2025-09-16,Transaction at Asus Store,Transferencia,10679.83,0,Electronics
15514.74,3402.91,BAJA,55,1619.87,Egreso,2025-04-06,Transaction at Meru Cabs,Debito,1141.86,0,Transport
40486.06,1014.28,ALTA,76,536.77,Egreso,2025-09-10,Transaction at Tata Cliq,Transferencia,7816.27,0,Online Shopping
34503.73,2202.34,NULA,94,579.25,Egreso,2025-08-25,Transaction at Croma,Debito,107050.46,0,Electronics
49421.13,7519.43,NULA,43,820.07,Egreso,2025-05-22,Transaction at Booking.com,Transferencia,1065.2,0,Travel
20271.99,8847.68,NULA,8,343.33,Egreso,2025-10-21,Transaction at Gaana,Transferencia,692.85,0,Entertainment
36442.11,1488.43,BAJA,9,1754.24,Egreso,2025-11-08,Transaction at Meru Cabs,Credito,1797.69,1,Transport
40444.35,7658.31,ALTA,55,809.38,Egreso,2025-03-09,Transaction at Amazon,Credito,8573.25,7,Online Shopping
38054.06,8849.79,ALTA,81,136.0,Egreso,2025-07-26,Transaction at Ajio,Transferencia,11687.37,0,Online Shopping
6501.93,3523.48,NULA,60,1484.69,Egreso,2025-08-30,Transaction at Allen Solly,Transferencia,4757.08,0,Clothing
5722.14,9922.98,BAJA,42,963.46,Egreso,2025-07-28,Transaction at Kauvery,Transferencia,17043.83,0,Healthcare
33638.41,9438.19,NULA,88,1882.37,Egreso,2025-08-28,Transaction at JioMart,Transferencia,1108.56,0,Grocery
46292.62,3142.74,NULA,98,1201.96,Egreso,2025-09-05,Transaction at Reliance Digital,Debito,40381.71,0,Electronics
47873.56,8312.14,NULA,85,1555.37,Egreso,2025-11-25,Transaction at Samsung Store,Debito,51754.17,0,Electronics
45395.8,8554.55,MEDIA,74,1035.2,Egreso,2025-08-02,Transaction at Starbucks,Transferencia,496.39,0,Food
41617.15,2712.37,MEDIA,87,815.72,Egreso,2025-12-18,Transaction at Adidas,Debito,5647.32,0,Clothing
6227.44,8259.13,ALTA,14,1349.28,Egreso,2025-10-08,Transaction at DMart,Transferencia,2400.71,0,Grocery
21957.7,4173.77,ALTA,22,1983.69,Egreso,2025-05-15,Transaction at Puma,Transferencia,6789.51,0,Clothing
17024.81,3285.78,BAJA,37,710.31,Egreso,2025-09-14,Transaction at Vivo Store,Credito,95149.27,4,Electronics
13265.55,1331.98,BAJA,26,1425.51,Egreso,2025-02-21,Transaction at Ola,Transferencia,1248.73,0,Transport
18146.38,6449.83,MEDIA,9,229.97,Egreso,2025-06-03,Transaction at CCD,Transferencia,518.04,0,Food
48279.24,8052.85,ALTA,52,1597.69,Egreso,2025-11-21,Transaction at Airtel,Transferencia,3674.58,0,Bills
47684.17,3833.94,MEDIA,84,1348.04,Egreso,2025-04-29,Transaction at Snapdeal,Debito,5507.39,0,Online Shopping
34635.15,7276.15,MEDIA,69,1538.65,Egreso,2025-04-30,Transaction at Samsung Store,Debito,96912.67,0,Electronics
37731.69,3017.91,ALTA,96,206.92,Egreso,2025-08-12,Transaction at Zara,Credito,5773.11,6,Clothing
17219.75,7234.13,ALTA,28,496.98,Egreso,2025-04-14,Transaction at Nature's Basket,Transferencia,402.34,0,Grocery
35516.67,9623.28,BAJA,44,430.97,Egreso,2025-06-22,Transaction at Zara,Transferencia,7187.34,0,Clothing
22566.88,2316.41,ALTA,7,1349.68,Egreso,2025-03-05,Transaction at Dominos,Debito,363.75,0,Food
37024.47,4799.71,MEDIA,0,1059.27,Egreso,2025-09-06,Transaction at Asus Store,Transferencia,63219.65,0,Electronics
18343.18,8979.06,BAJA,82,1112.62,Egreso,2025-02-11,Transaction at Vistara,Transferencia,27541.49,0,Travel
19997.18,6420.96,ALTA,10,464.61,Egreso,2025-06-04,Transaction at Max Fashion,Transferencia,557.88,0,Clothing
11489.31,7941.63,MEDIA,27,780.52,Egreso,2025-12-26,Transaction at SonyLiv,Transferencia,403.92,0,Entertainment
5722.47,5075.19,BAJA,59,334.54,Egreso,2025-02-04,Transaction at Amazon Prime,Debito,128.06,0,Entertainment
27168.8,4348.57,ALTA,75,514.05,Egreso,2025-06-29,Transaction at Pantaloons,Transferencia,4835.76,0,Clothing
9112.91,3192.38,ALTA,97,984.07,Egreso,2025-08-31,Transaction at IRCTC,Debito,11789.5,0,Travel
5291.37,4178.37,ALTA,87,122.51,Egreso,2025-09-23,Transaction at Gaana,Debito,784.3,0,Entertainment
33575.37,7670.01,BAJA,37,1914.08,Egreso,2025-05-18,Transaction at Air India,Credito,18056.95,10,Travel
49269.51,5772.31,BAJA,16,1099.03,Egreso,2025-07-16,Transaction at Aha,Transferencia,577.5,0,Entertainment
46284.82,2231.51,ALTA,97,1545.27,Egreso,2025-06-17,Transaction at Pantaloons,Transferencia,6060.6,0,Clothing
39423.41,5799.6,NULA,15,991.58,Egreso,2025-06-15,Transaction at SonyLiv,Transferencia,909.03,0,Entertainment
42331.72,9842.91,NULA,72,1226.24,Egreso,2025-07-31,Transaction at Yulu Bikes,Debito,1349.45,0,Transport
37043.04,9382.84,MEDIA,12,1649.99,Egreso,2025-04-28,Transaction at Apple Music,Debito,386.59,0,Entertainment
39304.75,4294.09,BAJA,26,1398.13,Egreso,2025-08-08,Transaction at Pepperfry,Transferencia,903.44,0,Online Shopping
17841.46,6999.92,BAJA,84,833.6,Egreso,2025-10-27,Transaction at Star Bazaar,Debito,3646.0,0,Grocery
8467.04,2136.82,BAJA,10,1332.76,Egreso,2025-02-10,Transaction at Nike,Transferencia,1945.36,0,Clothing
13224.89,3431.13,ALTA,70,535.13,Egreso,2025-04-26,Transaction at Water Board,Credito,1733.41,6,Bills
29197.02,1555.23,NULA,70,1412.83,Egreso,2025-08-18,Transaction at BSNL,Transferencia,5111.26,0,Bills
27506.74,9193.99,MEDIA,65,1415.77,Egreso,2025-07-06,Transaction at TNEB,Credito,1975.42,1,Bills
21362.26,1853.72,ALTA,14,837.19,Egreso,2025-09-06,Transaction at Airtel,Transferencia,1900.27,0,Bills
36733.19,3047.0,NULA,8,800.17,Egreso,2025-12-18,Transaction at Apollo Hospital,Transferencia,1063.02,0,Healthcare
29139.71,4919.41,ALTA,28,1275.52,Egreso,2025-10-03,Transaction at BSNL,Debito,5153.15,0,Bills
10816.21,7001.27,ALTA,25,1423.3,Egreso,2025-04-17,Transaction at Pepperfry,Transferencia,12050.19,0,Online Shopping
35224.38,4279.55,BAJA,11,984.12,Egreso,2025-08-03,Transaction at YouTube Premium,Debito,960.74,0,Entertainment
41683.98,5850.39,BAJA,48,763.41,Egreso,2025-04-26,Transaction at PharmEasy,Transferencia,11402.37,0,Healthcare
12663.91,1321.1,NULA,43,1678.76,Egreso,2025-10-16,Transaction at Tata Cliq,Transferencia,1317.02,0,Online Shopping
43112.06,3892.44,MEDIA,76,1984.16,Egreso,2025-08-02,Transaction at Subway,Credito,760.13,7,Food
14973.83,3903.81,MEDIA,61,131.45,Egreso,2025-05-24,Transaction at OYO,Credito,17559.8,5,Travel
39497.27,1644.66,ALTA,33,327.01,Egreso,2025-07-15,Transaction at Aster,Credito,8090.59,2,Healthcare
6849.75,4723.34,NULA,86,585.79,Egreso,2025-05-30,Transaction at AirAsia,Debito,20744.59,0,Travel
45544.18,3021.31,BAJA,50,1930.19,Egreso,2025-11-19,Transaction at Yulu Bikes,Credito,1836.74,7,Transport
41118.69,5271.53,NULA,71,955.97,Egreso,2025-11-11,Transaction at Subway,Debito,448.13,0,Food
6471.19,4059.9,BAJA,26,1924.15,Egreso,2025-09-13,Transaction at Amazon Prime,Debito,743.99,0,Entertainment
19255.13,8152.15,NULA,4,1437.68,Egreso,2025-01-19,Transaction at Tata Cliq,Credito,10474.8,8,Online Shopping
25764.37,9526.71,BAJA,47,1896.01,Egreso,2025-12-25,Transaction at Fortis,Credito,3626.35,5,Healthcare
5840.1,3015.91,BAJA,83,1169.57,Egreso,2025-09-16,Transaction at Fortis,Credito,12910.54,1,Healthcare
24709.82,2090.18,BAJA,31,1078.04,Egreso,2025-03-29,Transaction at ACT Fibernet,Debito,1144.85,0,Bills
28261.68,5228.69,MEDIA,77,1673.75,Egreso,2025-12-22,Transaction at Water Board,Transferencia,2386.45,0,Bills
16965.02,5456.46,MEDIA,79,652.61,Egreso,2025-05-20,Transaction at Woodland,Transferencia,1452.75,0,Clothing
24941.81,4310.76,BAJA,32,1293.71,Egreso,2025-03-27,Transaction at MedPlus,Transferencia,4256.86,0,Healthcare
39604.69,4094.91,NULA,19,1855.16,Egreso,2025-07-19,Transaction at Pepperfry,Credito,214.73,3,Online Shopping
9950.05,3715.96,NULA,92,1760.52,Egreso,2025-11-03,Transaction at Zee5,Debito,530.92,0,Entertainment
23493.04,1349.97,MEDIA,54,941.25,Egreso,2025-02-24,Transaction at Water Board,Credito,4683.39,8,Bills
14140.18,4400.38,BAJA,29,1562.69,Egreso,2025-12-10,Transaction at IRCTC,Transferencia,3994.13,0,Travel
15957.08,2524.91,NULA,48,1341.6,Egreso,2025-08-20,Transaction at ACT Fibernet,Transferencia,5820.36,0,Bills
8352.13,8885.03,ALTA,84,215.0,Egreso,2025-03-15,Transaction at Aha,Transferencia,107.57,0,Entertainment
21071.12,1711.03,MEDIA,41,1588.82,Egreso,2025-01-28,Transaction at YouTube Premium,Debito,392.54,0,Entertainment
36597.2,9006.5,NULA,1,1682.52,Egreso,2025-01-22,Transaction at Property Tax Online,Transferencia,680.91,0,Bills
32160.79,9466.47,BAJA,23,795.37,Egreso,2025-09-09,Transaction at CloudNine,Transferencia,12445.94,0,Healthcare
17550.1,8112.62,BAJA,55,1556.07,Egreso,2025-09-03,Transaction at Myntra,Transferencia,15727.66,0,Online Shopping
6107.49,9300.99,ALTA,32,626.41,Egreso,2025-11-25,Transaction at PharmEasy,Transferencia,5571.39,0,Healthcare
6481.05,4172.74,NULA,12,689.68,Egreso,2025-08-07,Transaction at Meru Cabs,Transferencia,1666.64,0,Transport
46556.82,9346.3,NULA,51,622.88,Egreso,2025-09-04,Transaction at RedBus,Transferencia,1382.78,0,Transport
23343.58,1596.26,NULA,87,456.08,Egreso,2025-08-22,Transaction at MakeMyTrip,Transferencia,22634.3,0,Travel
5548.13,1432.22,NULA,87,305.2,Egreso,2025-07-15,Transaction at Vodafone Idea,Transferencia,5395.98,0,Bills
27804.36,2364.39,NULA,93,1355.55,Egreso,2025-05-26,Transaction at Reliance Digital,Transferencia,43472.76,0,Electronics
25649.94,6045.86,NULA,91,1737.03,Egreso,2025-10-30,Transaction at Amazon,Credito,3876.08,2,Online Shopping
10798.31,7049.56,ALTA,14,384.82,Egreso,2025-10-21,Transaction at Ola,Debito,424.57,0,Transport
28722.84,1948.39,ALTA,11,171.74,Egreso,2025-04-30,Transaction at Ola,Transferencia,1259.51,0,Transport
32851.7,2860.12,BAJA,54,1587.59,Egreso,2025-05-20,Transaction at Nature's Basket,Transferencia,1609.44,0,Grocery
28233.68,4658.3,ALTA,31,891.45,Egreso,2025-10-15,Transaction at RedBus,Transferencia,1747.17,0,Transport
10890.9,5418.78,BAJA,34,1009.6,Egreso,2025-10-08,Transaction at Zee5,Debito,529.88,0,Entertainment
29838.74,7821.39,ALTA,38,1358.12,Egreso,2025-03-31,Transaction at Star Bazaar,Debito,4830.51,0,Grocery
44124.12,3571.66,ALTA,69,846.63,Egreso,2025-07-11,Transaction at MedPlus,Credito,13757.28,4,Healthcare
9168.69,1829.15,ALTA,53,986.86,Egreso,2025-02-06,Transaction at Woodland,Transferencia,2139.98,0,Clothing
22226.17,8811.61,MEDIA,72,1310.72,Egreso,2025-07-23,Transaction at JioMart,Transferencia,4002.68,0,Grocery
16509.33,3311.8,BAJA,65,721.34,Egreso,2025-08-08,Transaction at Star Bazaar,Credito,2752.44,9,Grocery
33382.01,1546.93,MEDIA,27,171.69,Egreso,2025-01-15,Transaction at PharmEasy,Transferencia,5776.38,0,Healthcare
19386.44,3448.39,MEDIA,89,383.51,Egreso,2025-10-30,Transaction at Meru Cabs,Credito,900.25,4,Transport
49164.22,2539.66,ALTA,82,994.07,Egreso,2025-07-26,Transaction at Jio Fiber,Transferencia,980.09,0,Bills
39235.61,1640.28,MEDIA,28,1403.37,Egreso,2025-02-25,Transaction at Aha,Transferencia,198.56,0,Entertainment
15805.17,8364.34,ALTA,51,1228.52,Egreso,2025-11-02,Transaction at Booking.com,Credito,6633.27,3,Travel
21917.85,2190.82,ALTA,67,1766.63,Egreso,2025-01-21,Transaction at Gas Agency,Debito,4217.19,0,Bills
31910.54,5125.12,BAJA,95,122.26,Egreso,2025-03-18,Transaction at 1mg,Transferencia,18258.39,0,Healthcare
9203.49,1056.5,MEDIA,85,1773.12,Egreso,2025-08-24,Transaction at Noise,Transferencia,58586.71,0,Electronics
24794.55,7858.95,MEDIA,29,290.53,Egreso,2025-05-18,Transaction at Barbeque Nation,Transferencia,1363.56,0,Food
48504.75,7165.86,NULA,92,1274.96,Egreso,2025-08-31,Transaction at YouTube Premium,Transferencia,708.23,0,Entertainment
23406.34,1046.82,BAJA,17,1455.38,Egreso,2025-01-18,Transaction at IRCTC,Debito,1934.66,0,Travel
41758.43,7802.13,MEDIA,87,1628.15,Egreso,2025-06-22,Transaction at Puma,Transferencia,4670.55,0,Clothing
32434.33,5950.26,NULA,37,987.76,Egreso,2025-02-04,Transaction at Yulu Bikes,Debito,118.05,0,Transport
41187.79,6044.0,BAJA,54,924.05,Egreso,2025-03-13,Transaction at Vodafone Idea,Credito,4294.92,11,Bills
6146.33,4728.88,BAJA,9,1765.78,Egreso,2025-03-27,Transaction at BSNL,Debito,4747.5,0,Bills
6099.22,5814.2,BAJA,29,1832.23,Egreso,2025-03-31,Transaction at Ajio,Debito,11844.01,0,Online Shopping
16125.1,3967.52,BAJA,20,1648.79,Egreso,2025-03-29,Transaction at TSRTC,Transferencia,81.96,0,Transport
31515.65,4555.21,ALTA,69,1005.38,Egreso,2025-06-04,Transaction at Goibibo,Transferencia,24721.88,0,Travel
42757.18,6337.36,MEDIA,36,906.52,Egreso,2025-06-06,Transaction at TSRTC,Debito,1730.4,0,Transport
15942.97,7230.03,MEDIA,3,1589.99,Egreso,2025-12-26,Transaction at RedBus,Transferencia,1548.82,0,Transport
49675.47,1630.33,ALTA,81,1719.97,Egreso,2025-09-14,Transaction at Rapido,Credito,640.96,9,Transport
39349.44,9389.01,ALTA,78,199.94,Egreso,2025-01-26,Transaction at Levis,Transferencia,1320.5,0,Clothing
33048.71,6270.48,ALTA,37,1034.36,Egreso,2025-06-09,Transaction at Pantaloons,Transferencia,6176.74,0,Clothing
33042.25,2858.6,MEDIA,97,785.51,Egreso,2025-08-18,Transaction at MakeMyTrip,Transferencia,29776.72,0,Travel
9165.46,5236.26,ALTA,7,371.06,Egreso,2025-08-16,Transaction at Nilgiris,Credito,899.44,1,Grocery
9108.25,1390.63,NULA,46,1001.26,Egreso,2025-04-30,Transaction at RedBus,Credito,805.75,11,Transport
6320.48,1657.49,MEDIA,84,1144.9,Egreso,2025-06-03,Transaction at Woodland,Debito,3153.49,0,Clothing
45648.83,2490.15,MEDIA,34,1559.76,Egreso,2025-10-03,Transaction at Vodafone Idea,Debito,2804.09,0,Bills
34231.88,8210.91,MEDIA,54,1475.03,Egreso,2025-09-12,Transaction at DMart,Transferencia,4547.68,0,Grocery
29318.82,3446.26,BAJA,82,1645.57,Egreso,2025-05-24,Transaction at Pantaloons,Transferencia,3673.58,0,Clothing
15097.22,8022.28,MEDIA,27,819.54,Egreso,2025-09-12,Transaction at Tata Cliq,Transferencia,18690.13,0,Online Shopping
7866.09,7464.89,ALTA,21,390.16,Egreso,2025-03-21,Transaction at Adidas,Transferencia,838.1,0,Clothing
9954.3,3258.46,NULA,22,975.75,Egreso,2025-05-15,Transaction at Uber,Credito,579.22,11,Transport
27835.82,6444.08,MEDIA,71,857.74,Egreso,2025-04-01,Transaction at Starbucks,Debito,1300.15,0,Food
10377.86,3885.12,NULA,51,223.68,Egreso,2025-01-01,Transaction at Ajio,Transferencia,5498.73,0,Online Shopping
23101.98,9383.39,BAJA,51,1262.15,Egreso,2025-10-17,Transaction at Boat Lifestyle,Transferencia,60132.27,0,Electronics
37736.96,1370.44,NULA,7,194.82,Egreso,2025-07-10,Transaction at PharmEasy,Transferencia,10888.31,0,Healthcare
26432.8,4765.07,MEDIA,79,1342.68,Egreso,2025-10-18,Transaction at Starbucks,Transferencia,1131.35,0,Food
44620.79,3716.42,NULA,87,496.5,Egreso,2025-07-02,Transaction at Fortis,Credito,15477.23,9,Healthcare
27695.6,7461.73,MEDIA,0,123.87,Egreso,2025-11-15,Transaction at Booking.com,Transferencia,21755.52,0,Travel
37186.58,3154.18,ALTA,78,1098.56,Egreso,2025-12-26,Transaction at Burger King,Transferencia,498.67,0,Food
6959.95,7981.25,BAJA,83,1028.07,Egreso,2025-06-17,Transaction at Gas Agency,Transferencia,751.96,0,Bills
40460.23,1441.9,ALTA,8,1476.72,Egreso,2025-10-30,Transaction at Pepperfry,Transferencia,11193.58,0,Online Shopping
17737.82,9657.68,MEDIA,84,1182.37,Egreso,2025-05-09,Transaction at Zara,Credito,5661.73,11,Clothing
46955.9,2212.27,NULA,72,142.24,Egreso,2025-01-11,Transaction at Yatra,Debito,13976.61,0,Travel
9086.7,5446.41,ALTA,49,1452.0,Egreso,2025-02-14,Transaction at ACT Fibernet,Transferencia,4036.36,0,Bills
27565.21,8667.06,ALTA,5,1876.55,Egreso,2025-05-22,Transaction at RedBus,Transferencia,1333.54,0,Transport
35104.76,5979.97,MEDIA,63,777.16,Egreso,2025-07-30,Transaction at Reliance Fresh,Transferencia,2811.39,0,Grocery
28414.64,1278.75,NULA,58,1635.83,Egreso,2025-12-01,Transaction at Ola,Debito,1688.61,0,Transport
47383.4,6007.07,MEDIA,96,704.97,Egreso,2025-02-08,Transaction at Allen Solly,Transferencia,3417.7,0,Clothing
10754.64,6262.96,ALTA,3,1292.07,Egreso,2025-12-04,Transaction at DMart,Debito,654.79,0,Grocery
9105.39,4909.83,MEDIA,88,667.65,Egreso,2025-09-02,Transaction at Pantaloons,Transferencia,3852.66,0,Clothing
48392.92,1190.28,BAJA,13,1505.85,Egreso,2025-03-30,Transaction at Kauvery,Debito,19485.5,0,Healthcare
8502.64,5346.53,NULA,87,702.54,Egreso,2025-10-20,Transaction at Fortis,Transferencia,365.36,0,Healthcare
39522.22,1070.27,NULA,86,1215.3,Egreso,2025-05-22,Transaction at Metro Rail,Credito,1071.56,9,Transport
20806.58,3585.86,ALTA,21,386.9,Egreso,2025-08-06,Transaction at More Supermarket,Credito,4546.52,2,Grocery
42548.57,8229.49,MEDIA,0,183.39,Egreso,2025-11-07,Transaction at Burger King,Credito,461.6,2,Food
46890.42,1403.87,BAJA,79,315.15,Egreso,2025-10-25,Transaction at Aster,Transferencia,19392.87,0,Healthcare
25904.24,4593.82,BAJA,9,1635.06,Egreso,2025-06-29,Transaction at Booking.com,Debito,5290.81,0,Travel
10641.11,4406.75,ALTA,34,338.37,Egreso,2025-12-08,Transaction at Apollo Pharmacy,Debito,7219.41,0,Healthcare
26189.4,7733.53,BAJA,59,383.04,Egreso,2025-07-24,Transaction at Lenskart,Debito,12193.8,0,Online Shopping
25725.89,1030.82,NULA,53,860.24,Egreso,2025-02-12,Transaction at Yatra,Transferencia,17482.79,0,Travel
41897.15,7585.45,ALTA,47,1655.18,Egreso,2025-01-13,Transaction at Lenskart,Transferencia,6210.38,0,Online Shopping
47778.01,6951.59,NULA,47,1536.63,Egreso,2025-03-01,Transaction at Lenskart,Transferencia,6578.53,0,Online Shopping
6842.72,3908.02,BAJA,3,1593.39,Egreso,2025-10-08,Transaction at Sony Center,Debito,54020.59,0,Electronics
14143.94,9183.37,MEDIA,16,345.75,Egreso,2025-10-22,Transaction at Rapido,Transferencia,1975.11,0,Transport
32168.48,7307.85,ALTA,68,1279.94,Egreso,2025-05-31,Transaction at Apple Store,Debito,66825.91,0,Electronics
12235.91,7974.59,ALTA,77,691.15,Egreso,2025-08-17,Transaction at Starbucks,Transferencia,197.18,0,Food
36361.27,6133.66,NULA,44,1315.43,Egreso,2025-12-26,Transaction at Netmeds,Debito,14543.88,0,Healthcare
15985.35,6038.0,NULA,36,1950.54,Egreso,2025-09-29,Transaction at Woodland,Transferencia,2901.84,0,Clothing
49980.28,1059.43,BAJA,14,676.24,Egreso,2025-05-18,Transaction at Ajio,Debito,9955.31,0,Online Shopping
38096.9,8758.77,MEDIA,97,243.4,Egreso,2025-07-16,Transaction at Burger King,Transferencia,535.35,0,Food
30693.52,4312.61,MEDIA,92,602.44,Egreso,2025-04-15,Transaction at Max Fashion,Transferencia,6633.0,0,Clothing
35972.3,2272.42,NULA,59,1200.15,Egreso,2025-09-15,Transaction at Cream Stone,Credito,1167.14,4,Food
6615.81,5443.25,BAJA,58,267.42,Egreso,2025-07-25,Transaction at Subway,Transferencia,728.22,0,Food
34715.68,6853.79,MEDIA,27,1189.68,Egreso,2025-11-18,Transaction at IndiGo,Credito,7252.87,8,Travel
37555.94,3504.04,BAJA,31,1303.78,Egreso,2025-11-22,Transaction at More Supermarket,Transferencia,1113.32,0,Grocery
20879.14,6782.02,BAJA,10,1202.97,Egreso,2025-01-18,Transaction at BMTC,Transferencia,992.67,0,Transport
31537.8,2066.73,ALTA,13,491.12,Egreso,2025-01-30,Transaction at IndiGo,Credito,17060.31,3,Travel
11874.27,8820.44,MEDIA,5,146.63,Egreso,2025-08-25,Transaction at More Supermarket,Credito,4446.9,5,Grocery
20016.48,8661.62,BAJA,79,956.49,Egreso,2025-06-13,Transaction at Netmeds,Transferencia,16857.57,0,Healthcare
11202.55,1251.86,MEDIA,17,1654.78,Egreso,2025-01-16,Transaction at Paradise Biryani,Transferencia,423.75,0,Food
48092.69,1072.84,NULA,69,321.17,Egreso,2025-09-17,Transaction at Reliance Fresh,Transferencia,847.25,0,Grocery
36229.85,3215.34,MEDIA,74,1579.38,Egreso,2025-10-13,Transaction at CCD,Debito,1402.66,0,Food
8641.57,3915.19,MEDIA,59,951.2,Egreso,2025-09-29,Transaction at BSNL,Credito,348.81,8,Bills
44088.2,3098.21,NULA,3,1545.68,Egreso,2025-07-31,Transaction at Pizza Hut,Transferencia,392.95,0,Food
6080.31,3307.79,NULA,94,1815.75,Egreso,2025-08-19,Transaction at Pepperfry,Credito,13212.32,7,Online Shopping
43065.21,5092.48,MEDIA,18,255.64,Egreso,2025-07-02,Transaction at Yatra,Transferencia,24472.82,0,Travel
7246.84,5917.86,NULA,23,1507.55,Egreso,2025-02-09,Transaction at Apple Store,Transferencia,16487.88,0,Electronics
45169.5,2194.41,NULA,11,633.56,Egreso,2025-02-03,Transaction at Myntra,Credito,15185.66,7,Online Shopping
6847.53,8561.72,ALTA,59,1763.76,Egreso,2025-04-30,Transaction at Pizza Hut,Debito,1068.38,0,Food
6374.93,1850.86,NULA,41,1202.8,Egreso,2025-07-22,Transaction at Aster,Transferencia,9899.7,0,Healthcare
26718.18,6031.77,ALTA,43,167.81,Egreso,2025-11-06,Transaction at MakeMyTrip,Debito,22872.85,0,Travel
47714.01,2685.6,BAJA,43,1479.99,Egreso,2025-09-28,Transaction at Dell Exclusive,Debito,104449.56,0,Electronics
15761.51,8097.04,ALTA,24,1600.36,Egreso,2025-07-20,Transaction at Nilgiris,Credito,3547.53,7,Grocery
8595.15,3813.22,BAJA,25,961.86,Egreso,2025-03-03,Transaction at Uber,Transferencia,1617.31,0,Transport
39237.72,8219.71,NULA,82,1832.41,Egreso,2025-03-14,Transaction at Ola,Transferencia,1404.38,0,Transport
27720.64,3807.13,MEDIA,65,418.78,Egreso,2025-01-15,Transaction at Airtel,Transferencia,5512.67,0,Bills
39334.6,4378.8,ALTA,83,1883.76,Egreso,2025-01-20,Transaction at Nykaa,Debito,4779.87,0,Online Shopping
23783.53,6057.91,BAJA,53,670.06,Egreso,2025-03-11,Transaction at Pepperfry,Debito,16596.61,0,Online Shopping
7661.6,2666.52,MEDIA,9,370.38,Egreso,2025-10-16,Transaction at Apollo Hospital,Transferencia,14721.6,0,Healthcare
46543.52,3253.19,NULA,37,427.12,Egreso,2025-04-20,Transaction at DMart,Debito,4123.27,0,Grocery
12673.05,3823.33,MEDIA,23,1910.59,Egreso,2025-06-15,Transaction at CloudNine,Debito,906.36,0,Healthcare
35131.52,6098.96,ALTA,4,486.59,Egreso,2025-02-02,Transaction at Nykaa,Transferencia,10315.71,0,Online Shopping
10224.26,8968.66,BAJA,52,1195.54,Egreso,2025-10-29,Transaction at Aha,Debito,380.12,0,Entertainment
22461.94,1778.57,MEDIA,78,1487.91,Egreso,2025-01-05,Transaction at KFC,Transferencia,382.31,0,Food
7089.98,1809.82,ALTA,86,995.34,Egreso,2025-01-31,Transaction at Pantaloons,Transferencia,1233.27,0,Clothing
30421.17,6872.04,MEDIA,46,612.01,Egreso,2025-09-15,Transaction at Myntra,Credito,7822.9,6,Online Shopping
23027.08,5626.13,MEDIA,32,1904.19,Egreso,2025-04-30,Transaction at PharmEasy,Transferencia,10855.45,0,Healthcare
11860.71,9522.49,BAJA,54,1602.41,Egreso,2025-12-17,Transaction at Nykaa,Debito,6908.93,0,Online Shopping
33619.94,2658.97,BAJA,21,412.97,Egreso,2025-03-30,Transaction at Apollo Hospital,Transferencia,5087.79,0,Healthcare
10265.51,8827.43,BAJA,12,1914.19,Egreso,2025-07-08,Transaction at Yulu Bikes,Debito,892.77,0,Transport
38091.09,4075.47,ALTA,33,1854.73,Egreso,2025-01-15,Transaction at Uber,Transferencia,1864.78,0,Transport
48138.07,8862.64,ALTA,42,1940.08,Egreso,2025-10-31,Transaction at Nature's Basket,Transferencia,3555.52,0,Grocery
10353.12,9443.96,BAJA,14,1745.07,Egreso,2025-04-19,Transaction at Nykaa,Debito,3187.78,0,Online Shopping
12983.75,7213.99,MEDIA,51,730.16,Egreso,2025-05-15,Transaction at Apple Store,Debito,58234.78,0,Electronics
44749.36,4089.32,ALTA,95,1649.05,Egreso,2025-09-04,Transaction at Gas Agency,Debito,5066.02,0,Bills
36830.71,2313.86,NULA,75,168.71,Egreso,2025-03-03,Transaction at MakeMyTrip,Transferencia,9867.95,0,Travel
29550.62,9466.67,ALTA,28,1084.86,Egreso,2025-12-23,Transaction at Amazon,Credito,13451.57,4,Online Shopping
46861.67,8270.58,ALTA,57,1676.19,Egreso,2025-08-19,Transaction at Woodland,Debito,3071.0,0,Clothing
49900.42,8493.37,NULA,28,671.21,Egreso,2025-06-06,Transaction at More Supermarket,Transferencia,2396.05,0,Grocery
47099.2,8674.54,MEDIA,5,553.2,Egreso,2025-01-28,Transaction at Nilgiris,Credito,3080.4,7,Grocery
43075.1,1982.13,NULA,65,1608.57,Egreso,2025-09-23,Transaction at Ola,Credito,1997.82,3,Transport
42219.91,7923.87,BAJA,14,443.73,Egreso,2025-10-13,Transaction at CloudNine,Transferencia,12977.61,0,Healthcare
25441.95,4000.85,MEDIA,98,390.98,Egreso,2025-11-10,Transaction at AirAsia,Transferencia,3292.84,0,Travel
17567.5,1804.14,BAJA,96,1901.54,Egreso,2025-10-09,Transaction at Gas Agency,Transferencia,5731.87,0,Bills
43634.29,4471.25,NULA,83,1407.31,Egreso,2025-09-27,Transaction at Netmeds,Transferencia,17195.06,0,Healthcare
25451.48,7931.95,BAJA,61,1633.97,Egreso,2025-01-08,Transaction at Saravana Bhavan,Transferencia,327.3,0,Food
29494.63,2483.02,NULA,48,784.94,Egreso,2025-06-15,Transaction at Woodland,Transferencia,5389.45,0,Clothing
49063.7,7787.21,BAJA,46,1064.99,Egreso,2025-09-18,Transaction at YouTube Premium,Credito,389.03,6,Entertainment
14880.04,2005.85,ALTA,84,1459.71,Egreso,2025-01-15,Transaction at Aster,Transferencia,17478.4,0,Healthcare
31144.98,7430.16,NULA,1,420.35,Egreso,2025-08-18,Transaction at Vistara,Transferencia,21276.36,0,Travel
44588.04,8574.96,NULA,43,377.61,Egreso,2025-09-12,Transaction at H&M,Transferencia,2669.76,0,Clothing
25886.05,9243.9,NULA,12,1936.27,Egreso,2025-07-31,Transaction at Air India,Transferencia,6070.58,0,Travel
39105.81,1977.22,MEDIA,56,617.37,Egreso,2025-09-26,Transaction at Gaana,Transferencia,445.77,0,Entertainment
18791.14,8079.59,ALTA,2,1857.6,Egreso,2025-12-27,Transaction at Dell Exclusive,Transferencia,130033.36,0,Electronics
39283.5,4568.64,MEDIA,37,601.98,Egreso,2025-09-28,Transaction at Property Tax Online,Transferencia,2568.45,0,Bills
29481.79,6838.78,ALTA,96,1208.7,Egreso,2025-01-19,Transaction at Property Tax Online,Debito,2057.39,0,Bills
42671.22,6504.96,ALTA,19,920.58,Egreso,2025-10-14,Transaction at Aster,Debito,808.63,0,Healthcare
40921.8,8459.96,MEDIA,74,784.59,Egreso,2025-11-04,Transaction at Yulu Bikes,Credito,449.03,11,Transport
26418.08,3589.51,MEDIA,59,1359.49,Egreso,2025-02-04,Transaction at Booking.com,Transferencia,26369.8,0,Travel
18731.28,1305.63,ALTA,97,293.69,Egreso,2025-05-17,Transaction at Nilgiris,Debito,4801.44,0,Grocery
24108.52,5809.25,ALTA,70,1090.83,Egreso,2025-07-10,Transaction at Jio Fiber,Debito,718.97,0,Bills
41194.93,1766.88,BAJA,66,1397.89,Egreso,2025-06-20,Transaction at Airtel,Debito,5422.72,0,Bills
5786.62,6915.22,MEDIA,1,1949.39,Egreso,2025-07-12,Transaction at Goibibo,Transferencia,25723.78,0,Travel
33392.62,6395.05,NULA,17,1679.41,Egreso,2025-10-12,Transaction at Nike,Transferencia,5365.26,0,Clothing
24305.25,1832.64,ALTA,10,828.12,Egreso,2025-08-02,Transaction at Gas Agency,Credito,3518.38,11,Bills
40732.07,8680.86,BAJA,72,935.65,Egreso,2025-09-22,Transaction at Gaana,Transferencia,535.58,0,Entertainment
35446.61,5406.82,ALTA,33,1976.36,Egreso,2025-10-18,Transaction at BMTC,Transferencia,101.56,0,Transport
12669.47,1168.93,NULA,90,1916.3,Egreso,2025-10-29,Transaction at Airtel,Debito,814.45,0,Bills
25910.3,1894.21,BAJA,74,1488.38,Egreso,2025-05-17,Transaction at Reliance Fresh,Credito,1944.6,3,Grocery
41982.48,6446.57,ALTA,4,1561.94,Egreso,2025-09-29,Transaction at Aster,Credito,6910.95,5,Healthcare
31656.41,2692.9,ALTA,74,1323.52,Egreso,2025-08-10,Transaction at Rapido,Transferencia,254.21,0,Transport
39116.22,5815.98,NULA,71,1291.29,Egreso,2025-09-19,Transaction at Nature's Basket,Transferencia,862.54,0,Grocery
5193.69,8532.26,ALTA,55,891.54,Egreso,2025-12-28,Transaction at Ajio,Transferencia,6704.3,0,Online Shopping
46235.26,9480.54,NULA,0,1760.69,Egreso,2025-10-14,Transaction at Spencers,Transferencia,2192.43,0,Grocery
42326.6,5397.39,ALTA,25,1063.58,Egreso,2025-07-24,Transaction at Star Bazaar,Credito,4947.12,4,Grocery
10978.33,8123.6,ALTA,88,1692.35,Egreso,2025-02-04,Transaction at OYO,Credito,28139.21,11,Travel
45280.72,5517.3,NULA,6,680.32,Egreso,2025-12-28,Transaction at Jio Fiber,Credito,3134.8,4,Bills
39234.91,3917.99,NULA,76,332.36,Egreso,2025-01-02,Transaction at Vistara,Debito,9301.83,0,Travel
48261.2,4968.8,MEDIA,49,1874.73,Egreso,2025-04-19,Transaction at Spencers,Transferencia,3582.07,0,Grocery
41144.63,7395.08,NULA,8,1649.15,Egreso,2025-01-18,Transaction at MedPlus,Transferencia,11607.54,0,Healthcare
40257.59,6695.35,BAJA,31,1180.61,Egreso,2025-11-21,Transaction at Spencers,Transferencia,3902.53,0,Grocery
9925.1,8026.95,ALTA,76,1356.3,Egreso,2025-09-18,Transaction at Apollo Hospital,Credito,6683.48,5,Healthcare
6305.11,8082.29,MEDIA,90,500.64,Egreso,2025-05-15,Transaction at PharmEasy,Transferencia,14837.1,0,Healthcare
27544.14,5893.69,MEDIA,98,776.79,Egreso,2025-07-13,Transaction at Goibibo,Transferencia,20714.91,0,Travel
37728.0,4033.4,NULA,65,776.59,Egreso,2025-02-26,Transaction at Nature's Basket,Debito,4836.91,0,Grocery
7086.44,2290.58,NULA,4,1365.18,Egreso,2025-03-09,Transaction at Cream Stone,Transferencia,631.19,0,Food
37986.64,4976.3,BAJA,70,268.59,Egreso,2025-01-28,Transaction at OnePlus,Transferencia,13142.52,0,Electronics
12825.03,5492.22,BAJA,79,637.13,Egreso,2025-06-30,Transaction at Kauvery,Transferencia,1460.66,0,Healthcare
12703.27,8725.13,NULA,14,842.52,Egreso,2025-03-25,Transaction at Sony Center,Transferencia,40161.96,0,Electronics
22127.61,5552.48,ALTA,42,1655.04,Egreso,2025-02-06,Transaction at Samsung Store,Credito,51097.13,5,Electronics
49642.77,4499.46,ALTA,56,1372.33,Egreso,2025-04-14,Transaction at Tata Cliq,Transferencia,8230.63,0,Online Shopping
21413.06,1033.57,BAJA,89,561.5,Egreso,2025-01-28,Transaction at Kauvery,Transferencia,14054.12,0,Healthcare
45954.35,8287.43,MEDIA,86,1148.0,Egreso,2025-06-20,Transaction at MakeMyTrip,Transferencia,29777.45,0,Travel
20349.06,6680.95,NULA,10,1317.99,Egreso,2025-06-21,Transaction at PharmEasy,Transferencia,14470.05,0,Healthcare
36106.38,6715.99,NULA,40,973.13,Egreso,2025-07-11,Transaction at Reliance Fresh,Transferencia,1009.31,0,Grocery
36244.1,3652.2,NULA,86,518.34,Egreso,2025-07-09,Transaction at Yatra,Debito,28311.65,0,Travel
45686.83,7011.44,MEDIA,33,1805.93,Egreso,2025-12-18,Transaction at Yatra,Credito,22569.38,7,Travel
45850.05,4340.49,MEDIA,98,1397.59,Egreso,2025-07-06,Transaction at 1mg,Transferencia,16972.04,0,Healthcare
20937.35,5110.16,BAJA,98,1062.49,Egreso,2025-02-04,Transaction at Apollo Pharmacy,Credito,19302.71,11,Healthcare
48718.4,8709.5,BAJA,31,777.03,Egreso,2025-09-11,Transaction at Pepperfry,Transferencia,4407.44,0,Online Shopping
34846.23,6103.97,ALTA,22,568.99,Egreso,2025-11-04,Transaction at Aha,Transferencia,908.46,0,Entertainment
9222.02,6306.52,NULA,43,910.96,Egreso,2025-03-29,Transaction at JioMart,Debito,4917.9,0,Grocery
35444.82,7568.27,BAJA,6,1916.4,Egreso,2025-09-14,Transaction at Amazon,Transferencia,14394.1,0,Online Shopping
5297.46,6631.63,BAJA,33,682.1,Egreso,2025-04-24,Transaction at HP World,Debito,149737.72,0,Electronics
17573.42,4415.51,BAJA,95,1834.47,Egreso,2025-04-13,Transaction at Subway,Transferencia,190.21,0,Food
42288.22,1908.57,NULA,76,1773.5,Egreso,2025-04-24,Transaction at Kauvery,Credito,10903.44,3,Healthcare
47131.77,3410.74,NULA,91,696.43,Egreso,2025-01-15,Transaction at Air India,Transferencia,24302.68,0,Travel
14947.4,8301.09,NULA,3,1848.24,Egreso,2025-06-13,Transaction at BigBazaar,Credito,2836.19,11,Grocery
27967.95,1629.39,ALTA,64,1344.2,Egreso,2025-12-20,Transaction at Hotstar,Debito,900.84,0,Entertainment
24639.77,8917.81,BAJA,19,1120.78,Egreso,2025-03-21,Transaction at 1mg,Transferencia,15204.26,0,Healthcare
28471.82,9893.24,MEDIA,57,654.18,Egreso,2025-02-05,Transaction at Star Bazaar,Debito,1285.22,0,Grocery
36108.8,1219.53,NULA,34,1392.0,Egreso,2025-07-13,Transaction at Wrogn,Credito,974.87,1,Clothing
36195.72,6566.05,ALTA,85,1698.53,Egreso,2025-01-01,Transaction at Samsung Store,Debito,80349.08,0,Electronics
39003.42,2107.79,MEDIA,10,1529.86,Egreso,2025-06-10,Transaction at H&M,Credito,4317.22,11,Clothing
48350.09,5830.95,BAJA,60,1993.84,Egreso,2025-08-16,Transaction at Apple Music,Transferencia,592.6,0,Entertainment
28740.25,9156.41,ALTA,51,1226.87,Egreso,2025-06-05,Transaction at Noise,Debito,144086.65,0,Electronics
34868.69,1529.16,ALTA,41,835.38,Egreso,2025-11-24,Transaction at Fortis,Debito,13293.8,0,Healthcare
12079.89,9195.48,NULA,16,421.94,Egreso,2025-01-23,Transaction at Nykaa,Transferencia,3597.61,0,Online Shopping
10100.7,9159.24,BAJA,25,406.69,Egreso,2025-04-19,Transaction at Property Tax Online,Transferencia,1087.45,0,Bills
26301.47,3121.67,ALTA,26,1123.67,Egreso,2025-09-10,Transaction at Biba,Transferencia,5105.39,0,Clothing
18168.78,3038.03,ALTA,10,624.38,Egreso,2025-04-20,Transaction at Gaana,Transferencia,233.56,0,Entertainment
42151.5,3856.36,BAJA,10,1551.63,Egreso,2025-07-02,Transaction at OYO,Transferencia,23865.42,0,Travel
37417.57,6689.99,MEDIA,8,139.23,Egreso,2025-11-23,Transaction at Taco Bell,Credito,403.3,11,Food
45978.63,4248.24,NULA,46,1646.12,Egreso,2025-11-23,Transaction at Snapdeal,Credito,19042.46,3,Online Shopping
31830.4,7095.81,NULA,18,542.16,Egreso,2025-11-04,Transaction at HP World,Transferencia,59631.5,0,Electronics
40922.25,7081.35,BAJA,22,921.47,Egreso,2025-01-25,Transaction at Apollo Hospital,Transferencia,11976.63,0,Healthcare
20441.95,3699.5,ALTA,67,1999.31,Egreso,2025-10-22,Transaction at Dominos,Debito,1390.94,0,Food
15296.76,5214.57,BAJA,87,472.01,Egreso,2025-05-30,Transaction at IndiGo,Credito,4772.74,3,Travel
13438.66,5904.88,BAJA,26,1514.75,Egreso,2025-01-25,Transaction at BSNL,Transferencia,1481.87,0,Bills
48822.29,1321.99,BAJA,11,903.97,Egreso,2025-12-09,Transaction at KFC,Debito,632.24,0,Food
8427.44,7008.57,NULA,24,1597.23,Egreso,2025-04-19,Transaction at Uber,Transferencia,1840.26,0,Transport
30245.69,6936.93,MEDIA,77,975.79,Egreso,2025-12-20,Transaction at Gaana,Credito,990.95,4,Entertainment
41314.31,3266.71,BAJA,39,353.04,Egreso,2025-05-31,Transaction at Croma,Debito,42530.06,0,Electronics
25806.78,3023.1,ALTA,19,814.95,Egreso,2025-01-06,Transaction at Paradise Biryani,Debito,1472.64,0,Food
33956.75,9564.79,NULA,77,626.36,Egreso,2025-01-20,Transaction at IRCTC,Credito,22200.5,4,Travel
19209.35,6832.64,MEDIA,77,894.0,Egreso,2025-01-17,Transaction at Reliance Digital,Debito,109954.77,0,Electronics
49134.82,6621.61,BAJA,69,1579.04,Egreso,2025-02-17,Transaction at Starbucks,Transferencia,1115.86,0,Food
34271.96,1726.35,MEDIA,49,368.51,Egreso,2025-02-03,Transaction at Goibibo,Transferencia,28511.08,0,Travel
38742.9,3669.09,ALTA,2,463.29,Egreso,2025-01-09,Transaction at Pantaloons,Transferencia,1930.43,0,Clothing
26946.61,2729.64,NULA,19,339.72,Egreso,2025-02-23,Transaction at H&M,Debito,2857.34,0,Clothing
48924.96,2988.97,ALTA,61,1713.22,Egreso,2025-03-09,Transaction at RedBus,Transferencia,1303.8,0,Transport
9182.76,4264.65,MEDIA,16,1177.47,Egreso,2025-11-25,Transaction at DMart,Debito,1012.73,0,Grocery
43684.01,3397.84,MEDIA,50,659.36,Egreso,2025-11-04,Transaction at More Supermarket,Credito,1326.36,9,Grocery
25995.45,8947.12,MEDIA,53,1081.51,Egreso,2025-12-18,Transaction at Fortis,Debito,12808.11,0,Healthcare
35193.1,2299.89,ALTA,22,1987.89,Egreso,2025-11-02,Transaction at Nykaa,Debito,18245.85,0,Online Shopping
14056.62,7764.69,MEDIA,95,1000.39,Egreso,2025-04-16,Transaction at Uber,Debito,407.9,0,Transport
38512.23,7816.8,MEDIA,46,1908.7,Egreso,2025-01-20,Transaction at Vodafone Idea,Credito,3108.8,8,Bills
5972.25,2757.43,ALTA,9,695.75,Egreso,2025-02-14,Transaction at Yulu Bikes,Credito,1268.17,3,Transport
48575.8,3030.4,MEDIA,46,1703.11,Egreso,2025-02-04,Transaction at Water Board,Credito,5300.32,2,Bills
17655.73,4349.48,ALTA,78,1587.14,Egreso,2025-04-27,Transaction at Jio Fiber,Debito,2960.55,0,Bills
9803.08,6003.26,ALTA,89,139.12,Egreso,2025-09-12,Transaction at Mi Store,Transferencia,112938.2,0,Electronics
42043.1,4161.22,NULA,29,964.92,Egreso,2025-07-05,Transaction at IndiGo,Transferencia,15148.78,0,Travel
40392.95,8468.04,BAJA,84,1337.34,Egreso,2025-10-08,Transaction at Spencers,Credito,1631.56,11,Grocery
38391.93,2392.84,ALTA,97,672.35,Egreso,2025-04-24,Transaction at Sony Center,Transferencia,27941.79,0,Electronics
14045.84,8193.2,ALTA,28,401.78,Egreso,2025-11-09,Transaction at Yulu Bikes,Debito,794.88,0,Transport
33502.01,9244.05,MEDIA,81,1865.74,Egreso,2025-01-25,Transaction at Biba,Transferencia,7546.51,0,Clothing
46302.57,7399.27,BAJA,95,211.6,Egreso,2025-02-01,Transaction at Allen Solly,Debito,2618.3,0,Clothing
33252.25,7637.51,BAJA,84,1897.72,Egreso,2025-01-22,Transaction at Jio Fiber,Transferencia,744.81,0,Bills
28075.3,5165.42,NULA,89,701.28,Egreso,2025-07-21,Transaction at Jio Fiber,Debito,5435.64,0,Bills
36119.98,4884.36,ALTA,62,756.22,Egreso,2025-05-24,Transaction at Booking.com,Credito,12485.16,10,Travel
37520.96,7662.05,BAJA,98,225.99,Egreso,2025-02-07,Transaction at Metro Rail,Transferencia,1683.69,0,Transport
16264.49,2562.2,ALTA,47,1086.11,Egreso,2025-11-20,Transaction at YouTube Premium,Transferencia,448.53,0,Entertainment
29524.43,8283.28,ALTA,54,345.84,Egreso,2025-05-02,Transaction at Myntra,Debito,11515.37,0,Online Shopping
43673.56,7551.42,ALTA,96,600.57,Egreso,2025-04-23,Transaction at Adidas,Transferencia,7725.96,0,Clothing
43532.34,1751.83,ALTA,12,938.05,Egreso,2025-03-03,Transaction at Kauvery,Debito,2448.71,0,Healthcare
41907.31,2584.26,MEDIA,86,1783.46,Egreso,2025-11-11,Transaction at Amazon Prime,Transferencia,734.31,0,Entertainment
44859.1,8820.15,BAJA,17,854.47,Egreso,2025-04-30,Transaction at Aster,Transferencia,13363.26,0,Healthcare
6366.06,2412.44,NULA,7,437.43,Egreso,2025-01-09,Transaction at Water Board,Debito,731.57,0,Bills
34722.16,7405.08,MEDIA,43,658.59,Egreso,2025-05-21,Transaction at Netmeds,Debito,18056.25,0,Healthcare
8446.38,1276.98,MEDIA,57,1092.87,Egreso,2025-07-25,Transaction at CloudNine,Debito,4892.21,0,Healthcare
15376.97,4570.17,NULA,16,420.19,Egreso,2025-01-10,Transaction at More Supermarket,Credito,2453.33,7,Grocery
28497.07,7726.74,NULA,76,1260.78,Egreso,2025-07-29,Transaction at Reliance Digital,Transferencia,89030.59,0,Electronics
33368.19,5523.24,ALTA,18,1814.49,Egreso,2025-06-01,Transaction at Nature's Basket,Debito,1505.75,0,Grocery
16071.28,5416.18,ALTA,50,1492.7,Egreso,2025-08-24,Transaction at TNEB,Debito,2486.92,0,Bills
16761.92,5786.04,ALTA,69,1413.89,Egreso,2025-09-06,Transaction at Snapdeal,Credito,14632.87,4,Online Shopping
37262.86,2179.21,BAJA,26,1533.63,Egreso,2025-10-11,Transaction at BigBazaar,Credito,2948.11,2,Grocery
6513.85,1296.72,ALTA,59,1399.14,Egreso,2025-05-31,Transaction at PharmEasy,Debito,13371.7,0,Healthcare
13549.92,5873.54,ALTA,96,1440.95,Egreso,2025-02-01,Transaction at Levis,Credito,7718.82,7,Clothing
36636.09,5862.4,MEDIA,83,1815.62,Egreso,2025-07-30,Transaction at US Polo,Transferencia,5929.84,0,Clothing
36903.15,5630.02,BAJA,77,1050.15,Egreso,2025-08-23,Transaction at More Supermarket,Debito,3923.54,0,Grocery
32579.93,1548.07,MEDIA,56,1501.1,Egreso,2025-12-16,Transaction at Jio Fiber,Credito,2638.17,9,Bills
27593.69,1904.71,BAJA,6,1341.07,Egreso,2025-02-28,Transaction at Yatra,Transferencia,23894.56,0,Travel
45415.17,8842.25,MEDIA,7,1544.67,Egreso,2025-05-23,Transaction at SonyLiv,Transferencia,476.07,0,Entertainment
48408.85,6690.38,NULA,58,1525.3,Egreso,2025-09-19,Transaction at Reliance Fresh,Transferencia,3386.27,0,Grocery
35890.12,7836.76,BAJA,56,1937.1,Egreso,2025-12-26,Transaction at Amazon,Credito,13229.24,1,Online Shopping
23830.49,1821.71,BAJA,69,178.53,Egreso,2025-04-02,Transaction at Yatra,Transferencia,11768.24,0,Travel
13519.66,2654.12,NULA,71,1911.8,Egreso,2025-03-24,Transaction at RedBus,Transferencia,1436.04,0,Transport
5433.8,6015.64,ALTA,26,970.35,Egreso,2025-02-18,Transaction at Puma,Credito,5820.47,8,Clothing
30047.51,7396.95,MEDIA,99,534.2,Egreso,2025-08-30,Transaction at Metro Rail,Transferencia,746.04,0,Transport
6064.1,4039.09,MEDIA,84,214.72,Egreso,2025-01-12,Transaction at Nilgiris,Debito,2467.04,0,Grocery
39561.91,3057.43,BAJA,82,458.67,Egreso,2025-09-11,Transaction at Woodland,Transferencia,744.37,0,Clothing
6610.94,4840.66,ALTA,39,104.36,Egreso,2025-03-05,Transaction at Nike,Debito,1144.68,0,Clothing
5650.23,4379.81,BAJA,32,1035.69,Egreso,2025-09-11,Transaction at Chai Point,Debito,389.56,0,Food
38422.3,1899.09,NULA,42,1251.73,Egreso,2025-02-15,Transaction at Yulu Bikes,Transferencia,1065.93,0,Transport
5864.05,4026.99,MEDIA,93,1601.93,Egreso,2025-08-20,Transaction at Uber,Transferencia,1060.96,0,Transport
13920.25,4495.1,MEDIA,36,219.21,Egreso,2025-01-17,Transaction at Airtel,Transferencia,2123.18,0,Bills
37751.23,4757.93,BAJA,97,1210.87,Egreso,2025-02-04,Transaction at Adidas,Transferencia,6073.11,0,Clothing
35314.93,6408.03,BAJA,30,668.77,Egreso,2025-03-04,Transaction at Samsung Store,Transferencia,15617.34,0,Electronics
46080.43,5150.06,BAJA,61,511.74,Egreso,2025-03-24,Transaction at Jio Fiber,Transferencia,1548.83,0,Bills
23460.11,2429.06,MEDIA,61,901.58,Egreso,2025-07-29,Transaction at CloudNine,Transferencia,5970.15,0,Healthcare
43900.41,1538.81,NULA,1,386.54,Egreso,2025-01-01,Transaction at Vodafone Idea,Debito,1315.41,0,Bills
46653.5,5193.98,MEDIA,99,929.91,Egreso,2025-05-28,Transaction at Dell Exclusive,Transferencia,149827.58,0,Electronics
14205.0,5349.75,ALTA,74,1808.67,Egreso,2025-09-15,Transaction at Air India,Credito,4406.02,11,Travel
9613.92,3696.65,NULA,26,1508.97,Egreso,2025-05-29,Transaction at Ola,Transferencia,763.22,0,Transport
15448.41,3965.53,ALTA,2,1336.04,Egreso,2025-09-25,Transaction at Aster,Transferencia,3986.5,0,Healthcare
49844.88,3655.09,NULA,54,896.38,Egreso,2025-12-22,Transaction at Ola,Transferencia,151.23,0,Transport
19136.26,5006.17,MEDIA,54,1086.89,Egreso,2025-01-31,Transaction at Taco Bell,Debito,1441.81,0,Food
31492.92,4545.15,BAJA,73,1675.02,Egreso,2025-03-17,Transaction at Apollo Pharmacy,Credito,7335.02,5,Healthcare
8777.46,8842.0,ALTA,47,1791.57,Egreso,2025-08-07,Transaction at Sony Center,Credito,80272.99,8,Electronics
23546.85,9801.19,NULA,28,884.42,Egreso,2025-04-21,Transaction at Aster,Transferencia,6652.98,0,Healthcare
29420.07,2096.7,NULA,66,1725.47,Egreso,2025-03-12,Transaction at Ajio,Credito,7513.01,9,Online Shopping
17805.63,7391.93,BAJA,74,343.3,Egreso,2025-06-10,Transaction at Tata Cliq,Debito,4946.21,0,Online Shopping
46119.07,1947.07,ALTA,44,771.83,Egreso,2025-03-27,Transaction at Airtel,Credito,5449.3,11,Bills
38998.11,7649.97,BAJA,64,515.63,Egreso,2025-04-09,Transaction at BigBazaar,Transferencia,4952.7,0,Grocery
42062.94,5249.4,ALTA,68,637.47,Egreso,2025-09-11,Transaction at ACT Fibernet,Transferencia,5762.81,0,Bills
32626.08,5128.62,ALTA,49,1457.09,Egreso,2025-03-22,Transaction at A2B,Transferencia,704.17,0,Food
13070.3,7103.5,NULA,61,1938.69,Egreso,2025-05-08,Transaction at Myntra,Transferencia,1923.95,0,Online Shopping
29887.2,3403.45,BAJA,27,793.4,Egreso,2025-08-02,Transaction at Fortis,Credito,7427.43,9,Healthcare
38940.87,9588.12,NULA,72,589.82,Egreso,2025-09-01,Transaction at Paradise Biryani,Debito,1044.57,0,Food
10532.97,1740.54,BAJA,46,275.48,Egreso,2025-06-11,Transaction at Yulu Bikes,Debito,892.48,0,Transport
24447.98,9272.33,BAJA,10,1156.1,Egreso,2025-01-16,Transaction at Gas Agency,Credito,460.35,6,Bills
49091.5,2602.34,NULA,52,1803.9,Egreso,2025-12-20,Transaction at Amazon,Transferencia,9037.37,0,Online Shopping
33310.96,5682.77,ALTA,93,642.53,Egreso,2025-04-03,Transaction at Pantaloons,Debito,1612.19,0,Clothing
27322.64,2819.53,MEDIA,96,297.32,Egreso,2025-01-29,Transaction at Asus Store,Transferencia,100269.33,0,Electronics
31413.4,2217.4,ALTA,77,1772.9,Egreso,2025-08-08,Transaction at YouTube Premium,Credito,555.2,11,Entertainment
30831.16,4630.19,MEDIA,85,351.35,Egreso,2025-01-15,Transaction at RedBus,Debito,946.2,0,Transport
29505.95,6029.14,BAJA,14,1221.4,Egreso,2025-05-12,Transaction at DMart,Transferencia,4838.91,0,Grocery
18191.84,3509.39,ALTA,38,1908.26,Egreso,2025-12-29,Transaction at Noise,Debito,128986.65,0,Electronics
26525.99,3234.99,NULA,61,132.99,Egreso,2025-11-21,Transaction at JioMart,Credito,3995.22,10,Grocery
19887.36,6892.62,MEDIA,18,583.76,Egreso,2025-10-24,Transaction at A2B,Transferencia,901.05,0,Food
13975.33,7941.87,ALTA,76,1518.45,Egreso,2025-05-20,Transaction at Vodafone Idea,Credito,1097.54,5,Bills
49621.66,9314.44,BAJA,45,1793.06,Egreso,2025-03-25,Transaction at Dominos,Credito,1021.76,9,Food
41438.78,5030.79,BAJA,50,1939.63,Egreso,2025-03-09,Transaction at Aha,Debito,491.77,0,Entertainment
5079.93,5840.83,NULA,19,556.62,Egreso,2025-01-20,Transaction at Apple Music,Credito,731.05,1,Entertainment
10904.9,9315.37,ALTA,0,1542.19,Egreso,2025-05-22,Transaction at Fortis,Transferencia,13964.06,0,Healthcare
28777.38,4828.84,BAJA,7,174.8,Egreso,2025-06-10,Transaction at Apollo Hospital,Transferencia,6206.94,0,Healthcare
39965.67,1034.4,ALTA,92,815.34,Egreso,2025-11-29,Transaction at PharmEasy,Transferencia,17278.72,0,Healthcare
15901.13,3095.59,MEDIA,81,1858.82,Egreso,2025-05-11,Transaction at RedBus,Transferencia,514.37,0,Transport
35126.23,9552.23,ALTA,97,221.52,Egreso,2025-11-25,Transaction at Mi Store,Debito,106950.42,0,Electronics
20039.01,3898.05,BAJA,48,1966.05,Egreso,2025-08-12,Transaction at Jio Fiber,Transferencia,2972.85,0,Bills
16698.82,6047.8,ALTA,18,1700.77,Egreso,2025-10-26,Transaction at Dominos,Debito,1196.77,0,Food
46597.97,2386.88,MEDIA,89,1356.68,Egreso,2025-05-12,Transaction at Levis,Transferencia,2807.18,0,Clothing
25984.95,8196.91,ALTA,80,146.72,Egreso,2025-12-03,Transaction at Ajio,Transferencia,984.38,0,Online Shopping
32795.69,2509.27,NULA,95,214.0,Egreso,2025-03-08,Transaction at Yatra,Transferencia,13349.42,0,Travel
27764.08,1271.4,MEDIA,26,1588.87,Egreso,2025-04-26,Transaction at Yatra,Debito,1268.84,0,Travel
39984.18,4513.71,ALTA,96,601.3,Egreso,2025-06-27,Transaction at Taco Bell,Transferencia,686.29,0,Food
12940.1,2559.84,BAJA,72,1104.97,Egreso,2025-04-19,Transaction at TSRTC,Debito,1643.41,0,Transport
12061.87,6268.71,ALTA,31,480.69,Egreso,2025-05-24,Transaction at BSNL,Transferencia,2566.06,0,Bills
28914.55,8048.64,NULA,9,430.17,Egreso,2025-11-22,Transaction at Pantaloons,Credito,6753.37,4,Clothing
26834.47,7863.14,ALTA,57,1901.67,Egreso,2025-05-17,Transaction at Gas Agency,Debito,4575.96,0,Bills
17571.93,5388.65,NULA,48,1009.73,Egreso,2025-02-10,Transaction at Metro Rail,Credito,708.24,5,Transport
5095.85,1999.58,BAJA,66,375.11,Egreso,2025-08-30,Transaction at BMTC,Transferencia,717.24,0,Transport
45456.27,7489.03,MEDIA,47,305.7,Egreso,2025-09-25,Transaction at Lenskart,Debito,2288.3,0,Online Shopping
9059.75,9892.09,MEDIA,10,1072.84,Egreso,2025-02-10,Transaction at Meru Cabs,Transferencia,1775.92,0,Transport
30521.76,9352.57,NULA,91,1787.83,Egreso,2025-10-23,Transaction at Fortis,Debito,3913.41,0,Healthcare
37574.95,7737.52,MEDIA,29,816.41,Egreso,2025-02-15,Transaction at Star Bazaar,Transferencia,3719.22,0,Grocery
37159.95,6523.61,ALTA,72,728.71,Egreso,2025-09-15,Transaction at Nature's Basket,Transferencia,4077.1,0,Grocery
49597.38,8545.82,BAJA,54,398.92,Egreso,2025-09-26,Transaction at Meesho,Transferencia,7650.33,0,Online Shopping
36055.54,7357.16,ALTA,33,1017.27,Egreso,2025-09-02,Transaction at Croma,Transferencia,33395.76,0,Electronics
18859.16,7123.65,ALTA,3,861.56,Egreso,2025-01-04,Transaction at Chai Point,Debito,1292.15,0,Food
27023.16,7692.67,NULA,62,1145.83,Egreso,2025-10-09,Transaction at Meru Cabs,Credito,217.47,4,Transport
20444.17,4303.52,ALTA,83,1612.75,Egreso,2025-10-03,Transaction at McDonalds,Transferencia,866.95,0,Food
22049.23,2519.34,ALTA,17,1044.23,Egreso,2025-02-07,Transaction at BMTC,Credito,1326.27,6,Transport
14772.22,4557.39,NULA,10,1464.44,Egreso,2025-09-27,Transaction at Spencers,Credito,4234.16,7,Grocery
29880.85,5106.5,BAJA,57,560.66,Egreso,2025-09-09,Transaction at Metro Rail,Credito,1540.62,10,Transport
38065.23,8007.13,NULA,25,1500.21,Egreso,2025-10-10,Transaction at Ajio,Credito,8571.36,4,Online Shopping
19969.58,4488.52,ALTA,30,1111.58,Egreso,2025-03-01,Transaction at Tata Cliq,Transferencia,3449.18,0,Online Shopping
44878.94,8938.01,MEDIA,17,144.42,Egreso,2025-02-13,Transaction at Asus Store,Transferencia,121932.04,0,Electronics
22517.98,5808.69,ALTA,69,1746.14,Egreso,2025-06-11,Transaction at Taco Bell,Transferencia,854.95,0,Food
23898.05,5573.33,ALTA,24,1315.52,Egreso,2025-02-11,Transaction at Reliance Fresh,Transferencia,609.77,0,Grocery
14239.05,8809.94,MEDIA,53,876.14,Egreso,2025-06-26,Transaction at Netflix,Credito,334.77,8,Entertainment
16065.33,2570.98,ALTA,53,624.88,Egreso,2025-03-31,Transaction at Yulu Bikes,Credito,743.49,7,Transport
25188.09,2134.94,BAJA,33,260.58,Egreso,2025-04-04,Transaction at Amazon,Debito,9255.34,0,Online Shopping
39258.56,8215.99,NULA,75,1174.43,Egreso,2025-09-27,Transaction at TNEB,Transferencia,4815.99,0,Bills
7147.35,4632.87,BAJA,81,1916.02,Egreso,2025-12-22,Transaction at BMTC,Transferencia,1069.34,0,Transport
6980.26,5583.02,MEDIA,52,1105.33,Egreso,2025-10-18,Transaction at Max Fashion,Debito,6022.16,0,Clothing
49454.85,6373.69,BAJA,18,680.86,Egreso,2025-05-12,Transaction at Netmeds,Credito,13424.06,1,Healthcare
41197.3,6649.37,ALTA,23,1456.66,Egreso,2025-08-25,Transaction at 1mg,Credito,7053.85,11,Healthcare
45889.24,1796.48,ALTA,84,1265.38,Egreso,2025-03-09,Transaction at Vodafone Idea,Transferencia,1271.83,0,Bills
37627.03,5291.9,ALTA,3,234.92,Egreso,2025-07-02,Transaction at Puma,Debito,3591.8,0,Clothing
37567.82,3169.51,NULA,16,1504.36,Egreso,2025-09-12,Transaction at Subway,Debito,112.38,0,Food
24074.23,4126.33,NULA,5,1980.02,Egreso,2025-02-01,Transaction at TNEB,Transferencia,3153.35,0,Bills
20862.79,3301.4,BAJA,49,912.11,Egreso,2025-05-25,Transaction at Wrogn,Transferencia,5714.56,0,Clothing
28189.36,7181.83,BAJA,85,1317.22,Egreso,2025-10-04,Transaction at Puma,Transferencia,3707.8,0,Clothing
45066.99,8779.26,NULA,14,417.56,Egreso,2025-05-20,Transaction at Sony Center,Transferencia,133651.65,0,Electronics
21693.05,1503.26,ALTA,35,738.55,Egreso,2025-06-27,Transaction at Snapdeal,Transferencia,9010.39,0,Online Shopping
35895.25,7608.14,NULA,64,1743.43,Egreso,2025-02-26,Transaction at Mi Store,Debito,79609.54,0,Electronics
27041.98,8351.31,BAJA,76,863.94,Egreso,2025-10-08,Transaction at Zee5,Debito,472.16,0,Entertainment
35177.6,3390.29,MEDIA,46,319.23,Egreso,2025-06-12,Transaction at Aha,Transferencia,796.06,0,Entertainment
28072.34,7938.78,MEDIA,54,962.73,Egreso,2025-01-31,Transaction at Tata Cliq,Debito,2285.42,0,Online Shopping
10587.86,6253.94,MEDIA,8,382.44,Egreso,2025-07-02,Transaction at Chai Point,Credito,709.31,8,Food
29640.36,8143.2,ALTA,89,171.81,Egreso,2025-02-14,Transaction at Asus Store,Debito,4384.42,0,Electronics
16126.02,6615.03,BAJA,39,575.74,Egreso,2025-11-12,Transaction at Netmeds,Credito,3336.29,10,Healthcare
35879.42,3759.9,NULA,48,339.41,Egreso,2025-04-11,Transaction at Vodafone Idea,Debito,2277.77,0,Bills
26803.83,5168.6,BAJA,71,1714.05,Egreso,2025-05-18,Transaction at Pizza Hut,Transferencia,848.22,0,Food
12585.26,2773.06,BAJA,75,1566.9,Egreso,2025-09-11,Transaction at H&M,Debito,1058.36,0,Clothing
39822.66,9898.47,ALTA,0,1238.55,Egreso,2025-02-26,Transaction at Gaana,Transferencia,312.8,0,Entertainment
7416.43,1054.99,MEDIA,70,1635.27,Egreso,2025-09-04,Transaction at Star Bazaar,Transferencia,1518.47,0,Grocery
19260.41,7478.05,BAJA,39,1506.73,Egreso,2025-07-11,Transaction at Metro Rail,Debito,768.79,0,Transport
43382.04,6747.98,BAJA,26,680.09,Egreso,2025-05-24,Transaction at TSRTC,Credito,682.38,11,Transport
15867.69,9608.97,ALTA,45,887.96,Egreso,2025-09-28,Transaction at Rapido,Transferencia,631.03,0,Transport
26689.95,2328.47,BAJA,21,1054.93,Egreso,2025-12-30,Transaction at Nature's Basket,Transferencia,4822.0,0,Grocery
35682.26,9154.51,NULA,58,1305.29,Egreso,2025-10-30,Transaction at Kauvery,Transferencia,10823.94,0,Healthcare
25487.95,2737.51,NULA,73,949.9,Egreso,2025-05-02,Transaction at Air India,Debito,7302.97,0,Travel
38693.4,7464.48,NULA,66,1325.34,Egreso,2025-08-07,Transaction at Max Fashion,Transferencia,7332.71,0,Clothing
44141.18,5032.02,NULA,79,400.18,Egreso,2025-05-04,Transaction at Croma,Debito,9276.48,0,Electronics
35191.45,2691.56,BAJA,63,1547.12,Egreso,2025-05-05,Transaction at Spencers,Transferencia,3718.52,0,Grocery
49638.1,5114.14,MEDIA,87,747.45,Egreso,2025-04-16,Transaction at Subway,Transferencia,1429.62,0,Food
6366.39,9869.8,MEDIA,11,1577.3,Egreso,2025-04-05,Transaction at Puma,Transferencia,2300.14,0,Clothing
28750.71,5339.31,ALTA,48,1397.58,Egreso,2025-02-18,Transaction at Boat Lifestyle,Debito,21654.08,0,Electronics
20797.68,8484.52,ALTA,55,583.15,Egreso,2025-05-19,Transaction at Water Board,Transferencia,5542.92,0,Bills
44360.91,6206.73,ALTA,45,1299.09,Egreso,2025-03-22,Transaction at Yulu Bikes,Transferencia,381.22,0,Transport
41242.23,6945.61,ALTA,23,1214.9,Egreso,2025-01-31,Transaction at Goibibo,Credito,11301.57,2,Travel
21331.69,7632.84,MEDIA,9,1390.93,Egreso,2025-02-22,Transaction at CCD,Transferencia,1463.42,0,Food
26055.06,2685.03,MEDIA,61,1103.66,Egreso,2025-07-11,Transaction at Snapdeal,Credito,12752.76,7,Online Shopping
37447.24,2773.57,BAJA,69,540.77,Egreso,2025-08-07,Transaction at Ajio,Transferencia,11678.53,0,Online Shopping
33595.41,5334.26,MEDIA,96,455.2,Egreso,2025-07-13,Transaction at Aster,Transferencia,6219.35,0,Healthcare
41941.92,8612.92,BAJA,96,844.34,Egreso,2025-09-13,Transaction at Flipkart,Credito,3482.55,4,Online Shopping
24697.81,2786.25,BAJA,88,283.03,Egreso,2025-06-10,Transaction at Aha,Credito,985.58,10,Entertainment
37510.57,6230.08,ALTA,76,1440.59,Egreso,2025-09-16,Transaction at DMart,Credito,3347.57,5,Grocery
5244.98,8604.74,NULA,0,1595.55,Egreso,2025-12-28,Transaction at Vistara,Transferencia,4848.69,0,Travel
31563.27,3387.15,NULA,78,292.2,Egreso,2025-02-28,Transaction at Allen Solly,Debito,3820.0,0,Clothing
49977.18,8968.08,ALTA,70,1103.57,Egreso,2025-07-25,Transaction at Burger King,Transferencia,1294.08,0,Food
37300.63,3201.8,BAJA,22,432.84,Egreso,2025-06-13,Transaction at MakeMyTrip,Transferencia,2098.0,0,Travel
48436.01,8239.65,NULA,65,1916.95,Egreso,2025-07-31,Transaction at Flipkart,Credito,7043.25,7,Online Shopping
35163.67,4275.02,ALTA,13,638.18,Egreso,2025-09-05,Transaction at Taco Bell,Transferencia,1025.1,0,Food
37046.26,9560.24,ALTA,60,847.2,Egreso,2025-05-28,Transaction at Spencers,Debito,2859.32,0,Grocery
28512.77,6753.59,NULA,8,1172.68,Egreso,2025-01-23,Transaction at Apple Store,Transferencia,95277.88,0,Electronics
16829.0,9301.11,NULA,63,1599.82,Egreso,2025-03-23,Transaction at Rapido,Debito,1201.88,0,Transport
32413.93,6385.34,NULA,30,725.82,Egreso,2025-11-01,Transaction at Jio Fiber,Credito,3635.3,2,Bills
38672.84,7316.39,NULA,99,1289.95,Egreso,2025-01-26,Transaction at Apple Music,Debito,769.82,0,Entertainment
14609.39,2443.32,ALTA,90,1149.03,Egreso,2025-07-19,Transaction at Hotstar,Transferencia,434.12,0,Entertainment
13716.43,2724.92,BAJA,93,250.11,Egreso,2025-12-13,Transaction at Snapdeal,Transferencia,11038.23,0,Online Shopping
36462.82,2635.81,BAJA,59,1342.9,Egreso,2025-09-06,Transaction at Saravana Bhavan,Transferencia,156.61,0,Food
11875.84,1461.55,MEDIA,61,734.05,Egreso,2025-02-16,Transaction at MakeMyTrip,Transferencia,1443.82,0,Travel
44868.0,2111.28,NULA,31,488.69,Egreso,2025-04-05,Transaction at Airtel,Transferencia,984.73,0,Bills
36087.82,8193.16,NULA,14,1201.87,Egreso,2025-02-23,Transaction at Gas Agency,Debito,560.67,0,Bills
6350.61,9632.47,MEDIA,70,801.33,Egreso,2025-06-22,Transaction at Air India,Transferencia,21037.92,0,Travel
38548.28,2645.69,MEDIA,3,1647.38,Egreso,2025-12-17,Transaction at AirAsia,Debito,12100.86,0,Travel
42692.96,9281.28,BAJA,22,1528.86,Egreso,2025-07-17,Transaction at Uber,Transferencia,475.67,0,Transport
5670.24,7913.48,NULA,78,520.34,Egreso,2025-04-03,Transaction at Snapdeal,Debito,15996.31,0,Online Shopping
36944.19,3481.94,BAJA,78,772.66,Egreso,2025-04-13,Transaction at Jio Fiber,Credito,5160.12,3,Bills
35059.69,2112.61,BAJA,58,1434.13,Egreso,2025-05-14,Transaction at Amazon,Credito,2699.64,4,Online Shopping
48699.15,1990.0,MEDIA,47,667.4,Egreso,2025-10-19,Transaction at Nilgiris,Transferencia,3228.48,0,Grocery
21838.66,1408.64,MEDIA,93,1873.21,Egreso,2025-01-29,Transaction at Nykaa,Debito,3568.12,0,Online Shopping
7878.99,1158.95,NULA,94,1348.98,Egreso,2025-04-17,Transaction at Yatra,Transferencia,6762.3,0,Travel
30962.37,3198.29,ALTA,46,751.39,Egreso,2025-06-24,Transaction at DMart,Transferencia,544.78,0,Grocery
21893.54,4018.37,MEDIA,67,1791.49,Egreso,2025-04-15,Transaction at Taco Bell,Transferencia,1101.8,0,Food
40133.81,7101.32,MEDIA,37,996.8,Egreso,2025-02-13,Transaction at Taco Bell,Transferencia,1128.29,0,Food
14234.77,3962.96,NULA,16,595.74,Egreso,2025-04-06,Transaction at MakeMyTrip,Credito,19134.58,7,Travel
36981.75,6928.43,NULA,23,331.21,Egreso,2025-03-18,Transaction at Ola,Transferencia,1018.39,0,Transport
48392.93,6707.11,NULA,61,300.45,Egreso,2025-10-26,Transaction at MakeMyTrip,Transferencia,19742.44,0,Travel
26565.79,2644.08,NULA,72,1128.39,Egreso,2025-10-04,Transaction at YouTube Premium,Transferencia,187.03,0,Entertainment
14418.53,7867.24,NULA,80,1774.7,Egreso,2025-04-28,Transaction at KFC,Transferencia,127.36,0,Food
21015.47,9163.85,NULA,80,470.18,Egreso,2025-11-23,Transaction at Nike,Credito,1858.95,7,Clothing
12377.19,8475.94,ALTA,75,1009.22,Egreso,2025-12-20,Transaction at Ola,Debito,250.63,0,Transport
44491.98,2326.12,ALTA,9,1283.58,Egreso,2025-02-08,Transaction at Flipkart,Transferencia,10418.07,0,Online Shopping
39732.92,3983.85,MEDIA,10,1189.45,Egreso,2025-09-05,Transaction at Aha,Credito,985.74,8,Entertainment
29017.64,2248.58,MEDIA,39,1430.19,Egreso,2025-04-11,Transaction at BSNL,Transferencia,4636.66,0,Bills
11046.68,7167.61,NULA,9,1460.15,Egreso,2025-03-20,Transaction at Metro Rail,Debito,951.47,0,Transport
8982.56,4481.0,NULA,77,804.12,Egreso,2025-11-19,Transaction at Taco Bell,Credito,666.0,11,Food
25776.61,4301.07,NULA,6,1299.6,Egreso,2025-02-22,Transaction at Apollo Pharmacy,Debito,11745.45,0,Healthcare
37288.62,9956.02,BAJA,91,1497.99,Egreso,2025-04-13,Transaction at MedPlus,Debito,858.86,0,Healthcare
38202.51,9801.81,MEDIA,31,1448.84,Egreso,2025-08-31,Transaction at Tata Cliq,Transferencia,11207.32,0,Online Shopping
34430.65,3578.58,MEDIA,63,511.74,Egreso,2025-09-26,Transaction at DMart,Transferencia,1184.05,0,Grocery
38077.29,9199.78,MEDIA,72,1531.56,Egreso,2025-04-10,Transaction at Allen Solly,Transferencia,4320.01,0,Clothing
41797.61,5251.07,NULA,5,1418.05,Egreso,2025-04-28,Transaction at HP World,Debito,22432.73,0,Electronics
22069.65,6640.66,ALTA,37,1348.22,Egreso,2025-08-04,Transaction at Wrogn,Credito,4555.97,6,Clothing
11500.68,4083.61,NULA,38,414.61,Egreso,2025-02-06,Transaction at Pantaloons,Credito,1907.9,9,Clothing
11530.28,6169.33,NULA,41,1680.31,Egreso,2025-03-02,Transaction at Biba,Credito,7375.27,6,Clothing
46168.43,1207.31,ALTA,65,940.76,Egreso,2025-03-30,Transaction at Meesho,Transferencia,669.53,0,Online Shopping
49580.44,3738.66,BAJA,38,598.49,Egreso,2025-05-08,Transaction at Ola,Transferencia,1492.62,0,Transport
15279.43,9604.8,ALTA,28,1340.01,Egreso,2025-04-11,Transaction at Noise,Credito,148868.42,11,Electronics
10567.68,7657.64,MEDIA,80,152.47,Egreso,2025-09-18,Transaction at Flipkart,Transferencia,11522.58,0,Online Shopping
11335.13,6583.53,MEDIA,13,170.67,Egreso,2025-12-21,Transaction at Zee5,Transferencia,213.02,0,Entertainment
42879.16,3167.57,BAJA,93,1611.76,Egreso,2025-06-08,Transaction at Spotify,Debito,187.67,0,Entertainment
21648.41,3572.03,MEDIA,83,298.17,Egreso,2025-01-23,Transaction at Croma,Transferencia,126129.14,0,Electronics
32636.06,9966.55,NULA,53,935.49,Egreso,2025-04-30,Transaction at Asus Store,Debito,121321.31,0,Electronics
11369.43,8001.15,MEDIA,50,1212.7,Egreso,2025-04-28,Transaction at US Polo,Transferencia,2102.39,0,Clothing
35235.38,1064.83,ALTA,47,465.11,Egreso,2025-08-20,Transaction at Noise,Transferencia,144680.84,0,Electronics
7747.21,6550.09,NULA,35,1107.92,Egreso,2025-09-22,Transaction at OYO,Transferencia,19247.19,0,Travel
15740.32,5034.9,NULA,36,743.54,Egreso,2025-07-20,Transaction at Metro Rail,Debito,979.18,0,Transport
18187.3,6803.68,BAJA,56,977.92,Egreso,2025-03-25,Transaction at Taco Bell,Transferencia,156.73,0,Food
5021.84,6525.56,NULA,69,738.63,Egreso,2025-02-18,Transaction at US Polo,Debito,1931.64,0,Clothing
44887.74,6424.13,NULA,65,1810.64,Egreso,2025-04-08,Transaction at Airtel,Transferencia,5832.54,0,Bills
8721.42,8559.27,MEDIA,41,698.67,Egreso,2025-08-28,Transaction at BMTC,Credito,1315.55,10,Transport
20167.76,6662.92,NULA,80,697.07,Egreso,2025-02-09,Transaction at Nature's Basket,Debito,797.81,0,Grocery
11987.55,6517.19,BAJA,95,1242.33,Egreso,2025-11-10,Transaction at Burger King,Transferencia,406.97,0,Food
40735.71,1755.59,NULA,16,501.01,Egreso,2025-11-09,Transaction at Gas Agency,Transferencia,2512.27,0,Bills
13053.79,4058.63,ALTA,29,475.45,Egreso,2025-06-25,Transaction at Saravana Bhavan,Debito,717.19,0,Food
16549.94,4066.1,MEDIA,32,1604.13,Egreso,2025-10-07,Transaction at RedBus,Debito,1214.72,0,Transport
29174.47,6881.84,ALTA,34,460.71,Egreso,2025-08-07,Transaction at Apple Store,Credito,83700.47,3,Electronics
35070.5,5845.1,MEDIA,48,1067.62,Egreso,2025-04-16,Transaction at Tata Cliq,Transferencia,5446.09,0,Online Shopping
47851.69,3912.05,BAJA,8,671.47,Egreso,2025-10-01,Transaction at Subway,Transferencia,786.96,0,Food
29782.25,4851.95,MEDIA,38,1550.99,Egreso,2025-05-10,Transaction at Gas Agency,Transferencia,406.24,0,Bills
32130.21,3898.46,MEDIA,55,1536.62,Egreso,2025-12-20,Transaction at Dell Exclusive,Credito,26880.08,3,Electronics
45351.39,2648.37,NULA,16,678.94,Egreso,2025-12-26,Transaction at TSRTC,Debito,1965.21,0,Transport
39637.66,7927.46,NULA,59,1229.06,Egreso,2025-06-23,Transaction at Fortis,Debito,2743.05,0,Healthcare
46465.57,7184.47,ALTA,52,1539.72,Egreso,2025-04-04,Transaction at Air India,Transferencia,26089.3,0,Travel
13929.44,2311.85,NULA,95,1148.5,Egreso,2025-03-30,Transaction at Burger King,Debito,480.62,0,Food
23416.5,8104.47,ALTA,31,1107.75,Egreso,2025-08-23,Transaction at 1mg,Credito,11963.5,8,Healthcare
34296.31,7814.26,NULA,45,1272.49,Egreso,2025-03-06,Transaction at BigBazaar,Transferencia,4701.17,0,Grocery
48308.16,1078.39,ALTA,33,1527.41,Egreso,2025-02-14,Transaction at Fortis,Transferencia,12457.2,0,Healthcare
14750.15,8394.23,MEDIA,64,1397.87,Egreso,2025-12-02,Transaction at YouTube Premium,Transferencia,151.27,0,Entertainment
25688.7,3209.24,NULA,84,556.21,Egreso,2025-09-25,Transaction at Zee5,Transferencia,382.06,0,Entertainment
34003.16,4889.12,ALTA,42,1705.73,Egreso,2025-03-21,Transaction at Apple Store,Debito,31672.53,0,Electronics
8218.14,9603.74,BAJA,84,549.69,Egreso,2025-08-18,Transaction at Gas Agency,Credito,5258.43,6,Bills
26022.54,7604.63,MEDIA,39,305.34,Egreso,2025-06-06,Transaction at Meru Cabs,Transferencia,515.45,0,Transport
7737.57,7660.72,BAJA,59,671.98,Egreso,2025-02-05,Transaction at Meesho,Transferencia,13971.68,0,Online Shopping
30385.31,6824.59,MEDIA,4,1913.82,Egreso,2025-03-16,Transaction at Uber,Transferencia,758.94,0,Transport
49494.15,8080.95,BAJA,5,463.35,Egreso,2025-07-18,Transaction at IndiGo,Debito,22948.03,0,Travel
46131.75,4373.28,BAJA,26,667.18,Egreso,2025-04-03,Transaction at OnePlus,Transferencia,58886.94,0,Electronics
47204.73,4977.74,BAJA,49,745.72,Egreso,2025-03-06,Transaction at Gas Agency,Credito,4427.04,4,Bills
19236.64,6060.99,BAJA,73,1558.8,Egreso,2025-09-08,Transaction at Kauvery,Credito,2023.07,3,Healthcare
5024.6,8654.46,ALTA,69,1106.19,Egreso,2025-10-18,Transaction at Apollo Pharmacy,Credito,12768.23,4,Healthcare
21434.27,3692.98,ALTA,4,1580.1,Egreso,2025-03-01,Transaction at TNEB,Debito,1569.14,0,Bills
32816.59,1971.82,MEDIA,42,1805.9,Egreso,2025-03-18,Transaction at Jio Fiber,Credito,2957.84,8,Bills
49295.85,4668.61,NULA,84,366.85,Egreso,2025-12-10,Transaction at RedBus,Debito,1883.94,0,Transport
8847.33,8697.62,ALTA,71,669.51,Egreso,2025-01-20,Transaction at BigBazaar,Transferencia,3055.25,0,Grocery
13046.48,8345.51,MEDIA,69,925.86,Egreso,2025-08-10,Transaction at DMart,Credito,4970.88,9,Grocery
6344.17,6881.44,MEDIA,85,866.34,Egreso,2025-11-15,Transaction at Levis,Credito,2678.87,1,Clothing
9911.05,4269.25,ALTA,3,426.0,Egreso,2025-10-22,Transaction at Property Tax Online,Transferencia,2159.24,0,Bills
42000.37,8676.56,BAJA,82,975.03,Egreso,2025-11-28,Transaction at Lenskart,Transferencia,1610.55,0,Online Shopping
44409.83,4128.5,MEDIA,53,1814.7,Egreso,2025-11-20,Transaction at Lenskart,Transferencia,6367.17,0,Online Shopping
17407.25,2405.3,MEDIA,63,1042.15,Egreso,2025-07-10,Transaction at Apple Store,Debito,45072.31,0,Electronics
37987.34,5929.64,NULA,58,1303.46,Egreso,2025-12-10,Transaction at Saravana Bhavan,Transferencia,262.16,0,Food
5429.41,3201.46,MEDIA,58,707.74,Egreso,2025-06-15,Transaction at Spotify,Debito,457.0,0,Entertainment
23625.89,9667.54,MEDIA,15,1784.46,Egreso,2025-05-18,Transaction at AirAsia,Debito,23295.11,0,Travel
21938.6,3640.88,BAJA,6,847.58,Egreso,2025-08-17,Transaction at PharmEasy,Debito,16371.8,0,Healthcare
27548.33,4644.11,BAJA,40,1933.88,Egreso,2025-06-23,Transaction at AirAsia,Credito,8726.51,3,Travel
18896.27,1591.23,ALTA,78,283.66,Egreso,2025-08-28,Transaction at Pantaloons,Transferencia,1107.1,0,Clothing
15774.61,8804.51,MEDIA,53,1741.07,Egreso,2025-03-31,Transaction at Meru Cabs,Transferencia,469.3,0,Transport
18459.8,5332.53,BAJA,69,1843.64,Egreso,2025-07-21,Transaction at MedPlus,Debito,16339.95,0,Healthcare
47984.78,3523.58,ALTA,90,394.3,Egreso,2025-10-17,Transaction at TNEB,Debito,3073.97,0,Bills
20293.67,6387.5,BAJA,22,1596.47,Egreso,2025-03-29,Transaction at Aha,Transferencia,895.9,0,Entertainment
12677.66,2106.48,NULA,18,292.33,Egreso,2025-03-15,Transaction at Samsung Store,Debito,55623.48,0,Electronics
47762.73,4494.23,MEDIA,29,1749.46,Egreso,2025-08-12,Transaction at Snapdeal,Transferencia,8853.21,0,Online Shopping
40183.48,5413.57,BAJA,28,800.76,Egreso,2025-07-16,Transaction at Apple Store,Transferencia,77660.99,0,Electronics
36243.69,2638.62,BAJA,19,1802.29,Egreso,2025-07-02,Transaction at Pepperfry,Transferencia,16910.2,0,Online Shopping
34734.55,5939.11,MEDIA,79,516.66,Egreso,2025-04-12,Transaction at Allen Solly,Transferencia,3472.43,0,Clothing
33131.42,5179.71,ALTA,90,1223.41,Egreso,2025-10-06,Transaction at Nature's Basket,Transferencia,1267.28,0,Grocery
21322.39,8894.72,ALTA,41,159.68,Egreso,2025-06-23,Transaction at Ola,Debito,1504.8,0,Transport
25061.83,3759.88,MEDIA,97,292.08,Egreso,2025-03-13,Transaction at Woodland,Credito,6784.91,5,Clothing
48280.73,2283.56,MEDIA,83,114.36,Egreso,2025-05-26,Transaction at AirAsia,Transferencia,17359.09,0,Travel
25966.93,2223.57,ALTA,15,713.57,Egreso,2025-08-10,Transaction at Allen Solly,Credito,2073.43,4,Clothing
35034.66,1360.16,BAJA,42,1407.41,Egreso,2025-09-07,Transaction at Vistara,Debito,21249.98,0,Travel
23190.21,8508.54,NULA,37,1797.08,Egreso,2025-10-14,Transaction at Goibibo,Transferencia,637.01,0,Travel
40729.47,5329.94,MEDIA,87,1341.64,Egreso,2025-03-16,Transaction at Meesho,Debito,13379.74,0,Online Shopping
41277.94,3241.41,ALTA,82,491.05,Egreso,2025-07-08,Transaction at IndiGo,Credito,645.72,9,Travel
41375.52,2084.09,BAJA,41,1794.93,Egreso,2025-09-02,Transaction at Samsung Store,Transferencia,131791.02,0,Electronics
15436.94,8511.88,MEDIA,49,1513.95,Egreso,2025-02-08,Transaction at Air India,Transferencia,17890.12,0,Travel
34045.73,3977.21,BAJA,10,514.84,Egreso,2025-05-25,Transaction at Property Tax Online,Debito,904.58,0,Bills
11955.4,6886.65,BAJA,4,1346.66,Egreso,2025-06-17,Transaction at RedBus,Transferencia,1838.98,0,Transport
12665.17,8571.47,ALTA,56,687.65,Egreso,2025-08-25,Transaction at PharmEasy,Transferencia,12568.29,0,Healthcare
47403.88,8462.41,ALTA,65,1484.61,Egreso,2025-09-18,Transaction at Burger King,Transferencia,862.68,0,Food
22799.27,6919.96,ALTA,48,1710.27,Egreso,2025-03-04,Transaction at Biba,Transferencia,703.04,0,Clothing
18575.11,4677.16,BAJA,59,1128.87,Egreso,2025-08-18,Transaction at AirAsia,Transferencia,5058.31,0,Travel
47529.31,9193.86,ALTA,94,103.84,Egreso,2025-06-23,Transaction at Tata Cliq,Debito,14791.89,0,Online Shopping
47484.21,1801.01,NULA,29,880.42,Egreso,2025-12-21,Transaction at Starbucks,Transferencia,315.03,0,Food
5640.55,6326.22,NULA,36,546.16,Egreso,2025-01-09,Transaction at Puma,Debito,5912.64,0,Clothing
22643.42,5213.87,BAJA,54,1287.37,Egreso,2025-02-18,Transaction at Reliance Digital,Credito,19881.19,1,Electronics
39186.3,1250.12,MEDIA,88,1071.65,Egreso,2025-04-19,Transaction at Fortis,Credito,17319.26,11,Healthcare
35680.76,9606.84,NULA,7,1430.01,Egreso,2025-04-23,Transaction at IRCTC,Debito,14184.12,0,Travel
25752.9,3580.89,NULA,25,1423.11,Egreso,2025-09-06,Transaction at Goibibo,Transferencia,17686.79,0,Travel
36777.73,1615.35,BAJA,32,1532.06,Egreso,2025-04-23,Transaction at DMart,Transferencia,2993.96,0,Grocery
12939.03,6846.67,ALTA,34,1232.17,Egreso,2025-05-20,Transaction at Kauvery,Credito,12846.82,3,Healthcare
42678.08,1298.61,ALTA,29,441.85,Egreso,2025-03-14,Transaction at Biba,Debito,6330.6,0,Clothing
40796.92,6941.02,BAJA,75,1588.22,Egreso,2025-04-07,Transaction at PharmEasy,Transferencia,17378.93,0,Healthcare
10845.78,8175.43,BAJA,92,437.27,Egreso,2025-08-14,Transaction at Allen Solly,Transferencia,3444.23,0,Clothing
8293.48,6507.2,ALTA,31,1192.12,Egreso,2025-08-27,Transaction at US Polo,Debito,1911.73,0,Clothing
22770.61,9951.47,NULA,54,1609.86,Egreso,2025-01-19,Transaction at Zee5,Credito,364.94,1,Entertainment
8860.76,5490.39,NULA,74,1535.86,Egreso,2025-05-10,Transaction at Tata Cliq,Transferencia,8315.83,0,Online Shopping
23327.07,8894.68,MEDIA,67,262.12,Egreso,2025-05-25,Transaction at Airtel,Transferencia,2374.79,0,Bills
15361.22,7698.8,ALTA,67,288.13,Egreso,2025-04-05,Transaction at Nike,Credito,6706.76,9,Clothing
30347.28,2798.6,NULA,88,1057.88,Egreso,2025-09-22,Transaction at More Supermarket,Credito,4944.64,5,Grocery
43986.96,7983.57,BAJA,16,110.09,Egreso,2025-08-17,Transaction at KFC,Transferencia,356.24,0,Food
24727.7,4684.33,MEDIA,68,1269.73,Egreso,2025-01-24,Transaction at TNEB,Transferencia,570.26,0,Bills
16632.41,7171.14,ALTA,90,1224.56,Egreso,2025-08-28,Transaction at Ajio,Debito,4660.59,0,Online Shopping
43476.08,3350.48,BAJA,18,1237.98,Egreso,2025-01-12,Transaction at Chai Point,Credito,362.03,2,Food
40855.79,8886.6,BAJA,17,1682.48,Egreso,2025-07-12,Transaction at Yulu Bikes,Debito,1258.32,0,Transport
13715.85,9376.82,NULA,32,467.3,Egreso,2025-12-27,Transaction at IRCTC,Transferencia,9349.01,0,Travel
39332.22,1946.76,BAJA,44,805.43,Egreso,2025-04-14,Transaction at H&M,Debito,4321.91,0,Clothing
20355.36,6193.71,NULA,81,603.25,Egreso,2025-02-24,Transaction at Ajio,Transferencia,5767.52,0,Online Shopping
46146.45,8891.28,BAJA,78,976.64,Egreso,2025-08-05,Transaction at More Supermarket,Debito,1707.0,0,Grocery
44485.27,8542.53,MEDIA,27,1733.38,Egreso,2025-09-08,Transaction at IRCTC,Credito,25260.5,9,Travel
8936.22,6030.26,NULA,32,1173.71,Egreso,2025-01-30,Transaction at BSNL,Debito,5054.85,0,Bills
32950.75,7276.22,NULA,82,659.69,Egreso,2025-11-26,Transaction at Croma,Credito,13015.63,6,Electronics
36897.46,3191.95,NULA,81,434.48,Egreso,2025-02-24,Transaction at Hotstar,Transferencia,738.66,0,Entertainment
23101.54,4741.55,BAJA,81,1031.82,Egreso,2025-08-15,Transaction at Vistara,Credito,9939.41,10,Travel
42038.94,9092.88,MEDIA,66,170.53,Egreso,2025-04-20,Transaction at Uber,Debito,1095.32,0,Transport
49528.41,4345.48,NULA,42,334.61,Egreso,2025-01-24,Transaction at Mi Store,Transferencia,79557.35,0,Electronics
45704.72,9317.21,BAJA,25,1097.87,Egreso,2025-06-28,Transaction at SonyLiv,Transferencia,877.0,0,Entertainment
46188.28,3740.84,BAJA,63,1939.02,Egreso,2025-04-11,Transaction at AirAsia,Credito,7733.8,3,Travel
32196.06,6946.6,NULA,64,1887.92,Egreso,2025-08-30,Transaction at Boat Lifestyle,Transferencia,14131.39,0,Electronics
26010.12,4282.79,BAJA,76,1767.07,Egreso,2025-07-19,Transaction at Starbucks,Debito,651.01,0,Food
17047.41,5955.26,ALTA,0,355.91,Egreso,2025-09-20,Transaction at SonyLiv,Transferencia,447.98,0,Entertainment
10580.38,6565.8,ALTA,62,1869.51,Egreso,2025-03-10,Transaction at TNEB,Transferencia,2869.21,0,Bills
41623.89,3636.88,NULA,1,504.41,Egreso,2025-12-20,Transaction at US Polo,Debito,7351.62,0,Clothing
27499.07,4190.86,ALTA,29,210.51,Egreso,2025-01-18,Transaction at Goibibo,Debito,18781.06,0,Travel
30755.7,5682.35,MEDIA,11,1185.63,Egreso,2025-03-18,Transaction at Barbeque Nation,Transferencia,1079.56,0,Food
14323.07,9700.61,ALTA,68,1224.18,Egreso,2025-06-10,Transaction at A2B,Credito,994.3,1,Food
42436.36,7822.63,MEDIA,23,561.93,Egreso,2025-06-01,Transaction at Lenskart,Debito,19174.23,0,Online Shopping
23525.86,2404.12,MEDIA,20,914.63,Egreso,2025-08-11,Transaction at BSNL,Debito,1052.35,0,Bills
10432.96,7675.77,ALTA,69,1668.63,Egreso,2025-04-08,Transaction at Snapdeal,Transferencia,15641.11,0,Online Shopping
34962.34,6318.01,BAJA,56,1063.71,Egreso,2025-01-25,Transaction at Jio Fiber,Transferencia,2232.88,0,Bills
43645.01,5217.56,ALTA,94,1768.16,Egreso,2025-02-13,Transaction at Noise,Debito,146242.21,0,Electronics
21363.31,7844.27,NULA,15,1500.21,Egreso,2025-11-12,Transaction at IndiGo,Transferencia,17614.68,0,Travel
7140.68,8099.44,BAJA,54,1202.03,Egreso,2025-05-07,Transaction at Zara,Transferencia,6593.23,0,Clothing
37606.15,9144.74,BAJA,87,257.97,Egreso,2025-06-19,Transaction at Nature's Basket,Credito,4591.08,3,Grocery
37042.47,9994.43,NULA,88,520.46,Egreso,2025-07-20,Transaction at BigBazaar,Credito,4652.42,1,Grocery
28286.46,8767.78,ALTA,15,1888.9,Egreso,2025-07-07,Transaction at Subway,Transferencia,207.38,0,Food
17694.1,2768.2,MEDIA,1,357.46,Egreso,2025-12-06,Transaction at Uber,Credito,277.66,2,Transport
10764.6,1808.5,MEDIA,30,902.49,Egreso,2025-10-17,Transaction at Star Bazaar,Transferencia,1226.08,0,Grocery
46280.05,5579.26,NULA,6,640.57,Egreso,2025-06-21,Transaction at Yulu Bikes,Transferencia,1859.92,0,Transport
47401.03,7805.24,MEDIA,6,1961.13,Egreso,2025-03-09,Transaction at Reliance Digital,Transferencia,59539.88,0,Electronics
21414.74,4935.1,ALTA,97,602.63,Egreso,2025-09-22,Transaction at Cream Stone,Debito,385.89,0,Food
39379.38,4911.76,MEDIA,31,1446.47,Egreso,2025-09-03,Transaction at Yatra,Transferencia,24862.99,0,Travel
41224.7,5384.4,MEDIA,57,1494.06,Egreso,2025-03-26,Transaction at Apple Store,Debito,4672.95,0,Electronics
33704.54,6304.74,BAJA,30,847.8,Egreso,2025-08-15,Transaction at Flipkart,Transferencia,8857.51,0,Online Shopping
34046.77,2861.77,ALTA,24,388.07,Egreso,2025-11-07,Transaction at Levis,Debito,5773.41,0,Clothing
36168.54,6033.56,NULA,77,1440.95,Egreso,2025-01-20,Transaction at Amazon Prime,Transferencia,345.99,0,Entertainment
21235.24,6850.82,MEDIA,86,1858.6,Egreso,2025-06-14,Transaction at A2B,Credito,235.68,2,Food
19385.36,4856.06,BAJA,92,1790.56,Egreso,2025-03-10,Transaction at Gaana,Transferencia,745.12,0,Entertainment
35724.08,2843.24,MEDIA,90,1503.82,Egreso,2025-06-07,Transaction at Zee5,Transferencia,835.25,0,Entertainment
37624.85,1394.93,BAJA,29,1600.03,Egreso,2025-05-18,Transaction at Ola,Debito,1815.79,0,Transport
34233.69,1988.91,MEDIA,90,1151.53,Egreso,2025-04-15,Transaction at Aster,Transferencia,9395.38,0,Healthcare
23170.3,7064.29,BAJA,63,1250.4,Egreso,2025-05-12,Transaction at Air India,Debito,20586.06,0,Travel
46485.53,3082.48,MEDIA,78,1304.65,Egreso,2025-12-10,Transaction at Pepperfry,Transferencia,10360.62,0,Online Shopping
14528.26,1539.83,ALTA,64,400.52,Egreso,2025-06-05,Transaction at AirAsia,Transferencia,24792.07,0,Travel
5611.09,4077.36,NULA,65,1548.0,Egreso,2025-04-21,Transaction at Nature's Basket,Debito,3824.03,0,Grocery
10538.53,6142.25,NULA,78,970.33,Egreso,2025-06-01,Transaction at Spencers,Debito,3509.88,0,Grocery
31756.17,3293.38,MEDIA,66,104.68,Egreso,2025-06-22,Transaction at IndiGo,Transferencia,27326.08,0,Travel
28153.56,5237.14,NULA,72,1902.86,Egreso,2025-01-17,Transaction at Wrogn,Credito,6973.86,5,Clothing
25871.27,1242.38,BAJA,62,599.86,Egreso,2025-04-20,Transaction at Apple Store,Credito,94947.9,1,Electronics
38410.55,1444.37,BAJA,70,1464.04,Egreso,2025-08-18,Transaction at RedBus,Credito,776.13,9,Transport
49149.59,8946.56,MEDIA,93,1683.31,Egreso,2025-04-17,Transaction at Max Fashion,Credito,2863.36,4,Clothing
21242.62,7788.68,ALTA,9,541.9,Egreso,2025-09-10,Transaction at Myntra,Debito,10413.28,0,Online Shopping
34724.04,9334.83,BAJA,40,1593.21,Egreso,2025-07-17,Transaction at OYO,Credito,2967.06,10,Travel
44473.99,7815.08,MEDIA,40,523.18,Egreso,2025-04-20,Transaction at Ola,Transferencia,920.01,0,Transport
12401.1,1415.8,MEDIA,72,101.3,Egreso,2025-12-11,Transaction at AirAsia,Transferencia,24876.32,0,Travel
10211.01,4044.3,ALTA,99,1554.44,Egreso,2025-06-14,Transaction at Vodafone Idea,Transferencia,5276.3,0,Bills
19513.09,7450.25,ALTA,63,349.4,Egreso,2025-04-20,Transaction at Chai Point,Transferencia,146.59,0,Food
13993.95,3467.61,NULA,90,1870.71,Egreso,2025-03-22,Transaction at ACT Fibernet,Transferencia,3449.75,0,Bills
32227.9,1639.25,BAJA,94,265.77,Egreso,2025-08-20,Transaction at Mi Store,Credito,61262.59,7,Electronics
15590.4,6269.02,MEDIA,42,846.71,Egreso,2025-11-03,Transaction at Apollo Pharmacy,Credito,19959.97,3,Healthcare
43460.86,9460.73,ALTA,12,588.54,Egreso,2025-04-29,Transaction at McDonalds,Transferencia,1191.74,0,Food
19301.52,7876.49,NULA,97,286.62,Egreso,2025-11-19,Transaction at Aha,Credito,530.69,6,Entertainment
47048.94,3902.89,MEDIA,14,1314.1,Egreso,2025-06-21,Transaction at Woodland,Transferencia,2503.3,0,Clothing
5082.6,7529.42,MEDIA,8,1310.71,Egreso,2025-09-15,Transaction at Barbeque Nation,Credito,1161.55,3,Food
46228.92,4007.85,NULA,56,683.65,Egreso,2025-05-12,Transaction at Apple Music,Transferencia,212.79,0,Entertainment
41974.08,5535.81,ALTA,55,923.38,Egreso,2025-05-11,Transaction at MedPlus,Debito,16518.09,0,Healthcare
40808.82,5770.67,NULA,18,215.47,Egreso,2025-02-05,Transaction at Nature's Basket,Debito,1105.22,0,Grocery
42180.54,9350.97,MEDIA,50,1680.41,Egreso,2025-04-13,Transaction at Metro Rail,Credito,497.67,8,Transport
45994.55,3397.63,MEDIA,25,779.2,Egreso,2025-01-25,Transaction at Goibibo,Transferencia,28534.39,0,Travel
24733.57,5153.63,ALTA,22,997.34,Egreso,2025-05-18,Transaction at Netmeds,Debito,17752.72,0,Healthcare
46543.15,3123.95,BAJA,52,927.58,Egreso,2025-04-13,Transaction at OYO,Transferencia,11901.64,0,Travel
21251.52,1838.3,MEDIA,71,702.23,Egreso,2025-11-29,Transaction at Puma,Debito,3538.15,0,Clothing
18863.58,6143.17,MEDIA,3,1143.74,Egreso,2025-08-04,Transaction at Amazon Prime,Debito,801.64,0,Entertainment
47351.16,7137.18,NULA,99,156.3,Egreso,2025-06-29,Transaction at Burger King,Transferencia,674.68,0,Food
40042.43,8146.73,ALTA,31,1753.12,Egreso,2025-12-31,Transaction at Star Bazaar,Transferencia,1222.79,0,Grocery
6279.74,4429.3,BAJA,2,444.46,Egreso,2025-06-07,Transaction at Netflix,Debito,744.82,0,Entertainment
12723.82,1564.74,ALTA,93,403.16,Egreso,2025-05-23,Transaction at YouTube Premium,Debito,152.7,0,Entertainment
10714.29,9997.77,MEDIA,94,1708.05,Egreso,2025-10-24,Transaction at Croma,Credito,7645.24,9,Electronics
38765.46,7187.7,BAJA,65,1284.6,Egreso,2025-08-20,Transaction at Paradise Biryani,Transferencia,1206.33,0,Food
30091.12,8643.99,BAJA,86,361.7,Egreso,2025-08-12,Transaction at Spotify,Credito,521.01,8,Entertainment
41681.38,6943.87,BAJA,72,880.88,Egreso,2025-04-15,Transaction at Lenskart,Debito,4339.9,0,Online Shopping
5072.04,3778.43,NULA,48,705.58,Egreso,2025-12-19,Transaction at Samsung Store,Credito,85147.97,11,Electronics
47360.68,4489.76,BAJA,47,361.34,Egreso,2025-12-21,Transaction at Tata Cliq,Debito,19129.99,0,Online Shopping
34336.94,3640.57,MEDIA,82,1781.92,Egreso,2025-01-04,Transaction at Airtel,Debito,708.03,0,Bills
27808.88,1583.17,BAJA,79,111.11,Egreso,2025-06-09,Transaction at Water Board,Credito,1846.73,2,Bills
17137.27,6991.09,NULA,33,1815.55,Egreso,2025-09-06,Transaction at Nike,Transferencia,2003.49,0,Clothing
10004.97,6854.33,NULA,64,513.92,Egreso,2025-09-14,Transaction at IndiGo,Debito,10977.16,0,Travel
9028.79,9210.58,ALTA,18,1582.81,Egreso,2025-09-16,Transaction at AirAsia,Debito,5006.35,0,Travel
28620.04,9429.73,ALTA,51,429.81,Egreso,2025-11-30,Transaction at Property Tax Online,Transferencia,4281.98,0,Bills
29873.68,1829.23,ALTA,71,1723.92,Egreso,2025-07-15,Transaction at Nilgiris,Debito,3147.08,0,Grocery
39841.46,3228.94,BAJA,97,1971.85,Egreso,2025-10-13,Transaction at Zee5,Debito,210.54,0,Entertainment
19650.08,1627.14,ALTA,90,453.31,Egreso,2025-04-26,Transaction at OnePlus,Credito,109124.13,1,Electronics
49822.27,3329.1,MEDIA,12,1725.53,Egreso,2025-10-26,Transaction at AirAsia,Transferencia,8681.09,0,Travel
44100.84,4813.9,ALTA,43,331.51,Egreso,2025-01-14,Transaction at Apple Music,Transferencia,133.0,0,Entertainment
30223.56,8652.63,NULA,79,736.53,Egreso,2025-11-01,Transaction at SonyLiv,Transferencia,279.45,0,Entertainment
14982.51,4238.0,BAJA,87,1573.33,Egreso,2025-10-11,Transaction at Spotify,Transferencia,316.46,0,Entertainment
37351.72,2433.56,NULA,24,1151.95,Egreso,2025-03-05,Transaction at CloudNine,Debito,9430.09,0,Healthcare
29821.17,4140.48,ALTA,56,104.65,Egreso,2025-05-03,Transaction at Jio Fiber,Transferencia,5264.96,0,Bills
45628.43,4750.24,MEDIA,62,1111.31,Egreso,2025-04-30,Transaction at Vivo Store,Debito,25307.36,0,Electronics
44632.4,7303.04,ALTA,45,937.21,Egreso,2025-05-04,Transaction at Property Tax Online,Debito,3894.78,0,Bills
25920.99,9922.99,ALTA,56,1500.34,Egreso,2025-08-12,Transaction at Spencers,Transferencia,1099.24,0,Grocery
26178.03,2160.76,MEDIA,62,1102.55,Egreso,2025-05-19,Transaction at TSRTC,Transferencia,504.93,0,Transport
6464.4,8785.99,MEDIA,16,1611.6,Egreso,2025-09-18,Transaction at Zee5,Credito,800.61,2,Entertainment
6062.54,6276.44,BAJA,30,104.78,Egreso,2025-12-05,Transaction at CloudNine,Debito,10377.31,0,Healthcare
42495.65,1137.68,MEDIA,63,1639.09,Egreso,2025-10-09,Transaction at Puma,Credito,5481.39,7,Clothing
16196.33,7381.41,BAJA,19,744.75,Egreso,2025-04-06,Transaction at OnePlus,Transferencia,101717.97,0,Electronics
46178.7,6514.71,ALTA,52,1165.91,Egreso,2025-04-02,Transaction at Jio Fiber,Credito,463.68,9,Bills
23618.78,9785.7,MEDIA,95,405.95,Egreso,2025-02-06,Transaction at TNEB,Transferencia,2588.63,0,Bills
30110.02,5866.03,BAJA,25,366.61,Egreso,2025-12-10,Transaction at HP World,Transferencia,100023.31,0,Electronics
34927.86,6664.76,MEDIA,95,266.93,Egreso,2025-09-18,Transaction at CloudNine,Credito,4551.49,9,Healthcare
6436.21,9183.87,MEDIA,9,971.82,Egreso,2025-08-21,Transaction at Booking.com,Transferencia,15255.35,0,Travel
47811.32,7564.95,MEDIA,16,234.37,Egreso,2025-11-21,Transaction at Mi Store,Credito,53497.25,4,Electronics
35841.49,3126.95,BAJA,92,634.93,Egreso,2025-08-03,Transaction at Levis,Debito,4003.98,0,Clothing
25544.12,1788.84,BAJA,35,1106.84,Egreso,2025-06-10,Transaction at Burger King,Transferencia,402.31,0,Food
10430.57,7247.02,BAJA,14,1934.09,Egreso,2025-09-07,Transaction at Meru Cabs,Debito,1178.49,0,Transport
31529.7,8797.32,ALTA,10,1563.32,Egreso,2025-03-21,Transaction at Property Tax Online,Transferencia,2686.5,0,Bills
19588.46,3083.16,MEDIA,48,411.45,Egreso,2025-11-14,Transaction at Reliance Digital,Credito,71195.72,7,Electronics
13011.42,8377.32,MEDIA,0,828.13,Egreso,2025-02-10,Transaction at Meesho,Credito,2899.28,7,Online Shopping
32813.03,1599.76,MEDIA,66,251.67,Egreso,2025-12-16,Transaction at Ola,Transferencia,1868.42,0,Transport
29412.72,5407.62,ALTA,73,1680.82,Egreso,2025-08-08,Transaction at Boat Lifestyle,Transferencia,106877.23,0,Electronics
33399.97,9716.24,ALTA,54,1125.97,Egreso,2025-01-01,Transaction at JioMart,Credito,4198.03,11,Grocery
6619.91,5603.16,MEDIA,88,683.29,Egreso,2025-05-16,Transaction at Gaana,Transferencia,661.85,0,Entertainment
19297.55,4662.42,BAJA,59,1731.87,Egreso,2025-07-04,Transaction at Meru Cabs,Transferencia,1603.79,0,Transport
30094.7,7944.61,ALTA,50,524.26,Egreso,2025-01-18,Transaction at Dell Exclusive,Transferencia,39239.39,0,Electronics
49575.5,5503.2,NULA,14,905.46,Egreso,2025-06-16,Transaction at Ola,Transferencia,1425.93,0,Transport
12924.55,4366.72,NULA,70,1973.21,Egreso,2025-01-01,Transaction at BMTC,Transferencia,863.68,0,Transport
36190.98,4164.72,BAJA,84,309.84,Egreso,2025-02-08,Transaction at Woodland,Credito,1934.4,10,Clothing
10542.97,3919.44,BAJA,31,980.63,Egreso,2025-11-07,Transaction at Nykaa,Credito,13298.55,6,Online Shopping
33895.75,1653.09,MEDIA,76,563.94,Egreso,2025-05-25,Transaction at Croma,Transferencia,41636.74,0,Electronics
42411.38,3435.57,MEDIA,71,821.65,Egreso,2025-02-10,Transaction at Snapdeal,Transferencia,5128.82,0,Online Shopping
27891.2,2828.15,BAJA,5,1253.8,Egreso,2025-10-02,Transaction at H&M,Transferencia,533.58,0,Clothing
30297.34,6302.11,MEDIA,54,235.35,Egreso,2025-05-18,Transaction at Meru Cabs,Transferencia,677.19,0,Transport
44450.3,5887.5,NULA,90,1923.03,Egreso,2025-10-19,Transaction at Barbeque Nation,Credito,986.27,2,Food
35003.0,1117.78,ALTA,68,1736.96,Egreso,2025-06-15,Transaction at SonyLiv,Transferencia,579.93,0,Entertainment
49138.78,7974.44,ALTA,59,1785.07,Egreso,2025-04-06,Transaction at Max Fashion,Transferencia,4405.96,0,Clothing
39578.79,7286.65,NULA,29,540.66,Egreso,2025-03-24,Transaction at Levis,Transferencia,4233.95,0,Clothing
13441.43,9291.44,NULA,41,297.04,Egreso,2025-03-19,Transaction at Apollo Pharmacy,Transferencia,3794.16,0,Healthcare
49473.13,8787.42,ALTA,17,1791.22,Egreso,2025-03-27,Transaction at Cream Stone,Transferencia,585.17,0,Food
40337.84,9927.11,NULA,77,293.33,Egreso,2025-11-24,Transaction at Starbucks,Transferencia,624.66,0,Food
28170.27,9703.61,NULA,55,291.57,Egreso,2025-12-27,Transaction at Vistara,Transferencia,14448.81,0,Travel
24631.67,6689.86,NULA,81,619.86,Egreso,2025-11-01,Transaction at Samsung Store,Debito,75811.51,0,Electronics
17670.77,7821.12,BAJA,41,1460.77,Egreso,2025-09-25,Transaction at Apple Store,Credito,60321.93,1,Electronics
26256.45,7979.18,MEDIA,30,1057.27,Egreso,2025-12-12,Transaction at Fortis,Debito,5244.13,0,Healthcare
47258.99,6492.51,MEDIA,13,907.77,Egreso,2025-11-06,Transaction at Booking.com,Transferencia,23541.71,0,Travel
19129.93,7964.31,NULA,53,890.05,Egreso,2025-03-15,Transaction at Ajio,Debito,7219.14,0,Online Shopping
30241.12,8001.01,ALTA,34,1152.02,Egreso,2025-07-02,Transaction at Gas Agency,Transferencia,2143.18,0,Bills
44097.43,2754.77,ALTA,59,590.39,Egreso,2025-05-19,Transaction at McDonalds,Transferencia,1357.82,0,Food
15685.3,5969.66,BAJA,15,848.83,Egreso,2025-06-18,Transaction at Reliance Fresh,Credito,631.66,2,Grocery
34350.48,4957.45,NULA,83,1200.34,Egreso,2025-08-18,Transaction at Nilgiris,Debito,3747.49,0,Grocery
13532.35,4916.56,NULA,43,1852.21,Egreso,2025-10-19,Transaction at Ajio,Debito,7304.85,0,Online Shopping
41457.24,6601.62,BAJA,56,1568.12,Egreso,2025-05-01,Transaction at Ola,Transferencia,1301.46,0,Transport
25088.76,9804.64,ALTA,26,1159.88,Egreso,2025-12-17,Transaction at H&M,Debito,6003.79,0,Clothing
38848.27,5932.51,MEDIA,84,978.05,Egreso,2025-10-30,Transaction at Aster,Transferencia,6794.18,0,Healthcare
7064.59,7187.62,ALTA,53,1117.4,Egreso,2025-08-04,Transaction at PharmEasy,Transferencia,9959.83,0,Healthcare
35743.23,3580.47,BAJA,71,1563.67,Egreso,2025-08-21,Transaction at DMart,Transferencia,743.28,0,Grocery
11905.05,9055.82,NULA,69,578.92,Egreso,2025-08-01,Transaction at ACT Fibernet,Credito,5473.5,6,Bills
23045.75,5825.56,NULA,14,1486.69,Egreso,2025-07-07,Transaction at Lenskart,Transferencia,17938.78,0,Online Shopping
17767.42,1371.7,BAJA,24,746.24,Egreso,2025-08-02,Transaction at Vivo Store,Transferencia,5518.31,0,Electronics
24667.09,6127.26,BAJA,61,247.65,Egreso,2025-03-28,Transaction at Airtel,Debito,4150.14,0,Bills
42760.59,1508.66,MEDIA,62,1727.17,Egreso,2025-09-10,Transaction at HP World,Credito,70563.64,4,Electronics
28948.47,2206.74,ALTA,55,1851.49,Egreso,2025-07-17,Transaction at Allen Solly,Transferencia,5934.38,0,Clothing
38435.41,2089.88,NULA,9,777.78,Egreso,2025-11-17,Transaction at Puma,Credito,2905.34,9,Clothing
24418.46,1517.87,MEDIA,52,275.96,Egreso,2025-12-21,Transaction at Tata Cliq,Transferencia,1327.8,0,Online Shopping
5974.96,9542.52,BAJA,30,1857.46,Egreso,2025-05-27,Transaction at Barbeque Nation,Credito,516.9,7,Food
45697.02,6653.04,NULA,13,1861.04,Egreso,2025-06-02,Transaction at JioMart,Credito,1855.0,4,Grocery
25818.5,9745.12,ALTA,13,1672.56,Egreso,2025-02-20,Transaction at JioMart,Credito,3888.84,3,Grocery
27831.54,4407.14,BAJA,49,888.68,Egreso,2025-06-10,Transaction at Apple Music,Transferencia,483.05,0,Entertainment
30396.14,6124.42,ALTA,60,862.41,Egreso,2025-01-21,Transaction at Vodafone Idea,Transferencia,2115.45,0,Bills
27941.53,7833.77,ALTA,66,956.18,Egreso,2025-06-25,Transaction at IRCTC,Transferencia,11331.33,0,Travel
28193.25,2394.86,ALTA,99,498.34,Egreso,2025-04-11,Transaction at Aha,Transferencia,533.35,0,Entertainment
37101.02,7047.8,ALTA,27,1624.7,Egreso,2025-06-27,Transaction at Spotify,Transferencia,360.35,0,Entertainment
25621.58,3406.1,BAJA,23,1558.98,Egreso,2025-09-23,Transaction at SonyLiv,Credito,232.65,3,Entertainment
24547.23,3504.49,BAJA,14,1635.16,Egreso,2025-12-27,Transaction at Jio Fiber,Transferencia,3207.65,0,Bills
47806.16,6311.19,NULA,33,360.09,Egreso,2025-09-02,Transaction at Apple Store,Transferencia,3476.77,0,Electronics
13921.12,3124.39,ALTA,68,970.02,Egreso,2025-03-28,Transaction at Property Tax Online,Transferencia,4012.24,0,Bills
36060.95,6492.41,NULA,89,826.55,Egreso,2025-09-27,Transaction at Property Tax Online,Transferencia,1936.0,0,Bills
38833.13,6462.14,NULA,99,1428.27,Egreso,2025-07-04,Transaction at Netmeds,Transferencia,5336.76,0,Healthcare
6152.8,9021.23,ALTA,32,1573.37,Egreso,2025-09-18,Transaction at Ola,Transferencia,1857.53,0,Transport
26725.75,8502.52,NULA,90,837.74,Egreso,2025-05-11,Transaction at SonyLiv,Credito,198.05,7,Entertainment
27737.89,3203.0,ALTA,19,1427.63,Egreso,2025-11-17,Transaction at Fortis,Transferencia,17672.44,0,Healthcare
16112.13,1756.36,BAJA,14,508.52,Egreso,2025-10-08,Transaction at Levis,Transferencia,4202.97,0,Clothing
35102.7,3073.86,NULA,41,1615.7,Egreso,2025-08-12,Transaction at Property Tax Online,Credito,979.6,10,Bills
48399.51,1441.53,NULA,98,1548.3,Egreso,2025-07-17,Transaction at Starbucks,Debito,776.43,0,Food
37099.91,7848.22,BAJA,97,1675.03,Egreso,2025-09-24,Transaction at Kauvery,Debito,17378.77,0,Healthcare
6195.67,5485.32,NULA,83,204.27,Egreso,2025-08-31,Transaction at Flipkart,Transferencia,4289.96,0,Online Shopping
7391.81,1238.7,ALTA,9,1253.81,Egreso,2025-04-03,Transaction at Nykaa,Transferencia,3313.93,0,Online Shopping
41326.16,5585.64,NULA,1,1070.29,Egreso,2025-03-28,Transaction at Woodland,Transferencia,5596.62,0,Clothing
41982.48,2788.06,BAJA,36,390.34,Egreso,2025-10-03,Transaction at US Polo,Transferencia,2799.37,0,Clothing
35055.9,3651.54,MEDIA,78,1383.49,Egreso,2025-10-23,Transaction at Dominos,Credito,1252.43,11,Food
5967.57,3843.8,NULA,78,1536.13,Egreso,2025-04-07,Transaction at Meru Cabs,Transferencia,397.79,0,Transport
12275.16,9856.52,ALTA,42,1170.41,Egreso,2025-11-07,Transaction at Snapdeal,Transferencia,10606.63,0,Online Shopping
46252.51,6845.99,MEDIA,4,798.44,Egreso,2025-12-30,Transaction at Vistara,Credito,20544.69,3,Travel
20994.1,4248.92,BAJA,86,1926.54,Egreso,2025-03-21,Transaction at Spotify,Transferencia,299.37,0,Entertainment
29939.08,9390.86,ALTA,81,1128.76,Egreso,2025-11-21,Transaction at Flipkart,Debito,19113.45,0,Online Shopping
48168.74,4762.52,NULA,32,139.09,Egreso,2025-08-28,Transaction at Reliance Fresh,Transferencia,2938.68,0,Grocery
48761.44,1458.03,ALTA,30,1418.01,Egreso,2025-09-08,Transaction at Snapdeal,Debito,1629.64,0,Online Shopping
35144.19,9548.69,ALTA,87,1360.65,Egreso,2025-01-17,Transaction at Puma,Transferencia,7885.96,0,Clothing
8367.45,8141.52,ALTA,50,537.57,Egreso,2025-02-11,Transaction at MakeMyTrip,Transferencia,24570.52,0,Travel
27179.93,3944.83,NULA,15,772.82,Egreso,2025-04-27,Transaction at Apollo Hospital,Transferencia,9751.27,0,Healthcare
22753.64,5476.37,ALTA,38,366.73,Egreso,2025-06-17,Transaction at Tata Cliq,Debito,13236.22,0,Online Shopping
46821.63,7958.84,BAJA,82,876.35,Egreso,2025-05-18,Transaction at Flipkart,Credito,6497.12,1,Online Shopping
40465.42,7621.15,NULA,55,1454.51,Egreso,2025-06-01,Transaction at Croma,Transferencia,14756.78,0,Electronics
47676.7,6541.57,BAJA,24,1346.51,Egreso,2025-12-11,Transaction at Dell Exclusive,Transferencia,54113.41,0,Electronics
36037.28,1379.52,ALTA,31,756.08,Egreso,2025-12-09,Transaction at Asus Store,Debito,10251.95,0,Electronics
8517.84,9470.12,BAJA,56,1135.87,Egreso,2025-02-10,Transaction at SonyLiv,Debito,774.96,0,Entertainment
13916.67,9369.01,MEDIA,38,1759.94,Egreso,2025-12-13,Transaction at Snapdeal,Transferencia,19841.89,0,Online Shopping
42194.4,8485.19,BAJA,74,1330.24,Egreso,2025-01-20,Transaction at AirAsia,Transferencia,14181.93,0,Travel
34893.47,3235.06,ALTA,69,409.91,Egreso,2025-08-24,Transaction at Vodafone Idea,Transferencia,2018.63,0,Bills
42124.8,3136.6,ALTA,59,644.37,Egreso,2025-08-28,Transaction at More Supermarket,Transferencia,3808.69,0,Grocery
22677.09,1944.69,BAJA,6,765.67,Egreso,2025-01-30,Transaction at Flipkart,Transferencia,6495.11,0,Online Shopping
45346.08,2989.01,ALTA,60,1875.86,Egreso,2025-06-05,Transaction at Netmeds,Transferencia,18283.93,0,Healthcare
25354.73,2506.95,BAJA,96,1599.09,Egreso,2025-11-12,Transaction at Metro Rail,Transferencia,1479.82,0,Transport
10664.78,4322.71,NULA,16,765.42,Egreso,2025-08-22,Transaction at RedBus,Transferencia,1976.82,0,Transport
40415.77,4595.53,ALTA,87,1271.18,Egreso,2025-02-15,Transaction at Dell Exclusive,Transferencia,43427.79,0,Electronics
43202.9,7202.53,MEDIA,7,1841.44,Egreso,2025-10-21,Transaction at Gas Agency,Transferencia,2230.57,0,Bills
11527.14,1431.73,ALTA,49,1826.3,Egreso,2025-02-19,Transaction at Vistara,Debito,18118.68,0,Travel
43093.04,2232.72,MEDIA,31,105.25,Egreso,2025-07-11,Transaction at JioMart,Debito,4493.99,0,Grocery
29109.41,4040.45,BAJA,11,236.9,Egreso,2025-03-14,Transaction at Amazon,Credito,11725.73,4,Online Shopping
11735.23,6875.86,MEDIA,54,828.53,Egreso,2025-01-05,Transaction at Apollo Pharmacy,Transferencia,11102.86,0,Healthcare
33525.79,9488.5,NULA,58,1066.25,Egreso,2025-11-21,Transaction at Croma,Credito,42058.8,10,Electronics
48753.68,6874.65,MEDIA,65,1702.04,Egreso,2025-04-11,Transaction at Rapido,Debito,1373.91,0,Transport
14406.79,4243.84,NULA,3,1132.67,Egreso,2025-12-17,Transaction at Snapdeal,Credito,438.2,4,Online Shopping
27361.32,3541.91,NULA,19,1826.74,Egreso,2025-10-24,Transaction at Nike,Transferencia,4961.49,0,Clothing
46080.14,9011.59,BAJA,11,894.76,Egreso,2025-06-15,Transaction at KFC,Credito,893.4,4,Food
13261.59,1283.72,ALTA,45,947.17,Egreso,2025-10-04,Transaction at Spencers,Transferencia,1671.11,0,Grocery
33650.18,8605.37,BAJA,92,1001.79,Egreso,2025-12-13,Transaction at Yulu Bikes,Debito,1613.43,0,Transport
6721.08,5938.21,BAJA,54,777.27,Egreso,2025-04-26,Transaction at Myntra,Credito,10701.7,1,Online Shopping
13051.39,7041.21,NULA,99,1905.67,Egreso,2025-12-05,Transaction at Burger King,Debito,966.17,0,Food
22432.38,7419.56,BAJA,50,1016.23,Egreso,2025-05-07,Transaction at Amazon Prime,Credito,593.96,8,Entertainment
10661.48,5141.72,MEDIA,47,1721.15,Egreso,2025-10-11,Transaction at Sony Center,Transferencia,50830.94,0,Electronics
8104.58,7388.05,MEDIA,76,118.11,Egreso,2025-09-24,Transaction at Booking.com,Transferencia,26504.29,0,Travel
17811.31,1925.67,BAJA,30,831.4,Egreso,2025-03-05,Transaction at Spencers,Transferencia,4317.2,0,Grocery
26696.28,6413.04,BAJA,89,896.39,Egreso,2025-11-04,Transaction at Goibibo,Credito,9802.09,9,Travel
16428.06,9972.73,ALTA,55,931.64,Egreso,2025-05-25,Transaction at OYO,Debito,26838.29,0,Travel
12449.18,8877.32,ALTA,33,1342.82,Egreso,2025-05-30,Transaction at BMTC,Transferencia,1683.14,0,Transport
29851.69,5621.64,NULA,57,246.39,Egreso,2025-07-27,Transaction at DMart,Transferencia,2974.49,0,Grocery
43115.43,9552.48,ALTA,94,808.3,Egreso,2025-04-28,Transaction at MedPlus,Transferencia,1510.32,0,Healthcare
12148.3,1048.38,ALTA,53,1617.95,Egreso,2025-09-09,Transaction at Nilgiris,Transferencia,2332.17,0,Grocery
25033.15,1204.2,NULA,33,1103.17,Egreso,2025-01-08,Transaction at MedPlus,Credito,3800.8,10,Healthcare
39953.74,6530.2,NULA,7,756.71,Egreso,2025-11-26,Transaction at Sony Center,Credito,73315.08,6,Electronics
16750.22,2092.96,NULA,62,356.39,Egreso,2025-02-06,Transaction at TSRTC,Transferencia,1597.16,0,Transport
8829.61,9536.83,ALTA,88,1582.81,Egreso,2025-04-20,Transaction at Nykaa,Transferencia,5447.06,0,Online Shopping
6275.95,2373.28,MEDIA,86,1248.39,Egreso,2025-08-30,Transaction at Apollo Pharmacy,Debito,1776.72,0,Healthcare
24857.08,5051.21,BAJA,71,542.62,Egreso,2025-02-01,Transaction at Booking.com,Transferencia,16696.36,0,Travel
23544.26,4650.17,MEDIA,65,1570.29,Egreso,2025-02-05,Transaction at Star Bazaar,Debito,3796.5,0,Grocery
49507.85,2569.09,MEDIA,80,1032.33,Egreso,2025-12-31,Transaction at Rapido,Credito,1280.04,6,Transport
24085.73,5269.65,BAJA,2,688.9,Egreso,2025-03-03,Transaction at Spencers,Transferencia,3591.6,0,Grocery
41639.9,1957.18,BAJA,73,269.95,Egreso,2025-03-24,Transaction at Property Tax Online,Debito,5538.89,0,Bills
49030.08,2722.17,MEDIA,19,722.11,Egreso,2025-01-05,Transaction at KFC,Credito,1341.92,5,Food
41070.27,3396.24,MEDIA,64,973.35,Egreso,2025-02-25,Transaction at Pantaloons,Transferencia,4959.44,0,Clothing
34148.36,5463.05,ALTA,23,1589.88,Egreso,2025-02-28,Transaction at Flipkart,Transferencia,3373.93,0,Online Shopping
18574.51,7036.41,ALTA,99,1599.63,Egreso,2025-01-08,Transaction at Hotstar,Debito,573.75,0,Entertainment
13927.21,5056.27,ALTA,74,293.2,Egreso,2025-04-09,Transaction at Meru Cabs,Debito,766.8,0,Transport
47517.99,3148.96,ALTA,14,1036.46,Egreso,2025-05-14,Transaction at Goibibo,Transferencia,29218.23,0,Travel
34332.06,7491.88,MEDIA,46,1976.96,Egreso,2025-05-11,Transaction at Zee5,Debito,907.87,0,Entertainment
35152.06,3135.77,BAJA,80,596.09,Egreso,2025-02-27,Transaction at Fortis,Credito,14786.29,2,Healthcare
28351.06,1354.39,ALTA,45,1621.17,Egreso,2025-09-02,Transaction at Tata Cliq,Transferencia,6012.98,0,Online Shopping
17529.44,3465.77,BAJA,75,1365.68,Egreso,2025-03-20,Transaction at RedBus,Transferencia,1992.82,0,Transport
31807.03,5353.75,BAJA,19,739.56,Egreso,2025-07-17,Transaction at Amazon Prime,Transferencia,332.2,0,Entertainment
15426.55,3518.96,ALTA,28,604.16,Egreso,2025-12-04,Transaction at Reliance Fresh,Credito,1521.79,5,Grocery
41576.01,8699.28,NULA,60,698.45,Egreso,2025-01-15,Transaction at Starbucks,Debito,902.28,0,Food
6277.68,2861.21,ALTA,12,1694.45,Egreso,2025-08-24,Transaction at Kauvery,Transferencia,7750.85,0,Healthcare
28309.1,5146.14,ALTA,8,669.08,Egreso,2025-09-04,Transaction at OYO,Credito,16201.24,8,Travel
7344.35,9624.93,NULA,66,984.72,Egreso,2025-01-13,Transaction at Allen Solly,Credito,7152.43,7,Clothing
39870.4,8836.28,MEDIA,30,771.01,Egreso,2025-06-10,Transaction at Dell Exclusive,Transferencia,142618.89,0,Electronics
45932.74,5203.74,NULA,18,565.32,Egreso,2025-06-22,Transaction at Vivo Store,Transferencia,40569.73,0,Electronics
40020.03,1333.96,MEDIA,28,915.75,Egreso,2025-05-10,Transaction at Apollo Pharmacy,Transferencia,758.12,0,Healthcare
42612.56,3703.87,BAJA,62,397.7,Egreso,2025-10-07,Transaction at Asus Store,Transferencia,146738.13,0,Electronics
11128.36,3855.71,ALTA,99,629.45,Egreso,2025-07-25,Transaction at Subway,Credito,306.57,3,Food
37210.4,4155.7,NULA,23,145.99,Egreso,2025-04-08,Transaction at Aha,Debito,697.69,0,Entertainment
48435.69,1398.82,MEDIA,6,594.29,Egreso,2025-09-21,Transaction at Snapdeal,Transferencia,19363.84,0,Online Shopping
15786.47,1737.16,MEDIA,8,918.96,Egreso,2025-04-20,Transaction at CCD,Transferencia,419.02,0,Food
40763.53,9183.58,MEDIA,56,444.15,Egreso,2025-04-16,Transaction at Pizza Hut,Debito,1476.81,0,Food
43245.76,9427.44,ALTA,11,1300.32,Egreso,2025-03-22,Transaction at Nilgiris,Debito,1524.09,0,Grocery
48334.47,4605.75,BAJA,17,527.59,Egreso,2025-06-02,Transaction at Jio Fiber,Debito,5625.53,0,Bills
10178.49,8330.87,ALTA,31,1674.38,Egreso,2025-02-25,Transaction at Apple Music,Credito,611.35,7,Entertainment
21024.34,7482.22,BAJA,33,1713.62,Egreso,2025-07-21,Transaction at Yulu Bikes,Debito,770.03,0,Transport
8108.74,1344.7,BAJA,94,919.1,Egreso,2025-10-24,Transaction at Fortis,Transferencia,18682.5,0,Healthcare
46583.87,9329.89,ALTA,94,568.62,Egreso,2025-03-08,Transaction at HP World,Transferencia,5691.5,0,Electronics
31932.59,4228.35,NULA,92,518.99,Egreso,2025-09-02,Transaction at Vivo Store,Credito,133751.8,9,Electronics
31837.57,7623.29,ALTA,31,1901.48,Egreso,2025-12-14,Transaction at Asus Store,Credito,29241.25,6,Electronics
35638.46,4679.8,NULA,81,525.56,Egreso,2025-08-16,Transaction at CCD,Credito,699.11,4,Food
30018.79,6926.15,NULA,54,1856.75,Egreso,2025-12-23,Transaction at Meesho,Transferencia,16181.58,0,Online Shopping
29468.55,4638.01,NULA,92,1739.02,Egreso,2025-04-13,Transaction at Metro Rail,Credito,349.23,9,Transport
45135.08,4482.84,BAJA,3,804.24,Egreso,2025-12-18,Transaction at More Supermarket,Transferencia,2250.23,0,Grocery
18586.31,8669.79,MEDIA,65,591.33,Egreso,2025-08-01,Transaction at Boat Lifestyle,Transferencia,111657.94,0,Electronics
16150.8,2509.85,ALTA,58,530.66,Egreso,2025-03-30,Transaction at MakeMyTrip,Credito,3404.91,3,Travel
6676.64,4216.16,ALTA,15,849.32,Egreso,2025-05-13,Transaction at Yulu Bikes,Transferencia,58.21,0,Transport
8484.82,8784.84,BAJA,32,1558.35,Egreso,2025-12-23,Transaction at Rapido,Debito,1121.25,0,Transport
11328.44,1230.9,MEDIA,44,1131.58,Egreso,2025-01-26,Transaction at 1mg,Transferencia,3969.59,0,Healthcare
22222.23,8824.93,MEDIA,67,1836.14,Egreso,2025-05-04,Transaction at Starbucks,Credito,379.02,1,Food
38635.01,6440.76,ALTA,57,730.73,Egreso,2025-08-31,Transaction at More Supermarket,Transferencia,3539.05,0,Grocery
31637.58,6709.32,NULA,53,1504.09,Egreso,2025-02-23,Transaction at Goibibo,Debito,16573.84,0,Travel
9108.7,6909.03,NULA,61,1418.7,Egreso,2025-01-19,Transaction at Sony Center,Transferencia,91298.76,0,Electronics
31037.45,1921.91,NULA,47,1058.01,Egreso,2025-11-19,Transaction at CCD,Transferencia,564.1,0,Food
32753.47,8559.18,BAJA,66,1333.32,Egreso,2025-11-16,Transaction at Reliance Digital,Credito,112761.81,10,Electronics
47870.1,2747.78,ALTA,96,965.31,Egreso,2025-11-22,Transaction at Barbeque Nation,Debito,590.7,0,Food
41912.12,9072.99,ALTA,16,1568.34,Egreso,2025-03-26,Transaction at Apollo Hospital,Debito,17138.8,0,Healthcare
36901.91,3605.19,ALTA,12,1985.01,Egreso,2025-03-07,Transaction at Flipkart,Transferencia,1208.77,0,Online Shopping
27989.54,4165.19,ALTA,68,1841.79,Egreso,2025-12-26,Transaction at Max Fashion,Transferencia,4704.32,0,Clothing
14543.45,5354.46,BAJA,17,1609.04,Egreso,2025-05-06,Transaction at Tata Cliq,Debito,4419.55,0,Online Shopping
5130.37,2567.02,ALTA,71,928.05,Egreso,2025-02-17,Transaction at PharmEasy,Transferencia,18212.65,0,Healthcare
49352.38,5991.29,ALTA,31,1820.35,Egreso,2025-02-12,Transaction at BMTC,Transferencia,1216.73,0,Transport
24394.8,6420.68,NULA,77,320.18,Egreso,2025-12-01,Transaction at More Supermarket,Transferencia,3510.13,0,Grocery
26066.48,6770.02,ALTA,39,1064.32,Egreso,2025-05-09,Transaction at Apple Music,Transferencia,746.94,0,Entertainment
7874.24,7358.78,ALTA,75,1652.08,Egreso,2025-01-21,Transaction at Star Bazaar,Debito,1564.4,0,Grocery
21769.21,7745.3,BAJA,20,1788.58,Egreso,2025-05-12,Transaction at Vodafone Idea,Debito,4962.2,0,Bills
23694.86,5986.78,ALTA,82,949.24,Egreso,2025-05-08,Transaction at AirAsia,Debito,8077.37,0,Travel
30811.32,6247.8,ALTA,77,1917.89,Egreso,2025-01-19,Transaction at Nature's Basket,Transferencia,949.03,0,Grocery
47794.81,2818.48,BAJA,59,508.77,Egreso,2025-03-29,Transaction at Flipkart,Debito,18660.5,0,Online Shopping
14111.54,4843.86,NULA,96,1628.66,Egreso,2025-05-28,Transaction at Wrogn,Transferencia,2384.26,0,Clothing
31028.78,6858.13,NULA,56,1934.48,Egreso,2025-12-12,Transaction at Gaana,Transferencia,278.6,0,Entertainment
10531.64,6712.09,BAJA,13,1570.23,Egreso,2025-01-08,Transaction at Netmeds,Debito,12054.54,0,Healthcare
38627.26,1854.49,BAJA,98,967.56,Egreso,2025-06-05,Transaction at Meesho,Transferencia,16205.38,0,Online Shopping
31025.99,9166.97,BAJA,78,1425.64,Egreso,2025-02-21,Transaction at OnePlus,Transferencia,31426.39,0,Electronics
5954.41,7060.63,MEDIA,4,267.04,Egreso,2025-02-19,Transaction at Yulu Bikes,Transferencia,1346.99,0,Transport
7236.28,6763.74,BAJA,94,1067.65,Egreso,2025-10-04,Transaction at Rapido,Debito,551.16,0,Transport
32153.62,1884.61,NULA,85,793.9,Egreso,2025-12-13,Transaction at Pizza Hut,Credito,457.46,5,Food
15899.76,5090.12,ALTA,24,464.45,Egreso,2025-08-19,Transaction at Taco Bell,Transferencia,1134.06,0,Food
35990.36,8094.21,NULA,85,1320.17,Egreso,2025-06-08,Transaction at Netmeds,Debito,17521.91,0,Healthcare
44182.06,9504.31,BAJA,21,1203.12,Egreso,2025-08-18,Transaction at Pantaloons,Credito,4472.88,2,Clothing
43834.67,7956.56,MEDIA,75,728.45,Egreso,2025-06-23,Transaction at RedBus,Transferencia,1868.12,0,Transport
36957.75,9012.43,MEDIA,91,1878.86,Egreso,2025-02-17,Transaction at Yulu Bikes,Credito,1794.84,6,Transport
44776.17,4602.04,NULA,90,1852.96,Egreso,2025-02-10,Transaction at Myntra,Transferencia,1998.59,0,Online Shopping
13932.38,7867.91,NULA,96,1642.01,Egreso,2025-08-25,Transaction at Yulu Bikes,Debito,156.58,0,Transport
23894.54,6485.94,ALTA,79,667.37,Egreso,2025-12-08,Transaction at Allen Solly,Debito,4020.62,0,Clothing
32629.48,6609.59,ALTA,61,1861.97,Egreso,2025-08-28,Transaction at Nykaa,Debito,9761.19,0,Online Shopping
7862.19,7340.18,ALTA,45,1754.26,Egreso,2025-01-25,Transaction at TSRTC,Transferencia,1059.18,0,Transport
19282.35,8735.33,NULA,77,1876.46,Egreso,2025-11-05,Transaction at Yatra,Transferencia,14735.1,0,Travel
5621.35,8736.53,NULA,32,681.93,Egreso,2025-08-21,Transaction at TNEB,Transferencia,214.21,0,Bills
18789.59,7539.0,ALTA,35,159.51,Egreso,2025-10-19,Transaction at Zee5,Credito,226.41,1,Entertainment
38339.09,5053.57,NULA,53,1407.56,Egreso,2025-10-24,Transaction at Sony Center,Credito,108636.9,9,Electronics
11507.36,4330.82,MEDIA,76,1737.79,Egreso,2025-03-10,Transaction at Starbucks,Transferencia,1190.86,0,Food
7561.18,4675.02,MEDIA,76,958.34,Egreso,2025-07-13,Transaction at OnePlus,Credito,65327.02,10,Electronics
37404.13,7611.78,ALTA,15,1450.91,Egreso,2025-06-18,Transaction at Flipkart,Transferencia,9329.62,0,Online Shopping
45810.32,6348.39,NULA,31,450.22,Egreso,2025-11-09,Transaction at AirAsia,Transferencia,27648.16,0,Travel
46962.22,5046.04,BAJA,72,1027.43,Egreso,2025-12-02,Transaction at CloudNine,Transferencia,8938.66,0,Healthcare
6688.95,3617.37,BAJA,27,491.53,Egreso,2025-04-22,Transaction at Wrogn,Credito,3593.32,5,Clothing
37728.79,6931.63,BAJA,95,133.85,Egreso,2025-07-20,Transaction at Aster,Transferencia,11829.28,0,Healthcare
27915.58,2850.08,BAJA,58,1164.33,Egreso,2025-05-13,Transaction at Spotify,Transferencia,588.71,0,Entertainment
43597.92,4101.66,BAJA,48,511.45,Egreso,2025-01-28,Transaction at Biba,Credito,6814.87,2,Clothing
30227.58,5635.18,BAJA,89,136.55,Egreso,2025-06-04,Transaction at More Supermarket,Transferencia,2624.97,0,Grocery
31725.8,1654.77,ALTA,6,1404.5,Egreso,2025-01-22,Transaction at Zee5,Transferencia,377.51,0,Entertainment
28984.91,1768.33,ALTA,44,1110.61,Egreso,2025-09-22,Transaction at Samsung Store,Debito,64099.81,0,Electronics
19534.2,3316.91,BAJA,11,1390.62,Egreso,2025-09-03,Transaction at Apollo Hospital,Debito,18800.89,0,Healthcare
6084.93,9624.45,BAJA,37,1837.39,Egreso,2025-05-02,Transaction at OYO,Debito,2631.1,0,Travel
37654.36,6196.51,MEDIA,30,134.75,Egreso,2025-04-22,Transaction at Yulu Bikes,Transferencia,1071.05,0,Transport
6173.27,5457.54,NULA,38,1090.74,Egreso,2025-11-07,Transaction at Levis,Credito,4222.91,1,Clothing
33921.38,5671.8,NULA,84,411.67,Egreso,2025-01-15,Transaction at Aha,Credito,604.52,1,Entertainment
41644.44,6696.85,NULA,20,591.34,Egreso,2025-11-17,Transaction at Meesho,Transferencia,13075.62,0,Online Shopping
34874.88,1774.53,NULA,37,386.6,Egreso,2025-03-13,Transaction at Pepperfry,Debito,16551.34,0,Online Shopping
15039.05,2603.61,MEDIA,91,407.9,Egreso,2025-03-16,Transaction at Ola,Credito,1427.04,10,Transport
33639.47,9761.58,NULA,96,1315.99,Egreso,2025-01-19,Transaction at OYO,Transferencia,1940.09,0,Travel
25075.5,7116.92,BAJA,60,473.99,Egreso,2025-11-14,Transaction at Reliance Digital,Debito,136347.98,0,Electronics
5158.51,9061.78,ALTA,96,201.49,Egreso,2025-08-17,Transaction at MakeMyTrip,Debito,10656.22,0,Travel
12133.86,3149.19,ALTA,41,241.93,Egreso,2025-06-14,Transaction at Samsung Store,Transferencia,20693.81,0,Electronics
14293.13,1414.0,ALTA,50,1143.96,Egreso,2025-03-30,Transaction at Burger King,Transferencia,555.57,0,Food
25533.59,2122.86,NULA,62,1970.14,Egreso,2025-05-22,Transaction at Meesho,Debito,3311.49,0,Online Shopping
44000.74,3625.77,NULA,56,689.19,Egreso,2025-10-08,Transaction at Zee5,Credito,876.44,8,Entertainment
29152.42,6531.9,BAJA,68,899.94,Egreso,2025-01-09,Transaction at Metro Rail,Transferencia,1552.86,0,Transport
31912.5,1222.58,BAJA,78,1466.84,Egreso,2025-08-13,Transaction at Pantaloons,Credito,1512.62,2,Clothing
48969.29,1641.35,MEDIA,54,835.94,Egreso,2025-09-14,Transaction at BigBazaar,Transferencia,1358.81,0,Grocery
27354.93,6110.88,MEDIA,29,1570.36,Egreso,2025-11-09,Transaction at Gas Agency,Transferencia,4209.88,0,Bills
45107.67,9350.25,BAJA,89,1598.82,Egreso,2025-03-22,Transaction at Vodafone Idea,Debito,2730.7,0,Bills
20241.49,3594.4,MEDIA,80,280.28,Egreso,2025-07-06,Transaction at CCD,Transferencia,187.17,0,Food
32165.0,3465.29,NULA,86,500.13,Egreso,2025-08-16,Transaction at Airtel,Transferencia,579.33,0,Bills
21754.88,6257.08,MEDIA,51,344.91,Egreso,2025-03-31,Transaction at Tata Cliq,Transferencia,3100.59,0,Online Shopping
38489.84,3910.35,NULA,64,1608.4,Egreso,2025-01-29,Transaction at Meru Cabs,Transferencia,1065.72,0,Transport
36633.66,8340.07,NULA,8,244.01,Egreso,2025-03-07,Transaction at Nike,Transferencia,6887.11,0,Clothing
20281.97,9837.84,ALTA,19,798.35,Egreso,2025-09-19,Transaction at YouTube Premium,Credito,464.95,11,Entertainment
21139.29,3354.98,NULA,3,1346.94,Egreso,2025-04-18,Transaction at Airtel,Transferencia,3779.62,0,Bills
11021.5,9170.83,BAJA,74,1343.15,Egreso,2025-05-26,Transaction at Pantaloons,Transferencia,6064.11,0,Clothing
22436.2,9502.62,NULA,16,1576.47,Egreso,2025-06-17,Transaction at Lenskart,Transferencia,18827.87,0,Online Shopping
5412.78,4058.04,BAJA,93,333.05,Egreso,2025-07-10,Transaction at Yatra,Transferencia,3998.58,0,Travel
16683.48,1168.97,MEDIA,72,1843.34,Egreso,2025-04-25,Transaction at IndiGo,Transferencia,15378.87,0,Travel
6421.5,7457.26,ALTA,10,1360.12,Egreso,2025-06-14,Transaction at Asus Store,Debito,87603.4,0,Electronics
18716.32,3793.97,NULA,75,1797.23,Egreso,2025-11-07,Transaction at Property Tax Online,Debito,3079.02,0,Bills
43700.33,8663.14,NULA,81,1037.41,Egreso,2025-10-21,Transaction at BMTC,Transferencia,1856.49,0,Transport
6905.56,1015.0,BAJA,75,1214.68,Egreso,2025-06-09,Transaction at Amazon,Debito,5998.78,0,Online Shopping
34103.38,7594.97,NULA,97,1522.37,Egreso,2025-06-01,Transaction at Aster,Debito,3567.41,0,Healthcare
7505.31,9509.53,BAJA,21,962.17,Egreso,2025-01-05,Transaction at Kauvery,Debito,7356.15,0,Healthcare
20379.95,1925.77,ALTA,60,1623.48,Egreso,2025-01-14,Transaction at Spotify,Credito,956.58,11,Entertainment
49339.95,5925.13,BAJA,28,761.23,Egreso,2025-04-05,Transaction at Meru Cabs,Transferencia,224.13,0,Transport
32698.0,6020.75,BAJA,85,997.84,Egreso,2025-10-29,Transaction at Biba,Credito,4869.52,6,Clothing
38305.34,8594.76,ALTA,5,1255.97,Egreso,2025-06-18,Transaction at Uber,Credito,1321.72,5,Transport
49728.46,6995.19,ALTA,21,1175.85,Egreso,2025-08-16,Transaction at Jio Fiber,Credito,4509.38,7,Bills
17235.45,6871.83,ALTA,12,420.33,Egreso,2025-10-18,Transaction at OYO,Transferencia,11403.35,0,Travel
32009.4,9057.85,BAJA,44,1454.25,Egreso,2025-07-06,Transaction at Goibibo,Transferencia,9975.44,0,Travel
8538.94,2735.9,MEDIA,60,731.39,Egreso,2025-03-12,Transaction at McDonalds,Transferencia,101.19,0,Food
16201.78,8528.31,NULA,56,219.01,Egreso,2025-03-05,Transaction at McDonalds,Credito,1295.73,1,Food
38428.06,5065.56,MEDIA,8,297.71,Egreso,2025-07-01,Transaction at Levis,Transferencia,7921.63,0,Clothing
43162.29,8058.29,ALTA,25,757.1,Egreso,2025-03-26,Transaction at PharmEasy,Debito,4518.55,0,Healthcare
32566.68,1562.09,BAJA,91,118.44,Egreso,2025-06-30,Transaction at Gaana,Transferencia,881.06,0,Entertainment
7377.04,6560.62,ALTA,23,201.93,Egreso,2025-02-20,Transaction at A2B,Transferencia,1397.71,0,Food
18414.45,5712.36,NULA,38,1131.13,Egreso,2025-11-15,Transaction at Amazon,Debito,15698.76,0,Online Shopping
8572.3,3325.65,MEDIA,77,1764.73,Egreso,2025-07-21,Transaction at Puma,Transferencia,4690.91,0,Clothing
14206.6,1825.22,BAJA,94,1463.65,Egreso,2025-01-16,Transaction at H&M,Debito,3174.31,0,Clothing
13360.31,9932.94,BAJA,81,838.59,Egreso,2025-01-04,Transaction at TNEB,Transferencia,2790.27,0,Bills
24572.82,4919.51,NULA,67,260.3,Egreso,2025-12-02,Transaction at US Polo,Debito,721.31,0,Clothing
11530.84,4129.63,ALTA,96,1973.59,Egreso,2025-08-16,Transaction at Zee5,Transferencia,684.52,0,Entertainment
25757.56,1708.74,BAJA,22,725.06,Egreso,2025-12-11,Transaction at Netmeds,Credito,12679.1,4,Healthcare
49808.61,8776.53,MEDIA,32,890.4,Egreso,2025-06-13,Transaction at Starbucks,Transferencia,235.97,0,Food
15969.8,6987.36,MEDIA,41,1948.38,Egreso,2025-01-10,Transaction at Nykaa,Transferencia,10943.22,0,Online Shopping
18310.11,1526.85,MEDIA,82,1793.48,Egreso,2025-03-25,Transaction at TSRTC,Debito,95.85,0,Transport
38705.57,3532.19,MEDIA,94,1472.66,Egreso,2025-02-22,Transaction at CCD,Transferencia,1334.77,0,Food
22325.85,8701.04,ALTA,60,355.17,Egreso,2025-02-11,Transaction at Ola,Transferencia,1443.94,0,Transport
36100.74,4444.39,NULA,45,1255.77,Egreso,2025-01-28,Transaction at YouTube Premium,Debito,436.49,0,Entertainment
6026.85,7709.77,NULA,30,687.67,Egreso,2025-12-09,Transaction at Nature's Basket,Credito,4463.2,1,Grocery
35495.91,7014.1,ALTA,36,1637.31,Egreso,2025-09-25,Transaction at RedBus,Transferencia,342.33,0,Transport
16860.74,2186.69,ALTA,62,1441.86,Egreso,2025-03-20,Transaction at Fortis,Transferencia,16618.39,0,Healthcare
19657.5,3774.6,MEDIA,6,846.58,Egreso,2025-03-25,Transaction at Taco Bell,Transferencia,158.22,0,Food
28943.33,6761.91,BAJA,13,1935.91,Egreso,2025-09-07,Transaction at IndiGo,Transferencia,26922.95,0,Travel
30630.86,8691.32,ALTA,38,348.24,Egreso,2025-07-28,Transaction at Aha,Credito,464.53,6,Entertainment
28269.02,5119.22,MEDIA,97,1067.57,Egreso,2025-07-05,Transaction at Cream Stone,Credito,184.68,2,Food
19800.7,9214.21,MEDIA,74,1438.26,Egreso,2025-09-06,Transaction at Booking.com,Credito,28217.02,5,Travel
10006.14,5301.61,NULA,27,642.68,Egreso,2025-01-30,Transaction at ACT Fibernet,Transferencia,3458.77,0,Bills
22128.21,9078.66,ALTA,47,1609.43,Egreso,2025-11-04,Transaction at Apollo Pharmacy,Debito,14977.82,0,Healthcare
26505.78,9273.85,BAJA,3,1540.39,Egreso,2025-04-14,Transaction at Barbeque Nation,Credito,325.84,7,Food
30775.32,4615.42,MEDIA,18,207.05,Egreso,2025-06-10,Transaction at 1mg,Transferencia,5188.11,0,Healthcare
9967.49,6073.9,MEDIA,4,764.17,Egreso,2025-04-15,Transaction at Vodafone Idea,Debito,1531.55,0,Bills
12452.08,6144.34,BAJA,82,772.05,Egreso,2025-11-02,Transaction at ACT Fibernet,Transferencia,2298.36,0,Bills
25256.93,5571.01,NULA,60,1672.15,Egreso,2025-03-22,Transaction at Taco Bell,Transferencia,265.57,0,Food
16143.84,8886.88,MEDIA,77,1671.07,Egreso,2025-01-04,Transaction at Aha,Transferencia,806.63,0,Entertainment
26620.92,7765.18,NULA,71,1433.48,Egreso,2025-01-13,Transaction at Water Board,Transferencia,714.35,0,Bills
36828.48,4525.03,MEDIA,35,1836.72,Egreso,2025-08-14,Transaction at DMart,Debito,4601.75,0,Grocery
19703.06,3998.9,NULA,68,673.05,Egreso,2025-07-16,Transaction at Netmeds,Transferencia,8106.51,0,Healthcare
40787.91,2745.28,ALTA,81,375.25,Egreso,2025-10-03,Transaction at Noise,Credito,5656.2,11,Electronics
25072.5,9524.74,NULA,62,1534.17,Egreso,2025-02-21,Transaction at Reliance Fresh,Credito,387.06,11,Grocery
13590.67,1252.36,BAJA,1,1943.69,Egreso,2025-03-24,Transaction at CloudNine,Transferencia,18527.13,0,Healthcare
28736.95,6529.05,BAJA,41,1377.88,Egreso,2025-07-21,Transaction at Noise,Transferencia,93905.18,0,Electronics
9568.88,7733.34,ALTA,60,1187.81,Egreso,2025-12-28,Transaction at Meru Cabs,Transferencia,282.2,0,Transport
28815.84,4167.09,MEDIA,16,926.77,Egreso,2025-11-19,Transaction at Yatra,Credito,18348.41,2,Travel
11090.62,5549.67,ALTA,56,613.88,Egreso,2025-12-12,Transaction at Sony Center,Credito,49365.94,10,Electronics
22010.52,8660.13,BAJA,53,895.95,Egreso,2025-11-17,Transaction at Goibibo,Transferencia,29528.36,0,Travel
13316.45,7906.28,ALTA,10,291.48,Egreso,2025-10-04,Transaction at H&M,Transferencia,3253.37,0,Clothing
25711.31,9669.36,NULA,97,489.95,Egreso,2025-03-23,Transaction at Subway,Transferencia,305.39,0,Food
36679.61,7710.78,NULA,51,914.97,Egreso,2025-12-16,Transaction at Uber,Debito,1308.94,0,Transport
8721.92,3786.48,ALTA,14,1236.84,Egreso,2025-07-24,Transaction at Tata Cliq,Transferencia,6424.12,0,Online Shopping
44857.57,8997.4,MEDIA,42,340.77,Egreso,2025-12-11,Transaction at HP World,Transferencia,117914.18,0,Electronics
11668.14,3519.28,ALTA,17,644.11,Egreso,2025-04-20,Transaction at Star Bazaar,Debito,4168.33,0,Grocery
29223.08,1462.18,MEDIA,37,440.24,Egreso,2025-04-24,Transaction at Levis,Transferencia,919.54,0,Clothing
32164.68,4576.78,MEDIA,43,995.06,Egreso,2025-07-01,Transaction at Starbucks,Debito,1299.4,0,Food
38291.35,5056.29,NULA,4,604.47,Egreso,2025-11-27,Transaction at Meru Cabs,Transferencia,1869.78,0,Transport
36211.9,2714.24,ALTA,20,1845.93,Egreso,2025-04-24,Transaction at More Supermarket,Transferencia,4296.98,0,Grocery
12096.09,9879.33,BAJA,8,880.61,Egreso,2025-05-10,Transaction at Pepperfry,Transferencia,5600.21,0,Online Shopping
17068.74,4120.17,NULA,47,1949.81,Egreso,2025-04-30,Transaction at Amazon Prime,Transferencia,605.85,0,Entertainment
42685.21,5346.13,MEDIA,42,1528.32,Egreso,2025-08-26,Transaction at Nature's Basket,Transferencia,4344.64,0,Grocery
8710.83,8250.67,MEDIA,44,732.84,Egreso,2025-02-06,Transaction at TSRTC,Transferencia,822.96,0,Transport
46658.49,5843.46,BAJA,18,1809.56,Egreso,2025-01-05,Transaction at 1mg,Debito,19844.72,0,Healthcare
28892.33,5469.54,MEDIA,74,1299.63,Egreso,2025-12-16,Transaction at Nature's Basket,Transferencia,4608.41,0,Grocery
19222.66,8442.82,ALTA,52,703.05,Egreso,2025-02-12,Transaction at Rapido,Debito,1473.56,0,Transport
46454.25,1226.5,NULA,22,1665.72,Egreso,2025-02-21,Transaction at Apollo Pharmacy,Credito,7216.13,1,Healthcare
17394.5,8125.02,MEDIA,85,1418.99,Egreso,2025-12-08,Transaction at Aha,Transferencia,387.03,0,Entertainment
39808.64,5431.27,MEDIA,79,1898.32,Egreso,2025-02-20,Transaction at Taco Bell,Transferencia,159.14,0,Food
6664.37,3937.79,BAJA,36,998.18,Egreso,2025-12-12,Transaction at Sony Center,Transferencia,48510.78,0,Electronics
28094.76,3133.34,MEDIA,53,1388.87,Egreso,2025-12-11,Transaction at Vivo Store,Debito,85106.06,0,Electronics
36187.34,1843.31,BAJA,71,944.93,Egreso,2025-12-01,Transaction at Dell Exclusive,Credito,132931.55,9,Electronics
12173.38,3114.51,ALTA,45,1043.48,Egreso,2025-05-06,Transaction at KFC,Transferencia,1108.62,0,Food
22527.64,1384.96,NULA,98,1589.61,Egreso,2025-06-09,Transaction at TSRTC,Transferencia,519.97,0,Transport
36087.85,6504.69,ALTA,86,1875.09,Egreso,2025-09-18,Transaction at Jio Fiber,Credito,2441.03,7,Bills
7681.15,5107.41,BAJA,30,1644.69,Egreso,2025-01-23,Transaction at Fortis,Credito,13259.87,2,Healthcare
49139.47,3578.57,NULA,56,109.54,Egreso,2025-07-05,Transaction at Gaana,Debito,650.74,0,Entertainment
48308.38,1463.3,MEDIA,12,519.14,Egreso,2025-01-11,Transaction at Sony Center,Debito,104523.78,0,Electronics
12382.92,5915.71,BAJA,76,815.08,Egreso,2025-01-11,Transaction at Woodland,Transferencia,6079.89,0,Clothing
48965.74,2557.48,ALTA,5,1833.89,Egreso,2025-04-28,Transaction at Zara,Debito,2703.8,0,Clothing
11239.07,9921.77,MEDIA,55,479.85,Egreso,2025-11-10,Transaction at 1mg,Debito,7879.32,0,Healthcare
13607.38,5007.93,MEDIA,19,415.23,Egreso,2025-04-06,Transaction at Spencers,Credito,1627.71,8,Grocery
6606.0,9139.77,MEDIA,11,1161.86,Egreso,2025-07-06,Transaction at Netmeds,Transferencia,19632.9,0,Healthcare
18977.65,2998.02,ALTA,84,1218.62,Egreso,2025-12-31,Transaction at Zee5,Transferencia,528.51,0,Entertainment
41799.86,2538.65,NULA,87,1793.14,Egreso,2025-06-25,Transaction at Gaana,Transferencia,610.9,0,Entertainment
49798.85,5659.65,BAJA,80,1221.21,Egreso,2025-09-01,Transaction at Metro Rail,Debito,823.19,0,Transport
43391.33,5087.43,BAJA,25,120.58,Egreso,2025-02-22,Transaction at Booking.com,Transferencia,20276.02,0,Travel
13913.24,5223.4,NULA,69,674.83,Egreso,2025-07-12,Transaction at Jio Fiber,Debito,2002.39,0,Bills
31096.68,1260.64,MEDIA,6,1346.76,Egreso,2025-05-06,Transaction at Booking.com,Debito,26712.38,0,Travel
29318.78,7338.97,NULA,62,1685.9,Egreso,2025-08-15,Transaction at Barbeque Nation,Debito,275.22,0,Food
27764.03,8589.8,MEDIA,64,755.11,Egreso,2025-02-06,Transaction at DMart,Transferencia,1736.28,0,Grocery
19432.29,7623.33,MEDIA,58,1358.57,Egreso,2025-08-06,Transaction at 1mg,Transferencia,18844.4,0,Healthcare
34555.09,8111.02,NULA,35,151.22,Egreso,2025-08-12,Transaction at Lenskart,Debito,3849.71,0,Online Shopping
44194.04,9274.77,BAJA,13,1392.94,Egreso,2025-07-09,Transaction at Yulu Bikes,Debito,1324.09,0,Transport
23884.23,5924.37,MEDIA,35,1755.25,Egreso,2025-04-15,Transaction at Amazon,Debito,9755.85,0,Online Shopping
47334.73,2360.88,BAJA,41,746.78,Egreso,2025-03-02,Transaction at Apollo Hospital,Transferencia,2131.83,0,Healthcare
18114.45,2121.82,ALTA,88,1458.87,Egreso,2025-11-03,Transaction at Ajio,Transferencia,13560.02,0,Online Shopping
32929.9,5804.07,BAJA,51,1785.04,Egreso,2025-03-02,Transaction at Mi Store,Transferencia,79100.36,0,Electronics
48621.57,5711.62,ALTA,37,787.58,Egreso,2025-04-07,Transaction at Kauvery,Transferencia,16796.61,0,Healthcare
5138.59,7945.6,NULA,37,703.88,Egreso,2025-10-16,Transaction at TNEB,Transferencia,2424.56,0,Bills
13077.67,6128.66,BAJA,50,461.74,Egreso,2025-01-23,Transaction at Ajio,Credito,16502.88,9,Online Shopping
37752.09,4182.27,NULA,23,1505.78,Egreso,2025-12-05,Transaction at Snapdeal,Debito,288.35,0,Online Shopping
10425.05,4340.04,BAJA,76,525.46,Egreso,2025-05-13,Transaction at Subway,Transferencia,165.15,0,Food
31144.56,8258.22,MEDIA,53,1016.82,Egreso,2025-10-07,Transaction at Subway,Credito,953.27,9,Food
20100.26,5950.14,MEDIA,80,1116.16,Egreso,2025-12-07,Transaction at MakeMyTrip,Transferencia,9763.9,0,Travel
9019.76,6651.97,BAJA,39,737.23,Egreso,2025-10-30,Transaction at YouTube Premium,Transferencia,639.18,0,Entertainment
22301.4,2494.62,MEDIA,77,225.58,Egreso,2025-11-19,Transaction at HP World,Credito,71069.12,8,Electronics
43906.26,3200.39,BAJA,61,739.93,Egreso,2025-02-26,Transaction at Gas Agency,Transferencia,1340.12,0,Bills
18028.47,5476.8,MEDIA,86,1839.28,Egreso,2025-02-16,Transaction at Goibibo,Transferencia,6824.47,0,Travel
12308.48,6003.19,BAJA,82,974.22,Egreso,2025-12-03,Transaction at BMTC,Transferencia,1337.43,0,Transport
33407.3,7517.18,ALTA,1,1566.34,Egreso,2025-01-27,Transaction at Nilgiris,Debito,4375.69,0,Grocery
35503.39,1899.82,BAJA,86,1913.93,Egreso,2025-12-31,Transaction at MedPlus,Transferencia,604.72,0,Healthcare
12996.64,4404.33,BAJA,79,958.29,Egreso,2025-07-25,Transaction at BSNL,Transferencia,2284.93,0,Bills
38521.25,6260.92,NULA,39,443.76,Egreso,2025-01-01,Transaction at Gaana,Credito,871.02,5,Entertainment
23058.34,6636.73,MEDIA,95,698.92,Egreso,2025-06-07,Transaction at Netflix,Credito,379.94,7,Entertainment
19432.87,5103.01,ALTA,8,1165.59,Egreso,2025-09-06,Transaction at Reliance Fresh,Transferencia,459.42,0,Grocery
21243.07,7032.62,BAJA,33,1601.36,Egreso,2025-08-31,Transaction at Subway,Transferencia,954.14,0,Food
28245.38,3776.84,MEDIA,10,137.05,Egreso,2025-08-24,Transaction at H&M,Transferencia,7131.84,0,Clothing
35339.62,8866.17,MEDIA,42,407.35,Egreso,2025-06-05,Transaction at Jio Fiber,Transferencia,282.36,0,Bills
5640.47,7163.67,BAJA,31,962.62,Egreso,2025-05-13,Transaction at Aha,Debito,783.63,0,Entertainment
39575.78,8399.73,MEDIA,82,983.5,Egreso,2025-10-30,Transaction at Apollo Pharmacy,Transferencia,3107.78,0,Healthcare
37048.47,1230.26,NULA,15,1158.67,Egreso,2025-02-18,Transaction at Vivo Store,Credito,117550.72,1,Electronics
9503.65,2120.88,NULA,31,1550.93,Egreso,2025-05-03,Transaction at IndiGo,Transferencia,3489.67,0,Travel
24932.57,8886.24,BAJA,94,1191.89,Egreso,2025-03-29,Transaction at ACT Fibernet,Debito,3849.35,0,Bills
26515.21,2655.26,BAJA,95,1037.54,Egreso,2025-02-09,Transaction at Netflix,Credito,586.26,8,Entertainment
32115.69,9374.28,MEDIA,29,794.37,Egreso,2025-01-12,Transaction at Jio Fiber,Credito,3744.43,2,Bills
41772.82,5792.51,ALTA,46,1496.64,Egreso,2025-03-22,Transaction at US Polo,Transferencia,6782.25,0,Clothing
22560.91,6463.66,ALTA,53,856.57,Egreso,2025-01-14,Transaction at Boat Lifestyle,Credito,94698.6,3,Electronics
42610.34,1867.56,BAJA,55,954.27,Egreso,2025-11-15,Transaction at Yulu Bikes,Transferencia,697.1,0,Transport
44592.64,4817.63,NULA,28,670.91,Egreso,2025-11-22,Transaction at H&M,Credito,6664.26,11,Clothing
19025.33,8481.16,NULA,5,1469.15,Egreso,2025-11-03,Transaction at Star Bazaar,Transferencia,1520.86,0,Grocery
47799.16,1545.42,BAJA,62,608.54,Egreso,2025-04-05,Transaction at Gas Agency,Credito,2093.3,7,Bills
17308.25,2935.67,BAJA,97,483.53,Egreso,2025-07-06,Transaction at Air India,Credito,25732.23,10,Travel
47498.88,2129.34,BAJA,97,1501.14,Egreso,2025-05-24,Transaction at Water Board,Transferencia,5051.66,0,Bills
11744.62,9211.18,BAJA,36,333.99,Egreso,2025-09-10,Transaction at Croma,Transferencia,8421.17,0,Electronics
35369.18,6220.42,BAJA,89,1938.59,Egreso,2025-12-04,Transaction at PharmEasy,Debito,12253.85,0,Healthcare
18032.4,5433.31,NULA,66,769.12,Egreso,2025-02-16,Transaction at Burger King,Credito,326.11,10,Food
26685.74,2575.57,BAJA,38,403.72,Egreso,2025-03-19,Transaction at Amazon Prime,Debito,661.41,0,Entertainment
42032.32,2650.05,MEDIA,49,1266.29,Egreso,2025-03-23,Transaction at Sony Center,Transferencia,133392.93,0,Electronics
8837.11,1100.36,ALTA,13,514.4,Egreso,2025-01-13,Transaction at SonyLiv,Transferencia,303.68,0,Entertainment
14345.21,5414.48,NULA,75,664.85,Egreso,2025-02-28,Transaction at Netflix,Credito,890.28,7,Entertainment
11994.16,7388.12,ALTA,42,660.09,Egreso,2025-07-09,Transaction at MedPlus,Transferencia,8116.07,0,Healthcare
8579.31,1455.27,BAJA,89,1550.9,Egreso,2025-12-04,Transaction at Apple Music,Credito,737.89,8,Entertainment
22504.09,8113.65,MEDIA,70,1033.95,Egreso,2025-01-03,Transaction at Yulu Bikes,Debito,104.24,0,Transport
24528.07,1038.6,BAJA,28,1924.68,Egreso,2025-12-06,Transaction at Apple Music,Transferencia,825.25,0,Entertainment
45224.08,7481.74,ALTA,42,796.75,Egreso,2025-10-20,Transaction at Zee5,Transferencia,360.84,0,Entertainment
43377.78,9607.75,NULA,33,501.93,Egreso,2025-07-04,Transaction at Croma,Credito,16130.22,7,Electronics
48756.46,3073.54,MEDIA,6,1312.54,Egreso,2025-09-18,Transaction at AirAsia,Transferencia,23191.62,0,Travel
22856.85,7625.85,BAJA,75,708.67,Egreso,2025-11-01,Transaction at Chai Point,Credito,398.22,2,Food
21114.52,2256.49,MEDIA,1,1500.84,Egreso,2025-08-28,Transaction at Apollo Hospital,Debito,11295.65,0,Healthcare
36679.48,7616.52,ALTA,36,502.95,Egreso,2025-08-16,Transaction at Ola,Transferencia,1827.63,0,Transport
24844.05,5619.93,ALTA,8,1104.36,Egreso,2025-04-30,Transaction at Adidas,Transferencia,7205.65,0,Clothing
43819.7,2404.14,MEDIA,11,1689.22,Egreso,2025-01-16,Transaction at Ajio,Credito,4773.91,3,Online Shopping
6193.31,7421.2,ALTA,12,1354.95,Egreso,2025-12-14,Transaction at JioMart,Credito,4212.51,11,Grocery
41106.29,1453.69,MEDIA,70,352.05,Egreso,2025-12-20,Transaction at YouTube Premium,Debito,769.89,0,Entertainment
41422.39,7840.87,NULA,81,470.22,Egreso,2025-09-10,Transaction at Asus Store,Transferencia,85557.39,0,Electronics
12001.22,2683.55,MEDIA,96,730.07,Egreso,2025-07-17,Transaction at Zee5,Transferencia,229.04,0,Entertainment
20699.43,5414.65,BAJA,81,1471.4,Egreso,2025-02-11,Transaction at Dominos,Transferencia,789.38,0,Food
21401.14,3614.38,BAJA,8,664.79,Egreso,2025-06-02,Transaction at Booking.com,Transferencia,22765.7,0,Travel
46368.43,8649.52,MEDIA,59,1752.58,Egreso,2025-08-25,Transaction at Lenskart,Transferencia,19814.18,0,Online Shopping
24335.73,6029.67,BAJA,85,653.06,Egreso,2025-03-14,Transaction at Aha,Debito,834.36,0,Entertainment
38350.89,8907.39,NULA,84,1763.85,Egreso,2025-02-14,Transaction at Rapido,Transferencia,330.66,0,Transport
27584.83,1927.97,BAJA,26,522.33,Egreso,2025-06-15,Transaction at Metro Rail,Credito,421.07,3,Transport
41078.48,5154.96,ALTA,28,1052.72,Egreso,2025-01-09,Transaction at Kauvery,Transferencia,10184.37,0,Healthcare
24412.1,5851.11,NULA,27,1085.13,Egreso,2025-08-25,Transaction at Spencers,Credito,2110.98,4,Grocery
19492.05,4693.96,NULA,41,1645.11,Egreso,2025-10-02,Transaction at Metro Rail,Credito,968.17,6,Transport
39908.3,8638.5,BAJA,93,340.88,Egreso,2025-08-01,Transaction at Wrogn,Transferencia,7999.6,0,Clothing
37384.59,6884.23,MEDIA,33,1557.51,Egreso,2025-01-15,Transaction at Snapdeal,Transferencia,9398.37,0,Online Shopping
42150.12,2239.06,BAJA,21,235.93,Egreso,2025-10-05,Transaction at Croma,Credito,118745.82,8,Electronics
48119.29,3863.8,MEDIA,67,912.58,Egreso,2025-12-03,Transaction at YouTube Premium,Debito,812.16,0,Entertainment
16354.45,8986.83,NULA,98,982.94,Egreso,2025-06-03,Transaction at Adidas,Credito,3685.75,10,Clothing
39481.67,4688.98,BAJA,79,786.53,Egreso,2025-06-16,Transaction at Levis,Transferencia,6644.69,0,Clothing
7800.77,7791.0,ALTA,85,1626.85,Egreso,2025-04-22,Transaction at Reliance Digital,Credito,114922.71,2,Electronics
19889.95,6397.81,ALTA,10,860.63,Egreso,2025-12-30,Transaction at IRCTC,Transferencia,14599.74,0,Travel
9341.52,2891.45,ALTA,12,1994.97,Egreso,2025-06-15,Transaction at AirAsia,Credito,24931.11,6,Travel
43773.44,6911.74,ALTA,79,1915.55,Egreso,2025-04-28,Transaction at Levis,Credito,3950.56,1,Clothing
27939.36,5558.61,BAJA,43,299.65,Egreso,2025-11-02,Transaction at Kauvery,Transferencia,4859.75,0,Healthcare
14997.66,5210.65,MEDIA,60,254.85,Egreso,2025-08-13,Transaction at More Supermarket,Debito,3079.34,0,Grocery
48976.88,2512.6,BAJA,98,376.94,Egreso,2025-09-26,Transaction at Pizza Hut,Credito,898.49,8,Food
34945.55,9191.59,MEDIA,27,714.39,Egreso,2025-11-15,Transaction at Meesho,Transferencia,14153.37,0,Online Shopping
37057.93,7877.22,NULA,4,1005.75,Egreso,2025-05-17,Transaction at Apollo Pharmacy,Transferencia,15418.53,0,Healthcare
9696.99,2216.43,BAJA,59,774.29,Egreso,2025-10-20,Transaction at Jio Fiber,Debito,5602.43,0,Bills
23386.74,3562.39,NULA,1,1263.0,Egreso,2025-11-01,Transaction at CCD,Debito,1422.42,0,Food
33713.42,9908.6,NULA,43,981.39,Egreso,2025-11-02,Transaction at Airtel,Debito,2557.49,0,Bills
23914.19,4641.76,NULA,55,199.46,Egreso,2025-07-25,Transaction at Nature's Basket,Transferencia,4679.53,0,Grocery
21344.69,8991.12,MEDIA,62,1337.85,Egreso,2025-03-05,Transaction at Pizza Hut,Transferencia,1153.91,0,Food
23728.22,9715.09,ALTA,39,1237.96,Egreso,2025-11-04,Transaction at IRCTC,Transferencia,16757.1,0,Travel
18622.93,1636.22,BAJA,63,591.09,Egreso,2025-02-15,Transaction at PharmEasy,Transferencia,12469.88,0,Healthcare
30363.39,8771.76,ALTA,42,1715.9,Egreso,2025-01-04,Transaction at HP World,Transferencia,138433.52,0,Electronics
42133.2,5244.2,ALTA,93,198.55,Egreso,2025-05-15,Transaction at IRCTC,Transferencia,10272.14,0,Travel
15844.95,3442.68,MEDIA,98,814.44,Egreso,2025-11-10,Transaction at JioMart,Credito,1994.04,1,Grocery
30494.38,5487.4,BAJA,99,657.11,Egreso,2025-06-12,Transaction at Spotify,Transferencia,680.83,0,Entertainment
6097.31,8366.93,BAJA,36,1858.73,Egreso,2025-01-27,Transaction at Jio Fiber,Debito,5214.3,0,Bills
34842.01,4088.31,ALTA,8,775.98,Egreso,2025-09-19,Transaction at DMart,Transferencia,4808.75,0,Grocery
48312.38,6419.07,MEDIA,62,972.65,Egreso,2025-01-03,Transaction at OYO,Credito,10027.24,5,Travel
15368.9,7164.76,NULA,39,1312.8,Egreso,2025-09-18,Transaction at Yulu Bikes,Debito,1405.27,0,Transport
22483.27,5344.84,ALTA,55,1720.03,Egreso,2025-03-20,Transaction at RedBus,Debito,1668.6,0,Transport
10609.65,8511.49,BAJA,93,353.8,Egreso,2025-06-29,Transaction at Chai Point,Transferencia,634.31,0,Food
21710.26,8849.55,NULA,4,808.69,Egreso,2025-04-30,Transaction at Allen Solly,Transferencia,5252.35,0,Clothing
8503.04,9716.16,MEDIA,35,375.43,Egreso,2025-07-19,Transaction at Snapdeal,Credito,16809.63,5,Online Shopping
47363.49,9146.94,MEDIA,30,371.12,Egreso,2025-08-18,Transaction at Kauvery,Credito,18926.39,8,Healthcare
28937.64,1475.01,NULA,12,1461.22,Egreso,2025-02-15,Transaction at Pantaloons,Debito,2668.46,0,Clothing
23953.45,2159.79,ALTA,69,795.78,Egreso,2025-05-31,Transaction at Air India,Debito,28291.11,0,Travel
38638.66,9773.06,BAJA,28,1966.02,Egreso,2025-10-01,Transaction at Max Fashion,Transferencia,2913.72,0,Clothing
34363.48,2952.84,BAJA,82,1077.05,Egreso,2025-01-08,Transaction at Pantaloons,Debito,2011.08,0,Clothing
5060.79,1735.69,NULA,63,853.8,Egreso,2025-03-14,Transaction at Aster,Debito,8255.87,0,Healthcare
45168.21,4371.6,ALTA,41,1275.81,Egreso,2025-10-25,Transaction at Asus Store,Transferencia,10580.17,0,Electronics
30428.18,2622.11,ALTA,18,786.68,Egreso,2025-01-09,Transaction at IndiGo,Transferencia,17879.17,0,Travel
5036.26,8863.0,ALTA,57,971.04,Egreso,2025-12-13,Transaction at CloudNine,Transferencia,16015.58,0,Healthcare
35130.21,8299.33,NULA,15,1520.26,Egreso,2025-07-14,Transaction at Vivo Store,Transferencia,78786.83,0,Electronics
47053.08,3485.66,NULA,96,945.18,Egreso,2025-12-30,Transaction at Biba,Transferencia,3563.62,0,Clothing
45922.03,9119.04,ALTA,21,966.98,Egreso,2025-12-22,Transaction at BMTC,Transferencia,1734.93,0,Transport
16719.43,8744.81,MEDIA,8,285.45,Egreso,2025-07-02,Transaction at IndiGo,Credito,18765.75,10,Travel
17126.46,8123.02,ALTA,63,1632.87,Egreso,2025-03-24,Transaction at IndiGo,Transferencia,28121.03,0,Travel
34017.95,4916.46,MEDIA,90,1625.7,Egreso,2025-02-11,Transaction at Netmeds,Transferencia,16921.93,0,Healthcare
18332.57,5411.97,NULA,72,1736.34,Egreso,2025-05-14,Transaction at H&M,Transferencia,874.09,0,Clothing
6553.84,3160.11,NULA,49,1097.63,Egreso,2025-12-13,Transaction at Reliance Digital,Transferencia,34163.9,0,Electronics
40065.06,7613.01,MEDIA,48,927.76,Egreso,2025-01-14,Transaction at Mi Store,Debito,120051.07,0,Electronics
39397.25,3109.96,BAJA,14,571.16,Egreso,2025-08-21,Transaction at CloudNine,Transferencia,3509.9,0,Healthcare
19853.16,7202.19,MEDIA,18,1154.42,Egreso,2025-10-17,Transaction at Amazon Prime,Credito,649.76,1,Entertainment
6728.03,9843.73,ALTA,56,1254.48,Egreso,2025-07-18,Transaction at Meru Cabs,Credito,1157.75,3,Transport
5119.0,3560.93,MEDIA,32,928.46,Egreso,2025-12-15,Transaction at Metro Rail,Credito,931.48,6,Transport
49592.14,8994.09,NULA,93,1387.66,Egreso,2025-08-14,Transaction at SonyLiv,Debito,902.13,0,Entertainment
49492.97,8260.58,BAJA,17,421.4,Egreso,2025-03-22,Transaction at Rapido,Debito,957.89,0,Transport
37194.98,8208.99,BAJA,53,1836.45,Egreso,2025-10-18,Transaction at Vodafone Idea,Credito,4354.0,11,Bills
44635.31,4846.31,BAJA,3,779.97,Egreso,2025-02-07,Transaction at Aster,Debito,15915.26,0,Healthcare
28973.09,2993.97,BAJA,41,1228.47,Egreso,2025-08-12,Transaction at Ola,Debito,536.47,0,Transport
20531.07,5721.23,MEDIA,64,1238.77,Egreso,2025-11-01,Transaction at BSNL,Debito,4842.08,0,Bills
39887.88,3547.48,MEDIA,57,1469.57,Egreso,2025-04-17,Transaction at ACT Fibernet,Credito,2219.81,2,Bills
6063.12,9057.31,BAJA,25,1978.75,Egreso,2025-07-19,Transaction at Spotify,Transferencia,735.36,0,Entertainment
34072.73,9652.03,BAJA,99,330.34,Egreso,2025-03-23,Transaction at Aster,Credito,17881.23,1,Healthcare
38705.59,7484.71,NULA,64,824.08,Egreso,2025-09-29,Transaction at Levis,Credito,4869.94,11,Clothing
40511.78,8049.29,BAJA,96,1864.59,Egreso,2025-07-27,Transaction at A2B,Debito,770.15,0,Food
29463.15,3395.92,NULA,21,271.71,Egreso,2025-05-19,Transaction at OnePlus,Transferencia,122626.73,0,Electronics
10043.9,8720.81,ALTA,31,1416.16,Egreso,2025-09-29,Transaction at Spencers,Debito,2346.77,0,Grocery
44003.77,9741.77,MEDIA,15,1475.68,Egreso,2025-05-08,Transaction at Metro Rail,Transferencia,1677.88,0,Transport
44632.77,3690.55,ALTA,30,360.99,Egreso,2025-08-11,Transaction at JioMart,Transferencia,1448.29,0,Grocery
37000.1,6425.93,MEDIA,17,748.55,Egreso,2025-06-22,Transaction at MedPlus,Credito,18945.23,3,Healthcare
16347.98,8599.75,MEDIA,14,357.52,Egreso,2025-06-29,Transaction at Amazon Prime,Transferencia,391.67,0,Entertainment
21913.52,1878.95,NULA,13,588.36,Egreso,2025-04-12,Transaction at Flipkart,Transferencia,12004.1,0,Online Shopping
9126.49,9128.5,BAJA,73,944.36,Egreso,2025-05-16,Transaction at Snapdeal,Transferencia,381.37,0,Online Shopping
44915.64,8100.9,ALTA,36,1016.65,Egreso,2025-07-08,Transaction at Yatra,Transferencia,24089.98,0,Travel
27092.37,2950.14,ALTA,70,442.74,Egreso,2025-08-28,Transaction at Cream Stone,Transferencia,203.76,0,Food
36162.21,1782.48,BAJA,36,991.26,Egreso,2025-05-15,Transaction at RedBus,Transferencia,1262.02,0,Transport
34314.21,9914.71,NULA,39,436.2,Egreso,2025-02-12,Transaction at Property Tax Online,Credito,2425.94,4,Bills
33601.71,3679.55,MEDIA,77,346.76,Egreso,2025-07-20,Transaction at Cream Stone,Transferencia,925.37,0,Food
21947.92,4677.25,MEDIA,81,282.84,Egreso,2025-02-22,Transaction at Nilgiris,Transferencia,508.16,0,Grocery
46110.27,1528.58,NULA,75,1898.5,Egreso,2025-08-05,Transaction at DMart,Transferencia,2081.42,0,Grocery
16888.93,5719.37,ALTA,57,1685.46,Egreso,2025-02-23,Transaction at Sony Center,Transferencia,120494.84,0,Electronics
48188.16,4734.37,ALTA,70,794.59,Egreso,2025-03-16,Transaction at TSRTC,Credito,472.49,4,Transport
15931.59,8471.06,ALTA,50,863.89,Egreso,2025-01-28,Transaction at Goibibo,Credito,4019.76,8,Travel
20011.66,8807.51,ALTA,44,608.84,Egreso,2025-10-13,Transaction at Spotify,Transferencia,307.24,0,Entertainment
21104.15,2552.22,BAJA,31,1796.53,Egreso,2025-03-02,Transaction at AirAsia,Credito,2115.6,8,Travel
11714.74,7021.96,ALTA,73,184.78,Egreso,2025-08-30,Transaction at Gas Agency,Debito,5116.73,0,Bills
43559.83,5116.94,BAJA,58,1268.83,Egreso,2025-07-25,Transaction at Saravana Bhavan,Transferencia,1255.97,0,Food
26038.71,1670.83,MEDIA,51,731.86,Egreso,2025-10-25,Transaction at BigBazaar,Debito,2786.6,0,Grocery
48128.54,2656.18,MEDIA,62,849.5,Egreso,2025-01-20,Transaction at Metro Rail,Transferencia,484.07,0,Transport
20468.96,9945.3,ALTA,65,1711.3,Egreso,2025-04-20,Transaction at Amazon,Transferencia,11638.6,0,Online Shopping
16216.31,9445.76,MEDIA,76,1957.2,Egreso,2025-06-08,Transaction at Pepperfry,Transferencia,9005.01,0,Online Shopping
11571.36,7186.69,BAJA,35,1045.27,Egreso,2025-06-27,Transaction at BMTC,Credito,575.13,9,Transport
28426.05,9032.2,ALTA,53,1141.94,Egreso,2025-10-20,Transaction at Sony Center,Transferencia,145569.45,0,Electronics
35009.02,2762.57,ALTA,13,1275.19,Egreso,2025-03-01,Transaction at Property Tax Online,Credito,419.27,5,Bills
26905.99,9251.93,NULA,0,265.56,Egreso,2025-06-12,Transaction at Ajio,Transferencia,15568.71,0,Online Shopping
13399.96,3905.49,BAJA,29,1240.75,Egreso,2025-09-22,Transaction at Ajio,Credito,11776.13,4,Online Shopping
10385.97,6682.15,BAJA,43,462.31,Egreso,2025-09-11,Transaction at Air India,Debito,7128.7,0,Travel
34818.21,9526.67,BAJA,8,206.77,Egreso,2025-12-09,Transaction at IRCTC,Transferencia,13394.43,0,Travel
23409.42,9542.98,MEDIA,28,1241.62,Egreso,2025-05-06,Transaction at Nykaa,Transferencia,7244.26,0,Online Shopping
39883.06,6165.76,ALTA,27,1692.59,Egreso,2025-04-12,Transaction at Airtel,Transferencia,3263.94,0,Bills
43140.31,8142.8,BAJA,89,1471.24,Egreso,2025-12-27,Transaction at BSNL,Transferencia,2753.48,0,Bills
28020.61,6953.62,ALTA,76,1210.7,Egreso,2025-03-18,Transaction at Aster,Transferencia,2982.61,0,Healthcare
36594.07,9782.01,ALTA,83,347.05,Egreso,2025-02-05,Transaction at Kauvery,Transferencia,17561.59,0,Healthcare
45663.31,5749.42,NULA,33,496.28,Egreso,2025-03-02,Transaction at Meru Cabs,Debito,1484.72,0,Transport
22049.89,9866.75,NULA,67,1935.3,Egreso,2025-09-08,Transaction at Apple Music,Transferencia,301.86,0,Entertainment
20966.72,1123.61,NULA,9,1170.89,Egreso,2025-07-04,Transaction at IRCTC,Transferencia,29558.42,0,Travel
29736.21,8244.1,BAJA,56,1590.7,Egreso,2025-03-11,Transaction at Nykaa,Debito,7810.69,0,Online Shopping
40262.45,9168.66,BAJA,15,774.81,Egreso,2025-07-22,Transaction at Boat Lifestyle,Credito,80016.49,8,Electronics
7261.57,5559.21,MEDIA,37,1975.54,Egreso,2025-07-15,Transaction at Gaana,Transferencia,951.5,0,Entertainment
44823.38,1201.65,MEDIA,4,1895.59,Egreso,2025-04-20,Transaction at Kauvery,Transferencia,6752.77,0,Healthcare
30718.74,1344.71,BAJA,41,228.85,Egreso,2025-06-15,Transaction at RedBus,Debito,1961.79,0,Transport
47290.0,7524.72,ALTA,94,600.66,Egreso,2025-08-21,Transaction at RedBus,Transferencia,901.48,0,Transport
11309.27,7306.53,ALTA,7,387.95,Egreso,2025-07-14,Transaction at HP World,Credito,132974.82,9,Electronics
46223.27,6979.9,ALTA,87,1011.93,Egreso,2025-12-11,Transaction at SonyLiv,Credito,276.24,7,Entertainment
28487.12,8940.2,NULA,5,512.9,Egreso,2025-02-17,Transaction at MedPlus,Credito,16576.84,11,Healthcare
15864.28,7536.16,BAJA,23,422.29,Egreso,2025-04-12,Transaction at CloudNine,Debito,14773.9,0,Healthcare
32341.12,9636.49,ALTA,3,696.52,Egreso,2025-10-24,Transaction at Spencers,Transferencia,2918.19,0,Grocery
11643.35,3340.1,NULA,67,851.33,Egreso,2025-09-16,Transaction at 1mg,Transferencia,17463.19,0,Healthcare
5738.19,5158.78,BAJA,98,1544.05,Egreso,2025-12-02,Transaction at Flipkart,Debito,1546.52,0,Online Shopping
44827.34,4340.11,BAJA,19,797.06,Egreso,2025-07-22,Transaction at ACT Fibernet,Credito,3924.98,9,Bills
30683.03,6829.57,MEDIA,99,117.37,Egreso,2025-05-14,Transaction at AirAsia,Debito,8314.15,0,Travel
21532.61,3657.83,NULA,20,1184.51,Egreso,2025-03-30,Transaction at Amazon,Credito,17797.6,8,Online Shopping
26841.56,8277.3,MEDIA,53,241.58,Egreso,2025-07-29,Transaction at Hotstar,Transferencia,913.24,0,Entertainment
39339.24,3181.63,BAJA,87,889.83,Egreso,2025-01-15,Transaction at CloudNine,Transferencia,16923.61,0,Healthcare
15174.32,5840.13,NULA,6,1070.71,Egreso,2025-08-28,Transaction at Noise,Debito,58376.42,0,Electronics
42882.13,1688.17,MEDIA,41,1373.21,Egreso,2025-12-04,Transaction at TNEB,Credito,4714.6,9,Bills
27367.04,9751.82,ALTA,3,1979.57,Egreso,2025-10-20,Transaction at OYO,Debito,913.11,0,Travel
39956.33,6397.88,NULA,36,613.0,Egreso,2025-02-07,Transaction at Zee5,Transferencia,563.68,0,Entertainment
48177.51,3023.12,NULA,18,1905.02,Egreso,2025-02-18,Transaction at Snapdeal,Debito,270.87,0,Online Shopping
39803.1,3761.61,MEDIA,1,1726.94,Egreso,2025-03-11,Transaction at MedPlus,Transferencia,17250.71,0,Healthcare
15207.86,9286.22,MEDIA,91,114.63,Egreso,2025-01-28,Transaction at H&M,Credito,700.27,9,Clothing
26841.96,4248.38,BAJA,36,403.29,Egreso,2025-03-01,Transaction at Ajio,Transferencia,2375.37,0,Online Shopping
46791.35,7273.13,ALTA,62,1996.72,Egreso,2025-08-28,Transaction at Booking.com,Transferencia,11073.46,0,Travel
12540.43,3764.7,BAJA,53,185.31,Egreso,2025-06-03,Transaction at HP World,Credito,130641.94,10,Electronics
26526.54,9687.79,NULA,58,1091.22,Egreso,2025-10-29,Transaction at DMart,Credito,1082.14,2,Grocery
25401.58,7023.1,MEDIA,79,1215.99,Egreso,2025-06-12,Transaction at Vistara,Transferencia,16400.96,0,Travel
22163.8,4687.02,NULA,28,156.86,Egreso,2025-09-21,Transaction at Meesho,Credito,16655.8,9,Online Shopping
31006.77,2517.46,ALTA,18,953.15,Egreso,2025-06-19,Transaction at Adidas,Credito,6580.2,8,Clothing
22946.96,9785.43,NULA,38,980.59,Egreso,2025-06-29,Transaction at Barbeque Nation,Transferencia,1042.83,0,Food
13533.82,6099.57,MEDIA,96,1728.42,Egreso,2025-06-25,Transaction at Taco Bell,Transferencia,447.16,0,Food
26504.1,7109.91,MEDIA,74,1305.08,Egreso,2025-02-20,Transaction at Kauvery,Credito,5719.97,5,Healthcare
26494.65,8339.28,MEDIA,69,1052.81,Egreso,2025-12-15,Transaction at Vodafone Idea,Transferencia,734.93,0,Bills
27437.63,2994.95,MEDIA,51,1604.96,Egreso,2025-12-02,Transaction at Zara,Transferencia,969.89,0,Clothing
8081.06,5571.66,MEDIA,96,1686.76,Egreso,2025-12-17,Transaction at Meru Cabs,Transferencia,339.07,0,Transport
41402.2,1900.13,NULA,89,363.1,Egreso,2025-10-27,Transaction at US Polo,Transferencia,3339.07,0,Clothing
45790.77,2982.8,BAJA,54,703.72,Egreso,2025-01-29,Transaction at Netmeds,Transferencia,1219.45,0,Healthcare
43775.41,2424.42,NULA,42,566.7,Egreso,2025-03-26,Transaction at Snapdeal,Debito,1631.42,0,Online Shopping
17828.87,4823.83,ALTA,53,1872.0,Egreso,2025-11-21,Transaction at Lenskart,Debito,15090.88,0,Online Shopping
49401.33,8951.99,NULA,95,1727.07,Egreso,2025-10-02,Transaction at Nykaa,Credito,7238.25,1,Online Shopping
5424.25,9189.55,NULA,13,268.1,Egreso,2025-07-03,Transaction at OnePlus,Debito,95252.63,0,Electronics
36040.83,6378.79,NULA,49,897.99,Egreso,2025-09-30,Transaction at Samsung Store,Debito,107177.99,0,Electronics
25256.89,1538.13,BAJA,49,1853.41,Egreso,2025-12-09,Transaction at Tata Cliq,Transferencia,8958.69,0,Online Shopping
5123.95,7893.47,NULA,77,852.88,Egreso,2025-05-19,Transaction at Reliance Digital,Transferencia,93818.37,0,Electronics
20164.89,2364.17,ALTA,71,1015.38,Egreso,2025-11-15,Transaction at Nykaa,Credito,6074.51,7,Online Shopping
38991.53,8168.8,ALTA,65,1026.79,Egreso,2025-04-16,Transaction at MedPlus,Debito,19128.96,0,Healthcare
48471.82,3303.15,MEDIA,16,1519.17,Egreso,2025-01-21,Transaction at Apple Store,Credito,149925.2,5,Electronics
24648.86,5450.55,BAJA,73,1663.83,Egreso,2025-07-05,Transaction at Levis,Credito,957.82,6,Clothing
18827.13,4872.91,MEDIA,62,1898.66,Egreso,2025-08-04,Transaction at Taco Bell,Credito,1351.1,1,Food
23556.32,6836.61,ALTA,83,646.96,Egreso,2025-04-14,Transaction at Gas Agency,Credito,3561.9,11,Bills
17869.99,9566.72,MEDIA,31,1932.13,Egreso,2025-10-20,Transaction at BMTC,Debito,1028.42,0,Transport
39417.63,6021.99,MEDIA,71,1984.96,Egreso,2025-03-23,Transaction at Allen Solly,Transferencia,3924.15,0,Clothing
31545.76,6591.42,MEDIA,15,976.41,Egreso,2025-06-23,Transaction at Netflix,Transferencia,325.21,0,Entertainment
30334.99,4669.42,BAJA,75,1874.76,Egreso,2025-12-18,Transaction at McDonalds,Transferencia,588.96,0,Food
48537.01,1350.17,MEDIA,26,262.25,Egreso,2025-08-09,Transaction at Apple Music,Credito,976.93,1,Entertainment
36460.44,1333.33,MEDIA,53,493.25,Egreso,2025-02-19,Transaction at Starbucks,Credito,492.37,7,Food
26207.84,5652.25,BAJA,24,931.06,Egreso,2025-06-02,Transaction at H&M,Credito,3836.39,1,Clothing
27459.05,2463.74,ALTA,68,1694.54,Egreso,2025-06-26,Transaction at More Supermarket,Credito,2321.43,1,Grocery
29842.66,4485.41,ALTA,88,1576.21,Egreso,2025-02-27,Transaction at McDonalds,Credito,583.26,10,Food
23573.17,7720.36,BAJA,40,545.06,Egreso,2025-11-03,Transaction at Reliance Fresh,Transferencia,4686.32,0,Grocery
24178.97,1168.81,BAJA,60,1200.46,Egreso,2025-05-14,Transaction at Nilgiris,Debito,3052.32,0,Grocery
16758.38,9280.52,ALTA,24,1354.34,Egreso,2025-03-19,Transaction at Apollo Hospital,Credito,19035.96,4,Healthcare
35659.72,4425.45,MEDIA,16,1967.12,Egreso,2025-03-10,Transaction at McDonalds,Credito,1366.39,5,Food
27531.21,5840.9,BAJA,29,595.48,Egreso,2025-08-08,Transaction at More Supermarket,Transferencia,882.49,0,Grocery
43812.81,7051.55,BAJA,91,800.82,Egreso,2025-10-16,Transaction at Wrogn,Transferencia,7446.55,0,Clothing
36851.75,4382.39,BAJA,97,610.28,Egreso,2025-11-02,Transaction at ACT Fibernet,Transferencia,3020.22,0,Bills
45768.12,1549.97,NULA,70,1647.36,Egreso,2025-09-19,Transaction at Tata Cliq,Transferencia,13945.5,0,Online Shopping
24180.15,5987.31,NULA,27,1731.04,Egreso,2025-09-02,Transaction at Lenskart,Credito,11957.78,11,Online Shopping
41795.24,7519.23,MEDIA,52,1212.73,Egreso,2025-04-09,Transaction at Nilgiris,Credito,995.44,6,Grocery
13595.9,2917.81,NULA,2,695.01,Egreso,2025-09-29,Transaction at Saravana Bhavan,Transferencia,1002.86,0,Food
38150.82,2976.29,BAJA,77,993.32,Egreso,2025-01-22,Transaction at 1mg,Credito,16694.48,6,Healthcare
46554.27,2738.07,NULA,70,1191.37,Egreso,2025-04-24,Transaction at Spotify,Debito,440.21,0,Entertainment
11789.46,3803.13,NULA,3,1128.0,Egreso,2025-03-30,Transaction at BigBazaar,Transferencia,232.01,0,Grocery
31671.46,7660.59,BAJA,92,1022.32,Egreso,2025-12-16,Transaction at CloudNine,Credito,5681.19,3,Healthcare
45570.52,6557.56,MEDIA,60,1587.89,Egreso,2025-05-20,Transaction at Apple Store,Debito,25699.4,0,Electronics
15711.01,6325.36,MEDIA,97,112.19,Egreso,2025-10-17,Transaction at Ajio,Debito,580.37,0,Online Shopping
44288.93,5925.65,NULA,86,208.77,Egreso,2025-05-10,Transaction at BMTC,Transferencia,1943.72,0,Transport
38749.44,5317.94,NULA,12,311.48,Egreso,2025-12-26,Transaction at Nykaa,Debito,16160.79,0,Online Shopping
27146.32,9737.03,NULA,94,1966.41,Egreso,2025-10-09,Transaction at Nike,Transferencia,3339.74,0,Clothing
21961.84,4857.67,ALTA,59,968.08,Egreso,2025-12-04,Transaction at Woodland,Debito,1100.52,0,Clothing
11390.38,4566.8,ALTA,82,1360.71,Egreso,2025-09-04,Transaction at DMart,Debito,598.2,0,Grocery
27900.7,7249.35,NULA,63,1017.07,Egreso,2025-07-28,Transaction at Meru Cabs,Debito,1023.11,0,Transport
48442.57,4432.49,NULA,41,1441.81,Egreso,2025-09-23,Transaction at Apple Music,Transferencia,998.98,0,Entertainment
22365.81,5881.4,BAJA,54,1229.39,Egreso,2025-12-21,Transaction at Dominos,Credito,1189.69,5,Food
34951.67,4674.7,BAJA,45,1226.49,Egreso,2025-07-17,Transaction at Amazon Prime,Credito,340.96,6,Entertainment
34190.66,9245.99,BAJA,41,1766.46,Egreso,2025-01-20,Transaction at DMart,Debito,2223.01,0,Grocery
45000.78,6745.7,MEDIA,11,1993.17,Egreso,2025-06-12,Transaction at Spencers,Transferencia,2944.36,0,Grocery
45919.61,2355.35,MEDIA,78,882.44,Egreso,2025-03-22,Transaction at Wrogn,Transferencia,4951.88,0,Clothing
43513.32,4182.22,MEDIA,44,1072.45,Egreso,2025-06-16,Transaction at AirAsia,Credito,10666.77,10,Travel
44686.91,1444.0,BAJA,69,1073.36,Egreso,2025-08-29,Transaction at Meru Cabs,Transferencia,1859.89,0,Transport
40051.93,1350.74,ALTA,39,1163.63,Egreso,2025-11-21,Transaction at Tata Cliq,Transferencia,13112.61,0,Online Shopping
27342.67,7917.31,MEDIA,45,382.05,Egreso,2025-04-27,Transaction at SonyLiv,Credito,117.99,4,Entertainment
9377.95,2165.52,BAJA,93,1220.32,Egreso,2025-03-25,Transaction at Dominos,Debito,551.37,0,Food
46080.39,3182.19,BAJA,37,855.71,Egreso,2025-06-26,Transaction at MedPlus,Credito,14662.58,5,Healthcare
44275.87,3482.31,ALTA,92,1507.44,Egreso,2025-06-14,Transaction at ACT Fibernet,Transferencia,1471.15,0,Bills
11068.77,6190.46,MEDIA,11,1030.44,Egreso,2025-02-06,Transaction at MedPlus,Transferencia,7998.28,0,Healthcare
6232.44,2859.03,MEDIA,63,1984.33,Egreso,2025-05-06,Transaction at BSNL,Debito,5487.32,0,Bills
42287.82,3558.07,NULA,84,1747.85,Egreso,2025-01-19,Transaction at HP World,Debito,15768.89,0,Electronics
9503.38,7759.99,ALTA,91,661.31,Egreso,2025-03-12,Transaction at Vodafone Idea,Transferencia,1409.02,0,Bills
49015.07,4210.7,BAJA,2,1728.0,Egreso,2025-02-18,Transaction at BigBazaar,Credito,4946.12,3,Grocery
28543.74,2694.92,BAJA,0,761.09,Egreso,2025-08-28,Transaction at BigBazaar,Credito,2206.62,3,Grocery
17143.56,3773.11,NULA,75,1804.14,Egreso,2025-03-12,Transaction at Pantaloons,Transferencia,1991.31,0,Clothing
19751.16,7753.97,NULA,37,1791.08,Egreso,2025-07-17,Transaction at OYO,Transferencia,29890.62,0,Travel
5386.44,9731.52,BAJA,59,1195.0,Egreso,2025-12-13,Transaction at Netmeds,Transferencia,17195.14,0,Healthcare
11048.8,7130.38,ALTA,40,983.51,Egreso,2025-01-11,Transaction at Chai Point,Transferencia,248.61,0,Food
8365.63,6926.0,BAJA,2,1980.63,Egreso,2025-01-30,Transaction at Levis,Debito,2108.21,0,Clothing
42255.12,3846.06,BAJA,91,1476.56,Egreso,2025-11-13,Transaction at More Supermarket,Debito,4426.22,0,Grocery
37463.22,6599.77,ALTA,97,1176.05,Egreso,2025-11-17,Transaction at Air India,Debito,28581.27,0,Travel
25746.52,5141.09,MEDIA,79,1243.95,Egreso,2025-01-27,Transaction at H&M,Debito,1657.01,0,Clothing
7599.59,1303.33,NULA,7,1844.42,Egreso,2025-07-07,Transaction at Goibibo,Transferencia,22835.1,0,Travel
8402.45,8115.89,MEDIA,62,846.15,Egreso,2025-03-07,Transaction at Star Bazaar,Transferencia,2376.12,0,Grocery
17394.03,8545.47,ALTA,70,1637.07,Egreso,2025-09-12,Transaction at Reliance Fresh,Debito,262.16,0,Grocery
40858.77,9255.97,BAJA,12,749.28,Egreso,2025-05-14,Transaction at Property Tax Online,Credito,1141.44,11,Bills
33440.08,3595.65,MEDIA,0,1656.91,Egreso,2025-09-18,Transaction at BigBazaar,Transferencia,1857.18,0,Grocery
10816.08,5874.86,BAJA,29,246.43,Egreso,2025-07-01,Transaction at Taco Bell,Debito,472.14,0,Food
20104.66,9507.97,MEDIA,50,539.32,Egreso,2025-03-30,Transaction at OYO,Debito,2118.23,0,Travel
45104.02,9779.4,ALTA,75,613.65,Egreso,2025-07-03,Transaction at Apple Music,Transferencia,650.27,0,Entertainment
19475.39,5508.35,ALTA,46,635.73,Egreso,2025-07-23,Transaction at Burger King,Transferencia,151.38,0,Food
31295.91,9279.92,BAJA,52,957.11,Egreso,2025-06-22,Transaction at Cream Stone,Transferencia,486.78,0,Food
17966.93,9066.51,ALTA,15,425.53,Egreso,2025-05-12,Transaction at Mi Store,Debito,125898.61,0,Electronics
25456.02,3461.35,MEDIA,59,846.37,Egreso,2025-03-15,Transaction at Woodland,Transferencia,4149.53,0,Clothing
42648.13,4249.87,MEDIA,79,403.87,Egreso,2025-12-04,Transaction at 1mg,Debito,4490.04,0,Healthcare
24459.57,7709.02,NULA,88,1132.22,Egreso,2025-05-13,Transaction at Meesho,Credito,13488.59,1,Online Shopping
16998.18,1733.26,NULA,39,1555.29,Egreso,2025-08-10,Transaction at Hotstar,Transferencia,736.89,0,Entertainment
32367.37,4980.93,BAJA,63,238.19,Egreso,2025-05-20,Transaction at DMart,Debito,813.51,0,Grocery
27774.82,1673.74,MEDIA,55,1370.91,Egreso,2025-11-15,Transaction at Mi Store,Debito,28699.14,0,Electronics
21870.88,6273.1,ALTA,49,335.86,Egreso,2025-08-10,Transaction at Ola,Debito,988.9,0,Transport
8047.21,8292.25,ALTA,84,1818.48,Egreso,2025-11-26,Transaction at Booking.com,Credito,586.7,2,Travel
46556.54,3394.93,NULA,82,1372.74,Egreso,2025-08-22,Transaction at Cream Stone,Transferencia,1415.43,0,Food
24441.68,7893.96,BAJA,97,181.74,Egreso,2025-10-13,Transaction at Vivo Store,Credito,144280.06,9,Electronics
46111.0,9858.01,NULA,84,232.74,Egreso,2025-06-25,Transaction at SonyLiv,Transferencia,863.6,0,Entertainment
27631.28,3875.18,MEDIA,21,668.28,Egreso,2025-07-06,Transaction at ACT Fibernet,Debito,536.37,0,Bills
43320.4,6561.21,MEDIA,0,1953.38,Egreso,2025-04-11,Transaction at Adidas,Credito,6482.47,7,Clothing
22631.51,3284.38,ALTA,24,1958.84,Egreso,2025-08-17,Transaction at IRCTC,Debito,22739.25,0,Travel
5083.91,6005.61,BAJA,68,795.8,Egreso,2025-02-19,Transaction at CloudNine,Transferencia,11376.34,0,Healthcare
32936.19,6127.97,NULA,68,1469.47,Egreso,2025-09-07,Transaction at Wrogn,Debito,7499.38,0,Clothing
31370.71,9744.63,NULA,65,1522.27,Egreso,2025-09-27,Transaction at IndiGo,Credito,14697.53,6,Travel
5093.8,1294.86,ALTA,42,1553.37,Egreso,2025-05-01,Transaction at Nilgiris,Transferencia,2854.67,0,Grocery
15502.42,7065.17,ALTA,72,1926.9,Egreso,2025-09-01,Transaction at Ola,Credito,1326.03,9,Transport
9253.16,8335.79,NULA,45,271.77,Egreso,2025-07-31,Transaction at Lenskart,Debito,4048.78,0,Online Shopping
22183.19,8951.47,NULA,39,1399.87,Egreso,2025-10-27,Transaction at RedBus,Transferencia,978.56,0,Transport
19337.35,5640.36,ALTA,56,971.05,Egreso,2025-07-04,Transaction at TNEB,Debito,1002.74,0,Bills
46015.71,4745.6,NULA,82,309.52,Egreso,2025-08-09,Transaction at Nilgiris,Transferencia,747.14,0,Grocery
28469.77,4266.97,MEDIA,8,765.97,Egreso,2025-08-29,Transaction at Ola,Credito,1847.13,8,Transport
42373.09,8806.12,MEDIA,95,286.9,Egreso,2025-04-01,Transaction at Zara,Credito,5710.97,7,Clothing
35885.48,8413.39,NULA,25,1900.84,Egreso,2025-10-28,Transaction at Vistara,Credito,22513.11,7,Travel
27021.99,4569.98,NULA,96,306.22,Egreso,2025-03-17,Transaction at Spencers,Credito,1294.27,5,Grocery
12186.84,1049.09,NULA,63,797.13,Egreso,2025-10-18,Transaction at CloudNine,Transferencia,6353.91,0,Healthcare
38046.04,2009.28,MEDIA,88,1177.68,Egreso,2025-01-01,Transaction at DMart,Transferencia,2613.78,0,Grocery
20308.88,4526.18,NULA,12,1287.87,Egreso,2025-01-05,Transaction at Spencers,Debito,2997.14,0,Grocery
5089.75,7967.67,BAJA,24,424.43,Egreso,2025-04-01,Transaction at Chai Point,Credito,1072.57,10,Food
42359.5,5999.62,BAJA,40,589.15,Egreso,2025-11-14,Transaction at Aster,Transferencia,14387.86,0,Healthcare
29152.48,1983.09,BAJA,78,1952.63,Egreso,2025-07-01,Transaction at Pizza Hut,Credito,656.05,11,Food
26400.51,3752.85,NULA,69,1012.46,Egreso,2025-02-19,Transaction at Myntra,Transferencia,7852.49,0,Online Shopping
41137.6,6458.46,ALTA,99,1658.83,Egreso,2025-05-16,Transaction at Zee5,Transferencia,456.41,0,Entertainment
11666.37,5547.43,NULA,5,1823.86,Egreso,2025-12-14,Transaction at Amazon Prime,Transferencia,262.78,0,Entertainment
24292.53,1043.19,BAJA,9,616.77,Egreso,2025-02-04,Transaction at Tata Cliq,Transferencia,13494.75,0,Online Shopping
31580.78,2439.26,MEDIA,40,107.46,Egreso,2025-07-11,Transaction at OYO,Transferencia,28842.31,0,Travel
40251.33,5049.77,MEDIA,89,413.38,Egreso,2025-08-15,Transaction at Netflix,Debito,126.63,0,Entertainment
7719.47,4151.35,NULA,66,1356.04,Egreso,2025-12-09,Transaction at Spotify,Transferencia,936.61,0,Entertainment
32075.69,3551.64,ALTA,30,999.04,Egreso,2025-01-26,Transaction at JioMart,Credito,4455.77,11,Grocery
36424.89,4240.43,MEDIA,24,1931.75,Egreso,2025-04-13,Transaction at Star Bazaar,Debito,2046.35,0,Grocery
29604.65,6775.39,MEDIA,90,447.91,Egreso,2025-02-13,Transaction at Vivo Store,Transferencia,147469.65,0,Electronics
20709.93,2349.66,BAJA,75,1482.32,Egreso,2025-12-25,Transaction at Meru Cabs,Credito,676.31,8,Transport
30448.75,6463.0,MEDIA,76,803.91,Egreso,2025-09-26,Transaction at Amazon Prime,Credito,842.58,7,Entertainment
10915.89,8136.95,BAJA,73,881.71,Egreso,2025-07-04,Transaction at Allen Solly,Transferencia,3795.63,0,Clothing
19215.81,5420.98,MEDIA,84,783.57,Egreso,2025-12-21,Transaction at US Polo,Transferencia,7985.56,0,Clothing
17062.51,4455.62,NULA,7,544.33,Egreso,2025-02-04,Transaction at A2B,Transferencia,535.26,0,Food
40291.74,9091.9,MEDIA,47,1072.81,Egreso,2025-02-20,Transaction at Croma,Transferencia,80843.83,0,Electronics
49725.11,8871.2,BAJA,93,1480.42,Egreso,2025-12-17,Transaction at Goibibo,Debito,14515.11,0,Travel
31278.18,9119.14,ALTA,63,1429.39,Egreso,2025-11-04,Transaction at Goibibo,Transferencia,28037.63,0,Travel
6098.19,4763.26,ALTA,2,677.36,Egreso,2025-01-19,Transaction at Vodafone Idea,Transferencia,1366.02,0,Bills
37760.52,2133.41,BAJA,22,1332.48,Egreso,2025-06-14,Transaction at TSRTC,Transferencia,1738.43,0,Transport
27309.17,4049.13,MEDIA,52,335.83,Egreso,2025-11-01,Transaction at PharmEasy,Debito,10159.57,0,Healthcare
12683.95,6661.01,ALTA,14,187.06,Egreso,2025-01-07,Transaction at Cream Stone,Credito,168.65,1,Food
40794.71,2483.24,BAJA,59,1262.87,Egreso,2025-07-13,Transaction at Cream Stone,Transferencia,1373.85,0,Food
35936.93,1823.02,NULA,20,491.6,Egreso,2025-03-30,Transaction at Amazon,Credito,578.53,4,Online Shopping
8015.08,5687.06,NULA,64,515.84,Egreso,2025-12-17,Transaction at TSRTC,Transferencia,527.93,0,Transport
6454.14,9118.51,BAJA,14,360.54,Egreso,2025-08-06,Transaction at Star Bazaar,Debito,907.48,0,Grocery
11740.23,9066.81,MEDIA,14,404.97,Egreso,2025-02-19,Transaction at Puma,Debito,3638.74,0,Clothing
14840.26,1158.73,NULA,32,1303.2,Egreso,2025-12-16,Transaction at Aster,Transferencia,10453.71,0,Healthcare
46004.2,6977.44,NULA,61,1721.65,Egreso,2025-01-19,Transaction at Reliance Digital,Debito,30001.8,0,Electronics
17983.95,8106.4,NULA,6,990.3,Egreso,2025-02-01,Transaction at Reliance Digital,Debito,70534.23,0,Electronics
42903.93,3020.62,ALTA,88,909.04,Egreso,2025-06-30,Transaction at Air India,Debito,13663.51,0,Travel
47576.74,7331.46,ALTA,57,1334.99,Egreso,2025-11-20,Transaction at Noise,Transferencia,142018.76,0,Electronics
29229.13,7885.08,NULA,12,1921.1,Egreso,2025-04-29,Transaction at Snapdeal,Credito,399.82,7,Online Shopping
34473.97,3597.3,ALTA,28,1656.7,Egreso,2025-02-10,Transaction at Lenskart,Debito,13578.97,0,Online Shopping
42273.28,8105.62,ALTA,89,1904.7,Egreso,2025-06-16,Transaction at HP World,Debito,22163.25,0,Electronics
36285.91,7472.5,ALTA,2,282.38,Egreso,2025-07-07,Transaction at TSRTC,Transferencia,1176.66,0,Transport
34209.27,9951.13,BAJA,8,155.54,Egreso,2025-06-25,Transaction at Amazon Prime,Transferencia,964.75,0,Entertainment
28189.39,9357.28,MEDIA,76,1827.3,Egreso,2025-09-11,Transaction at Kauvery,Transferencia,4536.16,0,Healthcare
27928.69,8879.38,NULA,4,1547.76,Egreso,2025-03-21,Transaction at Nature's Basket,Debito,368.0,0,Grocery
31987.13,6702.13,MEDIA,91,924.42,Egreso,2025-01-24,Transaction at Star Bazaar,Credito,419.66,11,Grocery
6308.72,7452.61,NULA,54,1048.31,Egreso,2025-09-16,Transaction at Fortis,Credito,6980.6,6,Healthcare
11877.79,5948.77,ALTA,71,1280.95,Egreso,2025-06-09,Transaction at Ola,Transferencia,331.08,0,Transport
37014.6,3210.49,MEDIA,14,853.73,Egreso,2025-05-01,Transaction at BSNL,Credito,395.57,7,Bills
21675.59,4538.13,ALTA,64,925.04,Egreso,2025-09-13,Transaction at Water Board,Debito,404.24,0,Bills
19747.76,2624.82,BAJA,59,783.09,Egreso,2025-07-09,Transaction at Zara,Credito,1159.83,11,Clothing
34557.1,6069.42,MEDIA,26,328.48,Egreso,2025-07-04,Transaction at Rapido,Transferencia,1702.6,0,Transport
5420.51,4649.61,NULA,13,664.69,Egreso,2025-12-15,Transaction at Property Tax Online,Transferencia,3631.51,0,Bills
32355.09,1569.07,ALTA,19,1714.17,Egreso,2025-06-12,Transaction at Nike,Transferencia,5662.67,0,Clothing
44062.35,3375.16,ALTA,29,1992.03,Egreso,2025-08-29,Transaction at Croma,Transferencia,116676.19,0,Electronics
17938.65,5106.4,BAJA,68,1039.9,Egreso,2025-03-06,Transaction at OnePlus,Debito,68551.77,0,Electronics
18011.78,4019.13,ALTA,77,1130.72,Egreso,2025-12-29,Transaction at Zara,Debito,4945.65,0,Clothing
30609.22,8001.64,NULA,73,1220.57,Egreso,2025-12-14,Transaction at JioMart,Debito,2190.41,0,Grocery
44497.66,9671.85,MEDIA,56,1338.63,Egreso,2025-11-05,Transaction at Myntra,Debito,12885.4,0,Online Shopping
19200.37,8857.48,MEDIA,20,843.38,Egreso,2025-10-31,Transaction at Star Bazaar,Transferencia,3190.97,0,Grocery
19031.88,7623.5,ALTA,92,580.97,Egreso,2025-10-22,Transaction at Goibibo,Debito,20900.47,0,Travel
37182.99,8510.19,MEDIA,66,501.14,Egreso,2025-12-19,Transaction at Yulu Bikes,Debito,736.11,0,Transport
34602.7,1732.4,BAJA,59,1431.52,Egreso,2025-01-26,Transaction at 1mg,Transferencia,16924.84,0,Healthcare
28409.61,2847.93,ALTA,33,1023.89,Egreso,2025-11-03,Transaction at Hotstar,Debito,751.75,0,Entertainment
12166.45,6220.29,ALTA,86,1034.04,Egreso,2025-04-28,Transaction at Goibibo,Credito,2431.6,3,Travel
27837.53,2107.73,BAJA,99,1645.06,Egreso,2025-12-27,Transaction at Flipkart,Debito,2910.16,0,Online Shopping
35465.56,3562.77,NULA,26,1249.42,Egreso,2025-07-12,Transaction at Pepperfry,Credito,14809.34,9,Online Shopping
13236.11,2652.42,NULA,38,565.27,Egreso,2025-07-16,Transaction at Allen Solly,Debito,2381.78,0,Clothing
38462.37,7282.51,NULA,85,357.92,Egreso,2025-04-19,Transaction at Hotstar,Credito,260.02,3,Entertainment
9728.16,1798.42,MEDIA,93,1774.99,Egreso,2025-08-07,Transaction at Sony Center,Transferencia,11015.43,0,Electronics
41373.6,5882.31,BAJA,85,1815.26,Egreso,2025-03-02,Transaction at US Polo,Credito,1568.12,5,Clothing
36841.52,2347.29,NULA,35,1021.06,Egreso,2025-08-22,Transaction at Barbeque Nation,Credito,896.75,2,Food
36170.3,9312.15,MEDIA,43,1268.64,Egreso,2025-01-15,Transaction at Chai Point,Transferencia,174.02,0,Food
26331.33,7702.25,NULA,60,981.76,Egreso,2025-03-14,Transaction at Vistara,Transferencia,1540.11,0,Travel
30681.25,5273.66,NULA,79,719.24,Egreso,2025-04-02,Transaction at BMTC,Transferencia,1822.89,0,Transport
35322.92,2295.24,ALTA,72,283.68,Egreso,2025-05-16,Transaction at Croma,Credito,28277.55,5,Electronics
35713.03,3266.69,ALTA,19,606.04,Egreso,2025-10-09,Transaction at Yulu Bikes,Transferencia,1482.08,0,Transport
32126.75,9792.57,BAJA,90,1197.09,Egreso,2025-03-26,Transaction at Allen Solly,Transferencia,7216.61,0,Clothing
42775.17,8830.58,BAJA,4,1155.3,Egreso,2025-12-05,Transaction at PharmEasy,Transferencia,5709.39,0,Healthcare
15351.91,1728.83,MEDIA,13,366.88,Egreso,2025-09-20,Transaction at Water Board,Debito,703.57,0,Bills
46083.44,5302.51,ALTA,92,1142.96,Egreso,2025-12-15,Transaction at Booking.com,Transferencia,26508.43,0,Travel
21060.47,8770.81,ALTA,91,103.8,Egreso,2025-04-17,Transaction at 1mg,Transferencia,16745.45,0,Healthcare
14928.38,5814.54,BAJA,87,832.89,Egreso,2025-12-17,Transaction at Subway,Credito,1412.27,5,Food
9427.25,6422.58,ALTA,76,1858.79,Egreso,2025-07-08,Transaction at Tata Cliq,Debito,13024.38,0,Online Shopping
21822.11,4977.07,BAJA,63,987.18,Egreso,2025-01-26,Transaction at BSNL,Credito,4287.43,6,Bills
15214.37,7170.63,NULA,62,682.88,Egreso,2025-10-16,Transaction at McDonalds,Credito,1028.93,7,Food
47554.81,8302.62,NULA,54,1637.23,Egreso,2025-06-16,Transaction at CloudNine,Debito,230.24,0,Healthcare
38648.64,2847.96,ALTA,44,891.85,Egreso,2025-06-06,Transaction at Property Tax Online,Transferencia,784.99,0,Bills
28959.27,5318.36,NULA,10,1699.71,Egreso,2025-02-25,Transaction at Adidas,Debito,5931.99,0,Clothing
32998.37,9888.33,BAJA,91,563.32,Egreso,2025-12-08,Transaction at More Supermarket,Credito,1447.51,7,Grocery
37717.85,9008.84,BAJA,44,1546.31,Egreso,2025-07-19,Transaction at YouTube Premium,Transferencia,307.98,0,Entertainment
15930.76,6246.44,ALTA,20,1821.34,Egreso,2025-02-07,Transaction at Amazon Prime,Transferencia,337.93,0,Entertainment
18907.46,8072.21,ALTA,64,922.51,Egreso,2025-03-07,Transaction at Amazon Prime,Debito,949.14,0,Entertainment
45964.85,2629.55,ALTA,28,1413.89,Egreso,2025-11-12,Transaction at Nykaa,Debito,11769.65,0,Online Shopping
19501.0,8289.73,BAJA,18,1342.43,Egreso,2025-06-19,Transaction at CCD,Transferencia,278.91,0,Food
47009.71,4795.1,ALTA,8,1529.61,Egreso,2025-01-22,Transaction at Croma,Transferencia,13792.62,0,Electronics
39214.02,5519.5,MEDIA,53,1801.85,Egreso,2025-07-10,Transaction at TSRTC,Transferencia,211.51,0,Transport
34270.16,5363.93,NULA,4,1802.56,Egreso,2025-09-16,Transaction at OnePlus,Transferencia,18560.85,0,Electronics
48550.63,7196.83,BAJA,95,465.16,Egreso,2025-06-26,Transaction at Allen Solly,Debito,7162.07,0,Clothing
39409.52,6786.79,ALTA,35,671.94,Egreso,2025-08-12,Transaction at Meesho,Debito,9797.04,0,Online Shopping
40718.49,3671.42,NULA,97,380.66,Egreso,2025-02-23,Transaction at Netflix,Debito,646.95,0,Entertainment
19264.35,4467.51,BAJA,65,1739.78,Egreso,2025-01-09,Transaction at Cream Stone,Transferencia,442.92,0,Food
26520.97,1475.77,MEDIA,65,1628.49,Egreso,2025-12-30,Transaction at Barbeque Nation,Credito,299.86,6,Food
22747.69,1076.46,ALTA,32,650.32,Egreso,2025-06-08,Transaction at Myntra,Credito,12724.01,2,Online Shopping
45818.02,1086.58,ALTA,50,1077.6,Egreso,2025-02-27,Transaction at Spotify,Transferencia,572.83,0,Entertainment
36832.62,8412.96,BAJA,24,1120.18,Egreso,2025-06-08,Transaction at Reliance Fresh,Transferencia,1155.28,0,Grocery
41763.86,3602.98,NULA,72,697.9,Egreso,2025-03-31,Transaction at KFC,Transferencia,604.07,0,Food
43486.35,6386.14,NULA,98,450.69,Egreso,2025-08-11,Transaction at Woodland,Debito,6592.16,0,Clothing
8426.75,7401.7,ALTA,85,153.58,Egreso,2025-10-16,Transaction at Yatra,Credito,28695.94,10,Travel
43701.31,9102.4,NULA,60,1079.47,Egreso,2025-08-09,Transaction at Rapido,Transferencia,1268.89,0,Transport
41519.75,3774.32,MEDIA,27,1939.8,Egreso,2025-02-23,Transaction at TNEB,Transferencia,1786.56,0,Bills
21147.58,3552.95,BAJA,77,1816.13,Egreso,2025-12-16,Transaction at Water Board,Transferencia,2572.85,0,Bills
23092.34,7975.25,NULA,42,1524.5,Egreso,2025-06-11,Transaction at MedPlus,Transferencia,16260.21,0,Healthcare
17150.72,3779.78,NULA,25,1210.8,Egreso,2025-12-23,Transaction at Zee5,Credito,842.75,3,Entertainment
19381.78,1763.78,ALTA,84,274.82,Egreso,2025-12-03,Transaction at PharmEasy,Transferencia,14515.08,0,Healthcare
43493.31,1265.89,ALTA,41,1523.98,Egreso,2025-11-01,Transaction at Jio Fiber,Transferencia,5893.72,0,Bills
33808.82,7428.81,MEDIA,12,1045.0,Egreso,2025-07-16,Transaction at ACT Fibernet,Transferencia,1730.55,0,Bills
47199.69,7327.64,MEDIA,79,1508.45,Egreso,2025-03-03,Transaction at Biba,Transferencia,5369.6,0,Clothing
13569.08,1146.42,ALTA,49,1940.16,Egreso,2025-10-11,Transaction at Flipkart,Debito,9020.36,0,Online Shopping
15780.44,9483.26,ALTA,93,1412.75,Egreso,2025-02-12,Transaction at RedBus,Credito,1321.89,4,Transport
19287.31,6932.92,MEDIA,46,1351.66,Egreso,2025-09-05,Transaction at US Polo,Debito,3739.99,0,Clothing
35908.07,6111.89,NULA,41,1462.95,Egreso,2025-10-07,Transaction at US Polo,Transferencia,2281.63,0,Clothing
19588.58,4762.39,BAJA,60,1703.17,Egreso,2025-04-12,Transaction at Aha,Transferencia,448.48,0,Entertainment
34658.75,7373.49,NULA,96,214.75,Egreso,2025-11-28,Transaction at MakeMyTrip,Credito,12604.51,11,Travel
35370.13,5548.29,BAJA,28,1652.19,Egreso,2025-05-18,Transaction at Spotify,Debito,126.07,0,Entertainment
44098.88,3662.0,MEDIA,23,623.99,Egreso,2025-09-11,Transaction at Ajio,Credito,4921.65,7,Online Shopping
23845.7,4249.07,NULA,83,1469.97,Egreso,2025-05-09,Transaction at Saravana Bhavan,Debito,658.23,0,Food
26131.27,6137.52,BAJA,66,803.7,Egreso,2025-10-28,Transaction at Tata Cliq,Debito,7908.13,0,Online Shopping
9042.92,8440.22,BAJA,60,1293.27,Egreso,2025-08-29,Transaction at JioMart,Transferencia,3931.21,0,Grocery
28079.75,1105.14,MEDIA,30,577.25,Egreso,2025-02-25,Transaction at Airtel,Credito,4219.15,4,Bills
10022.43,4148.15,ALTA,61,1037.03,Egreso,2025-09-12,Transaction at Snapdeal,Transferencia,19162.42,0,Online Shopping
47671.67,9765.12,ALTA,62,1070.7,Egreso,2025-03-01,Transaction at Zee5,Debito,430.58,0,Entertainment
22746.24,5689.23,MEDIA,77,1224.79,Egreso,2025-05-12,Transaction at Metro Rail,Debito,1107.73,0,Transport
12625.77,5995.19,BAJA,82,487.83,Egreso,2025-06-13,Transaction at DMart,Transferencia,2843.19,0,Grocery
12223.78,6896.26,ALTA,82,503.51,Egreso,2025-10-22,Transaction at Dell Exclusive,Credito,116297.96,6,Electronics
16162.73,2036.56,NULA,61,668.93,Egreso,2025-01-05,Transaction at Chai Point,Debito,461.84,0,Food
24005.4,7172.84,ALTA,99,1274.78,Egreso,2025-02-09,Transaction at A2B,Credito,100.5,11,Food
44168.62,5252.61,NULA,19,140.34,Egreso,2025-06-27,Transaction at US Polo,Transferencia,3421.7,0,Clothing
42918.19,1329.34,NULA,39,1601.69,Egreso,2025-11-18,Transaction at Samsung Store,Credito,44836.97,2,Electronics
27988.73,6019.95,ALTA,77,728.17,Egreso,2025-12-05,Transaction at Yatra,Transferencia,20181.76,0,Travel
35055.38,9383.89,NULA,84,729.61,Egreso,2025-06-24,Transaction at Boat Lifestyle,Transferencia,44754.94,0,Electronics
26640.82,7989.3,MEDIA,53,1157.94,Egreso,2025-11-23,Transaction at BSNL,Transferencia,3068.77,0,Bills
20108.29,7688.14,NULA,68,355.06,Egreso,2025-10-29,Transaction at OnePlus,Debito,28536.98,0,Electronics
48356.24,5480.33,MEDIA,32,267.2,Egreso,2025-05-28,Transaction at IndiGo,Transferencia,5961.84,0,Travel
8312.13,1718.28,ALTA,95,1620.89,Egreso,2025-07-14,Transaction at Vodafone Idea,Credito,2455.47,6,Bills
14297.16,6754.19,ALTA,63,1836.99,Egreso,2025-08-12,Transaction at Vodafone Idea,Transferencia,3889.84,0,Bills
48993.55,1114.09,BAJA,67,529.54,Egreso,2025-10-29,Transaction at Uber,Transferencia,1247.59,0,Transport
21512.91,4637.27,BAJA,75,1362.3,Egreso,2025-09-01,Transaction at Reliance Fresh,Credito,3248.17,2,Grocery
43334.59,9587.73,ALTA,60,423.25,Egreso,2025-05-06,Transaction at Kauvery,Debito,15192.7,0,Healthcare
21553.93,8519.84,MEDIA,68,969.15,Egreso,2025-10-29,Transaction at OnePlus,Transferencia,72844.42,0,Electronics
11980.33,6250.55,NULA,66,1975.99,Egreso,2025-06-09,Transaction at Adidas,Transferencia,687.83,0,Clothing
35873.11,7566.36,NULA,17,681.17,Egreso,2025-10-23,Transaction at 1mg,Debito,18168.59,0,Healthcare
5356.82,9155.76,NULA,6,1916.27,Egreso,2025-10-11,Transaction at PharmEasy,Transferencia,5007.56,0,Healthcare
11041.89,3757.42,ALTA,52,1669.42,Egreso,2025-08-20,Transaction at Aster,Credito,16172.06,9,Healthcare
49088.65,2083.86,NULA,98,1643.14,Egreso,2025-03-07,Transaction at YouTube Premium,Credito,759.69,7,Entertainment
14466.96,3106.41,MEDIA,79,438.51,Egreso,2025-05-04,Transaction at US Polo,Transferencia,2557.38,0,Clothing
26754.89,6793.55,BAJA,6,1746.66,Egreso,2025-11-30,Transaction at Ola,Debito,1096.42,0,Transport
15453.14,8865.77,MEDIA,22,1043.2,Egreso,2025-01-18,Transaction at Nike,Transferencia,1393.92,0,Clothing
5163.82,4898.32,BAJA,83,1134.81,Egreso,2025-01-14,Transaction at CCD,Credito,739.2,11,Food
32652.1,8067.72,MEDIA,10,1305.15,Egreso,2025-06-16,Transaction at Vistara,Debito,29777.76,0,Travel
36907.23,2065.36,MEDIA,85,1365.37,Egreso,2025-12-02,Transaction at Paradise Biryani,Transferencia,240.32,0,Food
33131.86,8341.34,NULA,30,122.33,Egreso,2025-10-31,Transaction at Uber,Transferencia,1502.62,0,Transport
5802.76,5703.27,NULA,92,1640.07,Egreso,2025-09-09,Transaction at Reliance Fresh,Transferencia,3767.1,0,Grocery
34828.9,2342.9,MEDIA,79,749.11,Egreso,2025-04-23,Transaction at Dominos,Transferencia,1395.67,0,Food
6021.16,3111.08,NULA,51,891.71,Egreso,2025-05-16,Transaction at US Polo,Credito,4480.32,5,Clothing
10143.05,4041.68,NULA,31,1634.86,Egreso,2025-05-16,Transaction at Tata Cliq,Debito,19386.21,0,Online Shopping
8506.0,5133.94,NULA,24,397.85,Egreso,2025-08-27,Transaction at Puma,Transferencia,2945.49,0,Clothing
31285.33,2141.96,NULA,68,1644.19,Egreso,2025-07-17,Transaction at MakeMyTrip,Credito,18178.72,5,Travel
35513.63,8501.75,BAJA,72,458.49,Egreso,2025-11-11,Transaction at Wrogn,Credito,683.09,7,Clothing
9292.38,9069.35,ALTA,95,597.55,Egreso,2025-01-23,Transaction at Myntra,Debito,18163.03,0,Online Shopping
40319.73,9029.26,ALTA,78,1660.32,Egreso,2025-08-23,Transaction at JioMart,Transferencia,2056.02,0,Grocery
17988.59,4028.79,ALTA,63,678.33,Egreso,2025-12-11,Transaction at Gas Agency,Transferencia,3399.99,0,Bills
31882.2,2114.09,BAJA,99,699.05,Egreso,2025-12-18,Transaction at Gaana,Transferencia,176.5,0,Entertainment
14098.66,7979.56,ALTA,52,1146.98,Egreso,2025-06-27,Transaction at Uber,Debito,1117.73,0,Transport
18499.3,3075.36,ALTA,19,1805.22,Egreso,2025-05-07,Transaction at YouTube Premium,Transferencia,479.92,0,Entertainment
9884.21,4507.93,MEDIA,0,469.01,Egreso,2025-02-16,Transaction at Mi Store,Debito,105261.83,0,Electronics
47356.27,2435.58,BAJA,39,409.27,Egreso,2025-11-30,Transaction at Ajio,Debito,8214.25,0,Online Shopping
8636.6,2419.07,BAJA,76,132.42,Egreso,2025-11-01,Transaction at Nilgiris,Transferencia,1954.25,0,Grocery
16808.65,7843.73,MEDIA,26,1172.19,Egreso,2025-06-12,Transaction at Dell Exclusive,Credito,63053.25,9,Electronics
26301.3,4919.42,NULA,99,607.13,Egreso,2025-04-12,Transaction at Pepperfry,Transferencia,6852.12,0,Online Shopping
41214.23,6646.9,BAJA,92,1586.57,Egreso,2025-03-31,Transaction at Subway,Transferencia,863.68,0,Food
35185.02,9014.41,ALTA,4,1134.45,Egreso,2025-05-11,Transaction at Aster,Transferencia,608.02,0,Healthcare
46406.22,4113.24,ALTA,51,175.49,Egreso,2025-09-14,Transaction at Paradise Biryani,Credito,604.6,3,Food
44454.55,2103.86,BAJA,74,1225.64,Egreso,2025-03-23,Transaction at Woodland,Transferencia,3330.64,0,Clothing
25129.87,4692.59,MEDIA,77,1338.17,Egreso,2025-01-22,Transaction at Pantaloons,Credito,3379.75,10,Clothing
42437.94,8547.0,MEDIA,25,1667.26,Egreso,2025-08-28,Transaction at Hotstar,Credito,790.54,2,Entertainment
18287.32,6421.95,ALTA,17,1893.41,Egreso,2025-11-24,Transaction at Wrogn,Transferencia,7382.95,0,Clothing
12193.21,3517.11,BAJA,23,1700.16,Egreso,2025-12-13,Transaction at Pizza Hut,Transferencia,1469.01,0,Food
18641.11,2855.51,NULA,21,375.95,Egreso,2025-04-20,Transaction at TSRTC,Transferencia,1816.49,0,Transport
20918.11,5863.56,NULA,33,132.52,Egreso,2025-05-01,Transaction at Levis,Debito,7991.31,0,Clothing
5349.0,3567.74,MEDIA,91,595.93,Egreso,2025-04-01,Transaction at Dell Exclusive,Transferencia,56506.99,0,Electronics
49354.37,5406.28,ALTA,78,1996.44,Egreso,2025-06-23,Transaction at CCD,Transferencia,888.92,0,Food
23090.46,6125.36,NULA,79,1836.89,Egreso,2025-05-11,Transaction at Apollo Pharmacy,Credito,6708.6,1,Healthcare
14419.43,7022.1,NULA,4,1110.75,Egreso,2025-06-05,Transaction at Gas Agency,Transferencia,5146.92,0,Bills
7662.23,9928.3,NULA,66,1207.03,Egreso,2025-01-28,Transaction at Rapido,Transferencia,713.36,0,Transport
31678.94,1415.77,BAJA,63,1049.73,Egreso,2025-07-13,Transaction at Vivo Store,Transferencia,37033.08,0,Electronics
28979.07,2541.24,BAJA,64,859.68,Egreso,2025-06-27,Transaction at Apollo Hospital,Debito,9092.06,0,Healthcare
40405.83,2635.38,NULA,97,270.92,Egreso,2025-04-23,Transaction at OnePlus,Transferencia,29618.42,0,Electronics
23294.65,3681.93,ALTA,29,813.4,Egreso,2025-02-23,Transaction at Gaana,Transferencia,676.82,0,Entertainment
7345.09,5849.84,ALTA,56,1136.0,Egreso,2025-04-27,Transaction at Vistara,Transferencia,17807.74,0,Travel
11692.21,9716.71,BAJA,88,1915.08,Egreso,2025-05-14,Transaction at Allen Solly,Debito,1902.17,0,Clothing
22910.79,8229.75,BAJA,43,1755.5,Egreso,2025-09-28,Transaction at CloudNine,Transferencia,11819.82,0,Healthcare
27430.28,9120.73,ALTA,46,912.6,Egreso,2025-11-29,Transaction at AirAsia,Credito,9628.66,8,Travel
44004.4,7831.84,ALTA,28,246.24,Egreso,2025-07-13,Transaction at Uber,Transferencia,494.4,0,Transport
38959.96,5084.55,BAJA,65,210.51,Egreso,2025-04-27,Transaction at Metro Rail,Transferencia,238.28,0,Transport
39209.37,9578.86,BAJA,34,317.05,Egreso,2025-08-28,Transaction at RedBus,Transferencia,1853.34,0,Transport
33902.62,5214.04,NULA,34,1808.49,Egreso,2025-07-25,Transaction at Ajio,Debito,7403.05,0,Online Shopping
28616.56,8395.91,NULA,95,206.47,Egreso,2025-08-07,Transaction at Taco Bell,Credito,691.95,7,Food
37162.84,2416.91,BAJA,90,331.63,Egreso,2025-04-14,Transaction at MakeMyTrip,Transferencia,13058.86,0,Travel
26634.2,3331.35,NULA,59,189.89,Egreso,2025-12-21,Transaction at MakeMyTrip,Credito,23818.31,3,Travel
36671.32,5703.32,NULA,47,484.56,Egreso,2025-01-10,Transaction at Vodafone Idea,Transferencia,1880.81,0,Bills
7474.62,9938.57,MEDIA,66,408.15,Egreso,2025-10-25,Transaction at Aster,Transferencia,16446.67,0,Healthcare
15932.44,7412.47,NULA,11,849.06,Egreso,2025-09-14,Transaction at Paradise Biryani,Debito,1396.27,0,Food
13780.31,4967.44,MEDIA,66,359.34,Egreso,2025-11-18,Transaction at Pepperfry,Debito,1882.3,0,Online Shopping
48397.42,3790.62,NULA,52,476.7,Egreso,2025-04-12,Transaction at More Supermarket,Transferencia,2904.76,0,Grocery
28340.02,8743.87,BAJA,26,1493.12,Egreso,2025-03-08,Transaction at Netflix,Transferencia,99.44,0,Entertainment
34392.27,3168.65,NULA,6,375.9,Egreso,2025-06-01,Transaction at BMTC,Credito,419.26,2,Transport
47834.08,8164.72,BAJA,12,1782.09,Egreso,2025-12-09,Transaction at Noise,Debito,5251.13,0,Electronics
17388.64,5439.53,BAJA,85,1201.69,Egreso,2025-03-26,Transaction at SonyLiv,Transferencia,344.37,0,Entertainment
8374.52,2741.29,ALTA,79,168.94,Egreso,2025-12-18,Transaction at Gas Agency,Transferencia,404.57,0,Bills
34774.91,9542.02,BAJA,20,178.11,Egreso,2025-12-11,Transaction at Amazon,Debito,17616.61,0,Online Shopping
35331.3,4221.04,ALTA,25,1243.36,Egreso,2025-02-08,Transaction at Nature's Basket,Transferencia,2672.98,0,Grocery
37827.22,2833.17,BAJA,40,519.85,Egreso,2025-02-23,Transaction at Apollo Hospital,Transferencia,17960.18,0,Healthcare
43624.91,3456.91,ALTA,0,1631.93,Egreso,2025-02-06,Transaction at Apple Music,Transferencia,982.65,0,Entertainment
28356.02,7295.68,NULA,69,1456.44,Egreso,2025-01-04,Transaction at Star Bazaar,Debito,264.55,0,Grocery
39551.98,7250.48,ALTA,89,1454.09,Egreso,2025-05-05,Transaction at Reliance Fresh,Debito,963.71,0,Grocery
7009.58,2006.21,MEDIA,5,1698.91,Egreso,2025-06-05,Transaction at Vivo Store,Credito,14589.11,5,Electronics
14707.28,2141.33,BAJA,34,942.08,Egreso,2025-12-18,Transaction at Jio Fiber,Credito,5003.83,4,Bills
28249.66,4169.77,NULA,51,583.41,Egreso,2025-07-19,Transaction at TNEB,Transferencia,2718.54,0,Bills
23599.35,8971.38,MEDIA,35,1213.65,Egreso,2025-02-27,Transaction at BMTC,Transferencia,1068.47,0,Transport
16374.64,3609.74,MEDIA,3,488.07,Egreso,2025-06-02,Transaction at HP World,Transferencia,130899.88,0,Electronics
21915.86,4620.15,NULA,11,846.34,Egreso,2025-03-12,Transaction at Wrogn,Debito,3980.46,0,Clothing
33209.86,1843.4,NULA,7,1326.9,Egreso,2025-04-26,Transaction at Max Fashion,Debito,923.83,0,Clothing
19511.54,1514.29,BAJA,92,1950.77,Egreso,2025-03-03,Transaction at Subway,Transferencia,1332.28,0,Food
32628.93,1112.07,BAJA,47,318.87,Egreso,2025-06-03,Transaction at Netmeds,Transferencia,5071.68,0,Healthcare
16859.28,7092.09,MEDIA,5,695.44,Egreso,2025-07-01,Transaction at YouTube Premium,Transferencia,293.43,0,Entertainment
40760.82,2239.91,ALTA,51,455.29,Egreso,2025-10-31,Transaction at Ola,Credito,81.6,7,Transport
37645.64,7015.46,MEDIA,33,1966.64,Egreso,2025-01-22,Transaction at Aster,Transferencia,15297.36,0,Healthcare
11380.95,4643.32,ALTA,42,979.33,Egreso,2025-12-23,Transaction at Pantaloons,Transferencia,3531.68,0,Clothing
36070.6,9665.03,ALTA,85,1731.62,Egreso,2025-10-25,Transaction at H&M,Transferencia,6467.91,0,Clothing
12848.09,9342.09,NULA,95,426.54,Egreso,2025-12-09,Transaction at Property Tax Online,Transferencia,5856.13,0,Bills
33472.19,1673.48,ALTA,1,1782.26,Egreso,2025-09-21,Transaction at DMart,Transferencia,3296.17,0,Grocery
8003.83,3640.69,BAJA,77,1526.32,Egreso,2025-02-25,Transaction at DMart,Credito,674.79,3,Grocery
5509.62,9153.21,MEDIA,29,749.92,Egreso,2025-12-09,Transaction at Puma,Credito,2340.07,11,Clothing
35160.59,6598.62,MEDIA,41,1762.85,Egreso,2025-12-07,Transaction at Property Tax Online,Transferencia,5676.52,0,Bills
20298.72,1206.38,ALTA,59,104.57,Egreso,2025-07-25,Transaction at OnePlus,Credito,110784.78,4,Electronics
12996.75,1321.19,ALTA,56,1275.38,Egreso,2025-11-06,Transaction at ACT Fibernet,Transferencia,2261.65,0,Bills
6444.08,6979.85,ALTA,56,1104.59,Egreso,2025-04-25,Transaction at Property Tax Online,Transferencia,2563.32,0,Bills
42815.96,4569.08,MEDIA,78,515.87,Egreso,2025-11-21,Transaction at Spotify,Debito,227.98,0,Entertainment
5796.41,7899.7,BAJA,52,1543.46,Egreso,2025-07-12,Transaction at BigBazaar,Transferencia,4344.82,0,Grocery
29761.1,1490.48,MEDIA,69,1324.04,Egreso,2025-10-29,Transaction at Gas Agency,Transferencia,1204.04,0,Bills
38296.8,5355.23,MEDIA,37,472.74,Egreso,2025-10-07,Transaction at Starbucks,Transferencia,1347.39,0,Food
41913.92,4796.06,ALTA,88,1062.74,Egreso,2025-11-26,Transaction at Nike,Credito,4839.91,8,Clothing
20457.63,4929.56,ALTA,42,1018.79,Egreso,2025-03-20,Transaction at A2B,Transferencia,1062.92,0,Food
39285.53,8585.24,BAJA,29,278.44,Egreso,2025-08-19,Transaction at Snapdeal,Credito,18618.98,9,Online Shopping
22878.84,6183.53,MEDIA,37,364.53,Egreso,2025-11-17,Transaction at Reliance Digital,Credito,10147.07,2,Electronics
49033.88,7611.1,NULA,38,1031.16,Egreso,2025-10-11,Transaction at OnePlus,Transferencia,43429.56,0,Electronics
48883.22,4604.91,NULA,22,280.74,Egreso,2025-08-15,Transaction at OYO,Debito,15218.93,0,Travel
5771.1,7793.18,NULA,48,626.21,Egreso,2025-12-08,Transaction at Star Bazaar,Credito,2463.46,6,Grocery
31985.24,4391.93,ALTA,56,977.21,Egreso,2025-05-11,Transaction at Asus Store,Debito,30660.46,0,Electronics
25868.15,7405.11,MEDIA,35,474.39,Egreso,2025-03-09,Transaction at RedBus,Transferencia,460.57,0,Transport
49283.93,9957.25,MEDIA,89,1910.17,Egreso,2025-02-22,Transaction at OYO,Credito,22252.71,1,Travel
15181.18,6906.91,BAJA,20,1141.83,Egreso,2025-01-12,Transaction at Vodafone Idea,Debito,2056.43,0,Bills
9545.15,1918.72,NULA,33,773.39,Egreso,2025-03-17,Transaction at Lenskart,Transferencia,14357.43,0,Online Shopping
14371.81,1117.14,NULA,9,1063.21,Egreso,2025-06-13,Transaction at Max Fashion,Transferencia,3802.88,0,Clothing
27107.79,5071.69,BAJA,36,926.75,Egreso,2025-06-28,Transaction at BMTC,Transferencia,1730.6,0,Transport
17763.39,6892.57,MEDIA,3,1476.42,Egreso,2025-10-07,Transaction at Fortis,Transferencia,2923.93,0,Healthcare
40938.7,1858.6,ALTA,20,1651.02,Egreso,2025-06-06,Transaction at Meesho,Transferencia,4464.79,0,Online Shopping
30077.52,6351.72,BAJA,45,1624.28,Egreso,2025-07-03,Transaction at McDonalds,Transferencia,1105.94,0,Food
36472.79,3202.01,BAJA,32,1475.6,Egreso,2025-10-27,Transaction at Tata Cliq,Transferencia,6066.7,0,Online Shopping
46096.04,5270.04,ALTA,68,860.55,Egreso,2025-02-03,Transaction at Metro Rail,Credito,989.01,7,Transport
13624.17,8781.3,MEDIA,62,309.53,Egreso,2025-05-22,Transaction at Jio Fiber,Debito,4119.78,0,Bills
30410.39,3873.8,ALTA,45,1835.61,Egreso,2025-07-19,Transaction at Spotify,Credito,239.8,9,Entertainment
44346.42,7691.15,MEDIA,48,980.52,Egreso,2025-08-26,Transaction at Aster,Credito,15555.39,6,Healthcare
8635.36,8559.3,NULA,26,1436.26,Egreso,2025-09-14,Transaction at AirAsia,Credito,3388.72,4,Travel
47890.48,8350.11,NULA,43,624.61,Egreso,2025-01-25,Transaction at Ajio,Debito,12133.48,0,Online Shopping
16600.93,5206.59,NULA,59,1217.31,Egreso,2025-05-08,Transaction at Saravana Bhavan,Transferencia,1460.29,0,Food
6004.9,3883.38,ALTA,66,1997.19,Egreso,2025-08-03,Transaction at Yatra,Transferencia,28640.99,0,Travel
28075.07,2825.32,NULA,71,756.55,Egreso,2025-06-22,Transaction at Spencers,Debito,4937.52,0,Grocery
42061.87,5155.5,NULA,25,181.09,Egreso,2025-03-07,Transaction at Metro Rail,Transferencia,582.02,0,Transport
6943.24,8000.4,ALTA,71,1809.8,Egreso,2025-09-03,Transaction at Max Fashion,Transferencia,4793.71,0,Clothing
49118.55,7261.19,BAJA,31,1960.44,Egreso,2025-09-18,Transaction at BigBazaar,Transferencia,1549.92,0,Grocery
47160.14,4950.4,MEDIA,29,818.02,Egreso,2025-12-28,Transaction at Max Fashion,Transferencia,6331.51,0,Clothing
5350.15,9093.48,NULA,82,354.44,Egreso,2025-07-22,Transaction at Levis,Transferencia,6652.05,0,Clothing
5774.93,4085.62,BAJA,72,1525.55,Egreso,2025-06-04,Transaction at Spencers,Transferencia,1218.05,0,Grocery
46121.81,5830.23,MEDIA,41,1367.82,Egreso,2025-08-28,Transaction at Property Tax Online,Transferencia,769.09,0,Bills
30838.85,4652.97,NULA,52,524.63,Egreso,2025-05-06,Transaction at SonyLiv,Credito,649.84,1,Entertainment
38695.84,8512.72,NULA,70,294.25,Egreso,2025-01-23,Transaction at A2B,Credito,1366.0,2,Food
42919.66,9343.87,ALTA,5,1609.42,Egreso,2025-05-28,Transaction at Dominos,Transferencia,166.55,0,Food
45893.47,3546.31,BAJA,86,628.82,Egreso,2025-01-27,Transaction at Rapido,Debito,1777.46,0,Transport
43689.75,7607.55,BAJA,54,1595.79,Egreso,2025-08-21,Transaction at DMart,Debito,1667.73,0,Grocery
43426.23,8470.62,ALTA,34,123.45,Egreso,2025-12-14,Transaction at Vodafone Idea,Debito,560.69,0,Bills
40739.22,7027.39,MEDIA,84,273.47,Egreso,2025-07-02,Transaction at IndiGo,Transferencia,14451.75,0,Travel
42374.25,8395.78,MEDIA,16,1658.04,Egreso,2025-12-28,Transaction at Paradise Biryani,Transferencia,1241.46,0,Food
33387.66,9495.42,BAJA,32,1305.51,Egreso,2025-05-22,Transaction at Noise,Credito,83754.03,1,Electronics
47437.14,4319.42,ALTA,49,932.97,Egreso,2025-04-18,Transaction at Boat Lifestyle,Transferencia,60575.87,0,Electronics
18403.86,9754.57,BAJA,59,359.71,Egreso,2025-04-02,Transaction at Reliance Fresh,Transferencia,2591.87,0,Grocery
42113.78,2417.83,ALTA,89,1513.34,Egreso,2025-08-14,Transaction at Nature's Basket,Credito,242.72,6,Grocery
34387.2,3630.13,NULA,75,149.52,Egreso,2025-05-01,Transaction at Goibibo,Transferencia,11084.88,0,Travel
40114.71,9659.43,NULA,71,1951.23,Egreso,2025-12-02,Transaction at MakeMyTrip,Transferencia,5058.29,0,Travel
15424.04,2897.55,MEDIA,52,1174.83,Egreso,2025-07-10,Transaction at Hotstar,Credito,256.25,1,Entertainment
20651.99,9320.31,NULA,68,950.68,Egreso,2025-08-06,Transaction at Croma,Transferencia,137398.45,0,Electronics
21858.84,5245.46,ALTA,67,444.56,Egreso,2025-02-08,Transaction at Subway,Credito,1392.53,9,Food
15341.66,6358.45,ALTA,70,186.16,Egreso,2025-10-25,Transaction at Wrogn,Credito,7419.57,3,Clothing
35799.13,9829.92,ALTA,83,1103.61,Egreso,2025-10-20,Transaction at Property Tax Online,Debito,3108.67,0,Bills
17058.88,3119.71,MEDIA,56,811.72,Egreso,2025-03-10,Transaction at Rapido,Debito,478.45,0,Transport
38453.15,4149.37,BAJA,13,867.23,Egreso,2025-05-27,Transaction at JioMart,Debito,2410.58,0,Grocery
22316.5,5341.72,NULA,67,1406.32,Egreso,2025-04-15,Transaction at Taco Bell,Credito,581.29,5,Food
20807.07,3863.68,NULA,48,723.92,Egreso,2025-11-23,Transaction at RedBus,Credito,855.69,11,Transport
31807.74,4075.31,ALTA,69,118.44,Egreso,2025-11-05,Transaction at Water Board,Debito,5439.65,0,Bills
24376.0,5893.55,NULA,79,1898.72,Egreso,2025-08-03,Transaction at HP World,Transferencia,135969.59,0,Electronics
35284.65,1219.36,ALTA,78,1223.37,Egreso,2025-09-28,Transaction at Vistara,Credito,15743.04,9,Travel
43282.94,2129.17,ALTA,45,836.01,Egreso,2025-03-04,Transaction at Chai Point,Debito,1488.0,0,Food
12292.92,5151.01,ALTA,98,1790.42,Egreso,2025-12-10,Transaction at Vodafone Idea,Transferencia,1713.09,0,Bills
14956.78,4223.59,MEDIA,54,1610.03,Egreso,2025-10-29,Transaction at BigBazaar,Transferencia,561.33,0,Grocery
31027.34,6458.13,ALTA,12,1623.32,Egreso,2025-01-11,Transaction at Vistara,Transferencia,11898.44,0,Travel
21330.38,1102.65,ALTA,17,1429.1,Egreso,2025-06-03,Transaction at Aster,Credito,19186.83,3,Healthcare
13574.07,7713.36,MEDIA,8,1545.42,Egreso,2025-12-22,Transaction at Levis,Transferencia,7008.66,0,Clothing
19343.45,2362.55,ALTA,69,714.93,Egreso,2025-01-18,Transaction at A2B,Transferencia,444.21,0,Food
43793.73,2626.78,NULA,50,778.53,Egreso,2025-10-22,Transaction at MedPlus,Transferencia,9034.01,0,Healthcare
40416.68,6510.37,MEDIA,39,1950.51,Egreso,2025-08-11,Transaction at CCD,Credito,886.04,4,Food
6539.39,7532.88,ALTA,50,439.52,Egreso,2025-07-31,Transaction at Apple Store,Debito,50968.02,0,Electronics
37542.82,8849.81,NULA,87,162.43,Egreso,2025-03-21,Transaction at Air India,Debito,21757.23,0,Travel
44694.44,8030.18,ALTA,25,1959.44,Egreso,2025-01-17,Transaction at Zara,Debito,5008.45,0,Clothing
32612.49,2441.07,BAJA,1,109.62,Egreso,2025-02-06,Transaction at Air India,Transferencia,16556.96,0,Travel
8744.65,5620.06,BAJA,2,978.9,Egreso,2025-08-06,Transaction at BSNL,Transferencia,4915.99,0,Bills
9594.71,7021.26,BAJA,1,1152.55,Egreso,2025-11-23,Transaction at Cream Stone,Debito,767.84,0,Food
25750.19,6500.93,ALTA,78,1864.27,Egreso,2025-07-31,Transaction at Dell Exclusive,Transferencia,16926.32,0,Electronics
46206.76,5739.67,ALTA,90,1801.52,Egreso,2025-07-17,Transaction at Netmeds,Debito,17321.49,0,Healthcare
8509.5,4252.69,ALTA,47,1288.34,Egreso,2025-01-18,Transaction at Rapido,Transferencia,401.36,0,Transport
21718.97,4843.68,MEDIA,31,1553.65,Egreso,2025-06-28,Transaction at Property Tax Online,Transferencia,5097.82,0,Bills
6514.66,8503.15,NULA,87,275.77,Egreso,2025-07-21,Transaction at IRCTC,Transferencia,22484.89,0,Travel
38409.94,4905.72,BAJA,23,1717.16,Egreso,2025-11-27,Transaction at US Polo,Transferencia,1486.41,0,Clothing
12758.35,1433.43,MEDIA,97,913.49,Egreso,2025-08-10,Transaction at Croma,Transferencia,27810.14,0,Electronics
10369.37,6328.08,ALTA,43,1513.79,Egreso,2025-01-12,Transaction at Ola,Transferencia,649.03,0,Transport
14528.51,2869.74,BAJA,98,1961.24,Egreso,2025-05-26,Transaction at Nilgiris,Debito,276.76,0,Grocery
6997.66,5806.88,BAJA,92,348.92,Egreso,2025-05-10,Transaction at IRCTC,Debito,27088.5,0,Travel
35830.14,3269.42,NULA,60,1581.68,Egreso,2025-12-30,Transaction at Paradise Biryani,Credito,475.19,7,Food
35423.01,9738.75,BAJA,23,1072.37,Egreso,2025-06-09,Transaction at Barbeque Nation,Credito,791.01,1,Food
28910.51,1959.73,NULA,24,1542.24,Egreso,2025-01-10,Transaction at Reliance Fresh,Transferencia,2479.44,0,Grocery
9203.22,5962.57,BAJA,36,879.85,Egreso,2025-05-05,Transaction at Ajio,Credito,12800.73,2,Online Shopping
27885.38,4362.11,ALTA,48,658.29,Egreso,2025-05-05,Transaction at Noise,Debito,5051.77,0,Electronics
35483.03,7668.41,BAJA,24,1487.0,Egreso,2025-04-16,Transaction at Amazon Prime,Transferencia,198.75,0,Entertainment
25851.36,9908.95,BAJA,92,290.47,Egreso,2025-01-29,Transaction at Spencers,Debito,4530.78,0,Grocery
30782.74,6784.75,NULA,74,840.05,Egreso,2025-07-24,Transaction at CCD,Transferencia,719.08,0,Food
11303.79,4566.16,NULA,9,434.51,Egreso,2025-05-22,Transaction at OYO,Credito,26258.19,9,Travel
15443.92,8599.34,MEDIA,94,264.68,Egreso,2025-04-17,Transaction at MedPlus,Debito,19853.17,0,Healthcare
6310.54,9422.17,BAJA,30,1163.2,Egreso,2025-05-01,Transaction at Woodland,Credito,5344.42,3,Clothing
31221.06,4315.46,BAJA,88,1088.65,Egreso,2025-03-12,Transaction at Lenskart,Credito,18769.15,2,Online Shopping
32748.35,9004.08,MEDIA,57,1772.01,Egreso,2025-09-28,Transaction at Amazon Prime,Credito,880.69,11,Entertainment
49934.97,8627.51,ALTA,89,281.71,Egreso,2025-01-02,Transaction at DMart,Transferencia,3005.39,0,Grocery
27954.34,1876.98,BAJA,90,869.17,Egreso,2025-09-03,Transaction at Tata Cliq,Debito,7017.43,0,Online Shopping
24746.62,3083.93,ALTA,49,1841.02,Egreso,2025-09-22,Transaction at Meru Cabs,Transferencia,1834.71,0,Transport
9632.05,9468.1,BAJA,77,139.64,Egreso,2025-07-07,Transaction at Sony Center,Transferencia,70551.62,0,Electronics
27941.33,9335.49,MEDIA,80,746.43,Egreso,2025-08-30,Transaction at Woodland,Transferencia,3887.13,0,Clothing
38590.02,7680.11,NULA,41,408.59,Egreso,2025-03-26,Transaction at Reliance Digital,Credito,44045.88,10,Electronics
49510.72,2715.86,NULA,7,1065.66,Egreso,2025-05-15,Transaction at Goibibo,Transferencia,9254.14,0,Travel
29452.07,3567.93,MEDIA,23,925.09,Egreso,2025-11-17,Transaction at OYO,Debito,5172.31,0,Travel
42324.07,3347.72,BAJA,99,717.89,Egreso,2025-08-05,Transaction at Metro Rail,Credito,74.37,8,Transport
38681.58,2802.12,ALTA,74,661.09,Egreso,2025-06-02,Transaction at Noise,Transferencia,79845.29,0,Electronics
27588.77,5932.72,BAJA,83,1513.01,Egreso,2025-06-06,Transaction at Star Bazaar,Transferencia,1987.32,0,Grocery
26968.76,5488.3,ALTA,34,1415.0,Egreso,2025-03-14,Transaction at Zara,Credito,1339.23,7,Clothing
40444.35,3349.46,BAJA,26,1418.84,Egreso,2025-01-07,Transaction at Yulu Bikes,Credito,125.12,11,Transport
24050.95,3007.79,MEDIA,94,1669.43,Egreso,2025-07-16,Transaction at Apple Store,Debito,144071.63,0,Electronics
47413.66,5992.92,NULA,23,1903.78,Egreso,2025-09-06,Transaction at Croma,Transferencia,102084.89,0,Electronics
34440.01,7834.68,NULA,7,1966.87,Egreso,2025-09-22,Transaction at Puma,Transferencia,3139.51,0,Clothing
43676.37,5424.73,MEDIA,93,971.22,Egreso,2025-06-24,Transaction at OnePlus,Transferencia,94527.81,0,Electronics
19290.84,4719.85,ALTA,84,1372.21,Egreso,2025-01-24,Transaction at TNEB,Transferencia,946.49,0,Bills
46946.7,8313.41,BAJA,49,652.73,Egreso,2025-02-05,Transaction at Spotify,Transferencia,773.52,0,Entertainment
33717.87,6480.64,NULA,32,1927.67,Egreso,2025-01-16,Transaction at Star Bazaar,Transferencia,3028.9,0,Grocery
30825.39,9154.64,BAJA,82,472.48,Egreso,2025-09-18,Transaction at Water Board,Debito,3593.83,0,Bills
42438.95,3715.48,MEDIA,80,409.38,Egreso,2025-02-05,Transaction at Spencers,Transferencia,3307.49,0,Grocery
32617.4,2115.38,BAJA,47,1310.78,Egreso,2025-11-26,Transaction at CCD,Transferencia,1154.09,0,Food
10283.0,7387.44,NULA,26,1744.76,Egreso,2025-05-16,Transaction at Burger King,Credito,728.11,2,Food
47136.67,4246.7,NULA,13,395.54,Egreso,2025-05-11,Transaction at CloudNine,Debito,14416.26,0,Healthcare
19556.1,2638.4,ALTA,59,1940.54,Egreso,2025-12-31,Transaction at OnePlus,Transferencia,92539.39,0,Electronics
26013.24,5776.3,MEDIA,29,810.86,Egreso,2025-12-10,Transaction at Nykaa,Debito,19138.31,0,Online Shopping
6392.49,8576.46,NULA,16,1225.59,Egreso,2025-03-07,Transaction at Apollo Hospital,Transferencia,19171.26,0,Healthcare
41638.35,2222.73,MEDIA,17,630.65,Egreso,2025-04-11,Transaction at KFC,Debito,1186.64,0,Food
46111.66,1662.34,ALTA,57,1298.01,Egreso,2025-04-18,Transaction at Fortis,Transferencia,14521.31,0,Healthcare
9878.21,5345.45,ALTA,14,1402.04,Egreso,2025-04-11,Transaction at Adidas,Transferencia,5316.1,0,Clothing
29882.48,9845.02,MEDIA,18,1162.4,Egreso,2025-05-13,Transaction at Dell Exclusive,Transferencia,93854.85,0,Electronics
21517.52,7453.07,NULA,74,1103.55,Egreso,2025-12-07,Transaction at Snapdeal,Transferencia,10112.47,0,Online Shopping
32455.08,4966.5,MEDIA,0,196.3,Egreso,2025-07-03,Transaction at Cream Stone,Transferencia,150.46,0,Food
22497.01,2962.55,ALTA,77,883.35,Egreso,2025-07-13,Transaction at Mi Store,Transferencia,9900.85,0,Electronics
49768.11,7462.03,MEDIA,74,1873.15,Egreso,2025-11-17,Transaction at IndiGo,Transferencia,21171.58,0,Travel
38967.13,3689.77,MEDIA,27,350.67,Egreso,2025-01-14,Transaction at ACT Fibernet,Credito,938.83,8,Bills
25725.46,8389.93,BAJA,1,1092.16,Egreso,2025-08-20,Transaction at IRCTC,Transferencia,6788.85,0,Travel
46393.53,1992.62,ALTA,11,1311.99,Egreso,2025-05-24,Transaction at DMart,Debito,4290.64,0,Grocery
7234.19,1159.65,BAJA,53,740.45,Egreso,2025-01-17,Transaction at TNEB,Credito,4550.61,3,Bills
8279.02,3657.17,ALTA,52,1282.89,Egreso,2025-06-13,Transaction at Property Tax Online,Transferencia,3866.92,0,Bills
47432.36,9537.69,BAJA,76,275.58,Egreso,2025-08-08,Transaction at Allen Solly,Debito,2092.53,0,Clothing
5207.81,7586.09,NULA,21,231.58,Egreso,2025-04-22,Transaction at Noise,Credito,29492.37,7,Electronics
31825.75,1549.8,MEDIA,22,349.6,Egreso,2025-09-13,Transaction at Amazon,Transferencia,12278.1,0,Online Shopping
10318.45,2144.03,ALTA,61,1021.57,Egreso,2025-09-18,Transaction at Air India,Credito,12883.14,3,Travel
8005.88,8182.42,BAJA,16,1753.02,Egreso,2025-04-29,Transaction at YouTube Premium,Transferencia,950.86,0,Entertainment
25116.51,5537.03,ALTA,32,561.15,Egreso,2025-01-25,Transaction at IRCTC,Transferencia,5858.15,0,Travel
31742.27,2152.5,NULA,26,632.46,Egreso,2025-05-09,Transaction at Airtel,Debito,4626.98,0,Bills
45515.04,6620.68,MEDIA,52,432.01,Egreso,2025-08-14,Transaction at Airtel,Transferencia,2641.59,0,Bills
18397.41,6942.12,BAJA,57,467.84,Egreso,2025-03-04,Transaction at Meru Cabs,Debito,602.24,0,Transport
42692.14,2612.73,BAJA,16,1909.89,Egreso,2025-10-28,Transaction at Ola,Transferencia,1357.91,0,Transport
27729.35,3614.65,ALTA,34,1728.01,Egreso,2025-12-05,Transaction at YouTube Premium,Credito,916.74,3,Entertainment
22932.51,3028.07,ALTA,69,1070.62,Egreso,2025-11-25,Transaction at Allen Solly,Transferencia,5521.72,0,Clothing
40725.79,6136.59,ALTA,47,1270.27,Egreso,2025-03-04,Transaction at Myntra,Transferencia,1787.01,0,Online Shopping
44767.89,2331.87,BAJA,7,1628.54,Egreso,2025-02-21,Transaction at Apple Music,Transferencia,635.98,0,Entertainment
8493.14,5018.3,BAJA,82,786.7,Egreso,2025-10-01,Transaction at DMart,Debito,1487.51,0,Grocery
16989.54,6560.74,BAJA,71,1843.4,Egreso,2025-11-11,Transaction at Starbucks,Debito,519.46,0,Food
23117.15,8872.08,MEDIA,18,1370.64,Egreso,2025-12-31,Transaction at Chai Point,Debito,457.49,0,Food
28149.22,8424.82,BAJA,63,1251.8,Egreso,2025-11-19,Transaction at ACT Fibernet,Credito,2993.98,3,Bills
28270.23,2361.88,MEDIA,94,538.59,Egreso,2025-07-22,Transaction at Meesho,Transferencia,6781.56,0,Online Shopping
8479.0,1856.7,BAJA,29,497.78,Egreso,2025-10-30,Transaction at Rapido,Credito,1862.9,6,Transport
38889.6,6329.27,NULA,91,650.39,Egreso,2025-06-14,Transaction at Property Tax Online,Debito,2975.76,0,Bills
40881.79,6098.93,BAJA,29,1274.43,Egreso,2025-06-19,Transaction at Gas Agency,Transferencia,4867.79,0,Bills
12034.34,5980.32,NULA,30,1942.34,Egreso,2025-02-14,Transaction at Hotstar,Transferencia,812.11,0,Entertainment
11326.69,1992.22,BAJA,43,1734.89,Egreso,2025-07-02,Transaction at HP World,Debito,126421.06,0,Electronics
45821.15,5679.63,MEDIA,54,1077.92,Egreso,2025-07-20,Transaction at Booking.com,Credito,21714.2,10,Travel
24625.31,2048.03,MEDIA,38,961.61,Egreso,2025-08-25,Transaction at Apollo Hospital,Credito,14166.66,5,Healthcare
20979.72,6713.52,ALTA,43,1727.18,Egreso,2025-03-19,Transaction at Apollo Pharmacy,Transferencia,17889.69,0,Healthcare
6837.38,1613.12,MEDIA,78,792.12,Egreso,2025-05-14,Transaction at Woodland,Transferencia,7646.12,0,Clothing
19085.02,2127.21,ALTA,96,1402.78,Egreso,2025-03-15,Transaction at Yulu Bikes,Credito,1328.05,3,Transport
5900.25,3049.88,BAJA,39,963.76,Egreso,2025-04-27,Transaction at Hotstar,Credito,800.87,11,Entertainment
17800.6,8016.06,ALTA,2,1542.38,Egreso,2025-12-19,Transaction at Woodland,Transferencia,591.33,0,Clothing
16620.34,7923.56,ALTA,75,1895.06,Egreso,2025-06-22,Transaction at Water Board,Credito,4557.25,1,Bills
20810.62,5928.81,MEDIA,62,910.66,Egreso,2025-08-22,Transaction at CloudNine,Transferencia,8986.21,0,Healthcare
6187.11,7804.2,MEDIA,19,713.34,Egreso,2025-09-30,Transaction at BigBazaar,Credito,4187.76,4,Grocery
40482.85,7952.31,BAJA,9,751.23,Egreso,2025-11-02,Transaction at Boat Lifestyle,Debito,138750.17,0,Electronics
21688.68,4486.81,NULA,14,1788.58,Egreso,2025-12-29,Transaction at Noise,Transferencia,121441.21,0,Electronics
44266.53,5006.56,NULA,55,891.69,Egreso,2025-07-21,Transaction at OnePlus,Debito,86790.29,0,Electronics
34702.47,8830.38,NULA,79,847.92,Egreso,2025-07-23,Transaction at Meru Cabs,Transferencia,379.57,0,Transport
15533.98,5069.97,ALTA,94,1733.43,Egreso,2025-12-15,Transaction at TNEB,Transferencia,903.8,0,Bills
11379.58,3687.26,NULA,6,1875.34,Egreso,2025-01-24,Transaction at Asus Store,Transferencia,79698.14,0,Electronics
41881.55,7236.65,NULA,27,657.11,Egreso,2025-06-09,Transaction at Fortis,Transferencia,17412.21,0,Healthcare
47316.32,1868.24,BAJA,15,1781.42,Egreso,2025-12-19,Transaction at Yulu Bikes,Transferencia,1370.47,0,Transport
35735.47,4944.52,BAJA,88,192.6,Egreso,2025-07-15,Transaction at US Polo,Transferencia,5186.54,0,Clothing
23290.33,8104.75,BAJA,70,1611.47,Egreso,2025-12-26,Transaction at BMTC,Transferencia,1334.25,0,Transport
13511.14,4249.63,MEDIA,74,867.91,Egreso,2025-03-01,Transaction at Netmeds,Transferencia,7703.86,0,Healthcare
47661.3,2831.84,ALTA,28,1259.47,Egreso,2025-09-10,Transaction at Netflix,Debito,176.31,0,Entertainment
7844.05,1350.64,BAJA,48,1554.96,Egreso,2025-01-11,Transaction at Jio Fiber,Transferencia,4175.51,0,Bills
41599.24,2039.1,MEDIA,76,1741.22,Egreso,2025-01-24,Transaction at Spencers,Debito,3226.9,0,Grocery
16152.59,3150.88,ALTA,30,817.11,Egreso,2025-11-13,Transaction at Biba,Debito,3577.56,0,Clothing
12113.11,7121.68,NULA,91,617.72,Egreso,2025-10-14,Transaction at Property Tax Online,Debito,5052.83,0,Bills
33624.21,7511.3,BAJA,26,1527.33,Egreso,2025-10-23,Transaction at ACT Fibernet,Debito,558.76,0,Bills
13379.57,5338.76,ALTA,16,680.9,Egreso,2025-10-06,Transaction at Puma,Transferencia,2291.3,0,Clothing
7498.54,8898.92,NULA,83,997.5,Egreso,2025-12-28,Transaction at RedBus,Transferencia,736.24,0,Transport
17162.92,8505.45,NULA,7,1841.7,Egreso,2025-05-19,Transaction at Starbucks,Debito,911.9,0,Food
26502.37,7765.31,ALTA,38,1723.6,Egreso,2025-08-15,Transaction at Flipkart,Credito,6605.3,5,Online Shopping
17958.7,9212.36,NULA,6,844.49,Egreso,2025-09-23,Transaction at Saravana Bhavan,Transferencia,450.05,0,Food
37053.79,2814.7,NULA,48,585.93,Egreso,2025-05-29,Transaction at Booking.com,Debito,26577.89,0,Travel
21624.09,1945.25,MEDIA,9,186.29,Egreso,2025-05-03,Transaction at Nykaa,Transferencia,8368.84,0,Online Shopping
16069.56,9228.78,ALTA,2,724.13,Egreso,2025-11-18,Transaction at Apollo Hospital,Credito,8795.87,7,Healthcare
27567.35,3979.6,BAJA,77,999.33,Egreso,2025-03-22,Transaction at US Polo,Credito,4198.96,2,Clothing
39644.64,7735.21,ALTA,26,1485.29,Egreso,2025-09-21,Transaction at Netflix,Debito,617.71,0,Entertainment
38208.02,2774.2,MEDIA,44,1656.34,Egreso,2025-06-23,Transaction at Lenskart,Debito,8136.23,0,Online Shopping
32165.05,5905.34,MEDIA,60,1405.06,Egreso,2025-04-16,Transaction at Vodafone Idea,Credito,4982.06,7,Bills
32414.49,8031.71,ALTA,54,120.29,Egreso,2025-07-11,Transaction at Subway,Transferencia,131.78,0,Food
18538.89,2188.38,BAJA,56,1023.48,Egreso,2025-04-26,Transaction at Meru Cabs,Transferencia,87.44,0,Transport
21394.23,7731.22,ALTA,77,405.1,Egreso,2025-10-26,Transaction at Spencers,Credito,4080.83,1,Grocery
43574.95,4139.8,MEDIA,42,1989.12,Egreso,2025-12-30,Transaction at Asus Store,Transferencia,29429.76,0,Electronics
45798.73,8161.89,MEDIA,9,452.75,Egreso,2025-01-05,Transaction at 1mg,Credito,8486.73,7,Healthcare
16486.25,4228.31,ALTA,16,1732.73,Egreso,2025-10-19,Transaction at BMTC,Transferencia,1545.39,0,Transport
39071.34,2175.2,BAJA,59,1020.98,Egreso,2025-09-11,Transaction at Uber,Debito,883.23,0,Transport
16338.41,2727.83,BAJA,15,636.77,Egreso,2025-05-16,Transaction at Sony Center,Transferencia,18955.81,0,Electronics
41270.8,2118.26,MEDIA,6,883.46,Egreso,2025-02-05,Transaction at Adidas,Debito,4092.11,0,Clothing
36796.0,4820.22,ALTA,94,1378.8,Egreso,2025-07-18,Transaction at Tata Cliq,Credito,9198.23,11,Online Shopping
12101.39,8226.49,NULA,59,1367.47,Egreso,2025-01-01,Transaction at TNEB,Credito,3430.73,5,Bills
9527.62,5491.73,MEDIA,3,1859.01,Egreso,2025-07-26,Transaction at Air India,Transferencia,22231.53,0,Travel
47808.45,8734.75,MEDIA,44,1586.77,Egreso,2025-05-12,Transaction at Amazon,Transferencia,16121.32,0,Online Shopping
49802.85,1296.54,ALTA,43,202.5,Egreso,2025-08-26,Transaction at Nature's Basket,Debito,1522.8,0,Grocery
30165.68,8989.2,ALTA,15,471.3,Egreso,2025-04-04,Transaction at Barbeque Nation,Transferencia,399.31,0,Food
6105.32,8522.88,ALTA,64,1976.19,Egreso,2025-09-28,Transaction at Netmeds,Debito,3255.16,0,Healthcare
41152.07,3335.11,NULA,78,622.73,Egreso,2025-06-10,Transaction at Max Fashion,Transferencia,5048.6,0,Clothing
33955.15,7950.0,NULA,52,676.28,Egreso,2025-01-05,Transaction at Burger King,Transferencia,250.72,0,Food
32859.79,8797.15,NULA,27,985.01,Egreso,2025-03-16,Transaction at AirAsia,Transferencia,22608.88,0,Travel
41809.71,1525.04,ALTA,61,1054.9,Egreso,2025-01-16,Transaction at Taco Bell,Debito,417.71,0,Food
42643.85,6636.21,BAJA,91,924.2,Egreso,2025-09-21,Transaction at BMTC,Transferencia,665.42,0,Transport
44382.26,2672.29,ALTA,15,915.24,Egreso,2025-01-02,Transaction at Lenskart,Transferencia,5764.96,0,Online Shopping
36366.52,4803.6,BAJA,36,731.13,Egreso,2025-12-05,Transaction at Netflix,Transferencia,614.75,0,Entertainment
11047.57,1195.32,ALTA,60,1616.48,Egreso,2025-01-13,Transaction at Jio Fiber,Transferencia,1614.14,0,Bills
6971.58,7603.38,BAJA,85,1100.98,Egreso,2025-01-14,Transaction at Asus Store,Debito,64262.79,0,Electronics
8788.81,2757.56,ALTA,63,1938.01,Egreso,2025-08-08,Transaction at Uber,Debito,1314.2,0,Transport
21311.05,1036.99,ALTA,59,292.91,Egreso,2025-06-26,Transaction at Apple Music,Debito,663.07,0,Entertainment
16199.84,8762.48,ALTA,47,1218.11,Egreso,2025-01-07,Transaction at Spotify,Debito,198.5,0,Entertainment
22381.49,4551.24,ALTA,25,1963.91,Egreso,2025-07-02,Transaction at Air India,Debito,19334.56,0,Travel
18760.43,8335.45,BAJA,45,623.65,Egreso,2025-02-21,Transaction at Nature's Basket,Debito,3885.4,0,Grocery
14389.01,3892.75,MEDIA,16,1836.24,Egreso,2025-11-08,Transaction at Gas Agency,Transferencia,358.14,0,Bills
17508.24,9469.04,NULA,6,1392.28,Egreso,2025-10-11,Transaction at SonyLiv,Transferencia,495.23,0,Entertainment
16718.35,7737.64,BAJA,12,1404.64,Egreso,2025-07-29,Transaction at Zara,Transferencia,6321.93,0,Clothing
17680.29,1123.67,ALTA,31,653.3,Egreso,2025-11-02,Transaction at Netmeds,Transferencia,8642.98,0,Healthcare
9353.56,1820.7,MEDIA,56,554.16,Egreso,2025-08-25,Transaction at BSNL,Credito,5372.21,9,Bills
36400.68,5543.8,ALTA,93,207.36,Egreso,2025-06-02,Transaction at Aha,Debito,152.7,0,Entertainment
41079.1,6575.89,ALTA,63,269.74,Egreso,2025-10-25,Transaction at Yatra,Credito,26225.92,2,Travel
21762.71,7198.98,NULA,39,1099.22,Egreso,2025-06-14,Transaction at Kauvery,Debito,10528.04,0,Healthcare
11410.16,9149.97,MEDIA,96,818.3,Egreso,2025-08-30,Transaction at Ajio,Credito,3276.5,4,Online Shopping
17476.76,2938.7,BAJA,4,845.9,Egreso,2025-07-17,Transaction at Yatra,Credito,24172.14,11,Travel
30774.74,6263.25,BAJA,26,1262.89,Egreso,2025-02-16,Transaction at Myntra,Credito,9201.83,7,Online Shopping
42640.8,1046.8,BAJA,68,443.01,Egreso,2025-08-03,Transaction at Subway,Transferencia,720.76,0,Food
47812.32,3355.03,ALTA,96,268.18,Egreso,2025-06-20,Transaction at IndiGo,Debito,21434.61,0,Travel
41946.42,1365.09,ALTA,17,1270.91,Egreso,2025-09-23,Transaction at Hotstar,Credito,272.22,4,Entertainment
49282.64,7214.97,ALTA,50,930.5,Egreso,2025-01-22,Transaction at Amazon Prime,Credito,717.9,8,Entertainment
29460.26,9061.07,MEDIA,42,564.01,Egreso,2025-07-13,Transaction at BigBazaar,Credito,2723.88,4,Grocery
18782.29,8654.39,NULA,70,992.45,Egreso,2025-04-14,Transaction at Pantaloons,Debito,2666.09,0,Clothing
47802.12,5512.39,BAJA,89,1645.66,Egreso,2025-12-22,Transaction at Subway,Credito,1405.12,4,Food
17997.74,1381.1,BAJA,35,457.32,Egreso,2025-09-30,Transaction at Yulu Bikes,Credito,236.77,2,Transport
26466.56,4009.48,ALTA,78,1973.6,Egreso,2025-10-13,Transaction at Yulu Bikes,Credito,603.78,11,Transport
36388.98,6604.75,ALTA,6,1135.43,Egreso,2025-08-29,Transaction at Rapido,Transferencia,1940.48,0,Transport
45111.8,4802.6,MEDIA,42,1520.73,Egreso,2025-07-28,Transaction at BigBazaar,Debito,222.48,0,Grocery
20568.48,3247.26,MEDIA,31,281.19,Egreso,2025-01-04,Transaction at Subway,Transferencia,603.38,0,Food
39587.04,8560.39,BAJA,90,543.08,Egreso,2025-04-19,Transaction at Croma,Debito,148113.75,0,Electronics
40536.12,8037.77,NULA,13,111.11,Egreso,2025-02-19,Transaction at Allen Solly,Debito,7913.89,0,Clothing
25691.55,5601.26,NULA,82,845.78,Egreso,2025-10-25,Transaction at Flipkart,Transferencia,16816.51,0,Online Shopping
9712.89,7348.49,NULA,40,660.85,Egreso,2025-11-24,Transaction at Subway,Debito,472.83,0,Food
30586.19,4695.31,NULA,37,1446.42,Egreso,2025-06-06,Transaction at Jio Fiber,Credito,3376.56,3,Bills
45015.19,9654.54,BAJA,33,1997.72,Egreso,2025-01-02,Transaction at Pantaloons,Credito,3911.64,5,Clothing
35130.45,6538.32,BAJA,94,884.2,Egreso,2025-12-22,Transaction at Zara,Debito,2511.12,0,Clothing
13905.37,3994.51,MEDIA,31,756.71,Egreso,2025-04-29,Transaction at OYO,Debito,22066.8,0,Travel
32420.02,2658.21,MEDIA,96,502.08,Egreso,2025-09-14,Transaction at Cream Stone,Debito,1141.01,0,Food
34107.81,9347.54,MEDIA,50,196.44,Egreso,2025-08-08,Transaction at BSNL,Debito,3039.44,0,Bills
16099.93,8250.62,NULA,33,1969.21,Egreso,2025-09-28,Transaction at Pizza Hut,Transferencia,940.41,0,Food
23793.89,6170.88,ALTA,13,1679.93,Egreso,2025-01-29,Transaction at Pantaloons,Debito,2657.47,0,Clothing
35757.57,3852.58,ALTA,84,1191.44,Egreso,2025-06-24,Transaction at Netmeds,Credito,16586.35,8,Healthcare
10993.39,3636.05,NULA,24,450.9,Egreso,2025-09-27,Transaction at Meesho,Transferencia,5700.11,0,Online Shopping
40926.47,5388.49,NULA,30,664.24,Egreso,2025-10-07,Transaction at Apollo Hospital,Transferencia,7435.35,0,Healthcare
36041.04,4753.72,ALTA,48,996.7,Egreso,2025-08-31,Transaction at Boat Lifestyle,Transferencia,20234.55,0,Electronics
9050.49,2191.09,NULA,96,292.17,Egreso,2025-12-22,Transaction at YouTube Premium,Transferencia,107.6,0,Entertainment
8828.9,7835.69,ALTA,26,1752.84,Egreso,2025-10-13,Transaction at Cream Stone,Transferencia,717.38,0,Food
41057.13,3457.55,BAJA,26,1749.19,Egreso,2025-06-22,Transaction at BigBazaar,Credito,3864.47,2,Grocery
47673.47,5764.28,MEDIA,81,513.87,Egreso,2025-02-08,Transaction at Dell Exclusive,Debito,31533.94,0,Electronics
31561.13,1413.79,NULA,20,1280.75,Egreso,2025-10-19,Transaction at Apple Music,Transferencia,131.87,0,Entertainment
24610.45,7545.02,BAJA,29,669.58,Egreso,2025-10-15,Transaction at Mi Store,Transferencia,135981.42,0,Electronics
33541.91,3794.15,BAJA,61,1605.5,Egreso,2025-02-05,Transaction at Burger King,Transferencia,380.35,0,Food
21954.74,1282.11,ALTA,21,1254.81,Egreso,2025-09-26,Transaction at Woodland,Transferencia,5696.22,0,Clothing
33738.94,9267.21,ALTA,40,1103.84,Egreso,2025-09-16,Transaction at Zee5,Credito,749.57,8,Entertainment
7902.33,4256.51,NULA,78,1829.78,Egreso,2025-11-23,Transaction at TNEB,Debito,432.5,0,Bills
16325.09,9470.95,BAJA,77,1321.63,Egreso,2025-05-05,Transaction at IndiGo,Debito,7358.45,0,Travel
23025.21,8026.25,NULA,37,449.43,Egreso,2025-04-29,Transaction at AirAsia,Credito,13433.27,8,Travel
37643.82,3992.71,ALTA,10,995.93,Egreso,2025-09-12,Transaction at Fortis,Credito,6269.66,9,Healthcare
14299.22,5346.94,MEDIA,29,990.74,Egreso,2025-06-08,Transaction at Myntra,Credito,2305.91,10,Online Shopping
23475.43,6764.83,BAJA,18,1491.37,Egreso,2025-01-27,Transaction at Starbucks,Credito,429.92,5,Food
45542.77,3595.22,MEDIA,17,200.79,Egreso,2025-02-26,Transaction at Kauvery,Debito,3852.04,0,Healthcare
41300.75,9156.32,MEDIA,72,735.62,Egreso,2025-10-14,Transaction at Noise,Credito,109598.04,7,Electronics
45170.44,6314.24,ALTA,11,1597.1,Egreso,2025-11-25,Transaction at KFC,Credito,1343.19,5,Food
36230.69,9310.32,BAJA,87,1569.95,Egreso,2025-08-08,Transaction at Snapdeal,Credito,19066.67,2,Online Shopping
23340.48,7556.96,NULA,14,1669.05,Egreso,2025-06-18,Transaction at Samsung Store,Transferencia,84176.23,0,Electronics
27683.25,9711.74,ALTA,48,742.86,Egreso,2025-10-22,Transaction at Levis,Transferencia,2948.84,0,Clothing
25616.91,6014.95,BAJA,98,868.46,Egreso,2025-11-15,Transaction at YouTube Premium,Transferencia,173.75,0,Entertainment
31973.3,4846.08,ALTA,86,856.9,Egreso,2025-03-26,Transaction at Puma,Debito,3893.43,0,Clothing
42059.74,7507.31,BAJA,67,1707.63,Egreso,2025-09-19,Transaction at Flipkart,Transferencia,7438.84,0,Online Shopping
48771.2,3580.28,MEDIA,37,222.78,Egreso,2025-02-04,Transaction at Woodland,Debito,2692.12,0,Clothing
22427.28,2439.23,ALTA,14,277.32,Egreso,2025-07-03,Transaction at Reliance Fresh,Transferencia,3341.18,0,Grocery
31961.47,7404.57,BAJA,84,219.0,Egreso,2025-02-10,Transaction at Nilgiris,Credito,4543.73,4,Grocery
25458.14,7031.06,ALTA,17,296.98,Egreso,2025-02-06,Transaction at Paradise Biryani,Credito,601.51,5,Food
38894.03,9582.59,BAJA,73,1020.1,Egreso,2025-04-26,Transaction at Aster,Debito,6560.89,0,Healthcare
15631.14,6505.84,ALTA,56,1039.44,Egreso,2025-11-15,Transaction at Zee5,Transferencia,437.88,0,Entertainment
48067.77,5895.46,ALTA,66,365.45,Egreso,2025-12-03,Transaction at Vodafone Idea,Debito,5962.32,0,Bills
44178.39,2645.02,ALTA,70,1777.14,Egreso,2025-10-04,Transaction at Ajio,Transferencia,8552.37,0,Online Shopping
40372.7,9823.78,BAJA,64,229.86,Egreso,2025-01-17,Transaction at Mi Store,Debito,21677.29,0,Electronics
25176.17,4206.34,MEDIA,52,798.34,Egreso,2025-10-11,Transaction at Jio Fiber,Transferencia,2014.05,0,Bills
7239.98,6153.33,MEDIA,58,125.99,Egreso,2025-02-22,Transaction at TSRTC,Transferencia,897.95,0,Transport
26651.7,9071.57,NULA,4,982.98,Egreso,2025-02-23,Transaction at Apple Music,Transferencia,241.94,0,Entertainment
12435.71,3108.31,NULA,15,209.51,Egreso,2025-01-05,Transaction at Myntra,Transferencia,15790.2,0,Online Shopping
27949.42,1157.89,NULA,15,1445.39,Egreso,2025-07-30,Transaction at Reliance Fresh,Credito,4460.8,4,Grocery
34027.51,9411.93,BAJA,48,1477.06,Egreso,2025-07-23,Transaction at Nilgiris,Credito,1478.7,4,Grocery
15517.97,6397.94,MEDIA,83,1098.58,Egreso,2025-07-19,Transaction at Paradise Biryani,Transferencia,1414.48,0,Food
15200.9,1880.76,MEDIA,11,1315.85,Egreso,2025-10-19,Transaction at Lenskart,Transferencia,10691.39,0,Online Shopping
26453.96,4015.8,BAJA,96,250.37,Egreso,2025-10-15,Transaction at TNEB,Debito,2554.16,0,Bills
38598.23,6043.83,BAJA,60,1838.38,Egreso,2025-06-23,Transaction at Zee5,Transferencia,415.54,0,Entertainment
26339.14,5887.12,ALTA,17,648.53,Egreso,2025-04-20,Transaction at More Supermarket,Credito,1418.76,2,Grocery
28531.67,1021.76,MEDIA,76,974.72,Egreso,2025-08-31,Transaction at Gaana,Credito,286.31,6,Entertainment
39518.88,5442.38,MEDIA,58,317.65,Egreso,2025-02-25,Transaction at Apple Music,Credito,634.76,9,Entertainment
5659.44,1948.88,NULA,9,1786.95,Egreso,2025-06-17,Transaction at Mi Store,Credito,58363.45,10,Electronics
15774.71,5781.64,BAJA,47,489.7,Egreso,2025-09-02,Transaction at JioMart,Debito,3667.02,0,Grocery
46092.02,9539.52,ALTA,52,1249.36,Egreso,2025-07-14,Transaction at Goibibo,Transferencia,23483.65,0,Travel
44432.52,2327.99,MEDIA,27,197.65,Egreso,2025-09-20,Transaction at Paradise Biryani,Transferencia,1229.64,0,Food
5805.64,6525.6,MEDIA,61,452.96,Egreso,2025-02-08,Transaction at Myntra,Credito,14395.95,2,Online Shopping
18383.58,7188.42,MEDIA,84,1041.86,Egreso,2025-12-23,Transaction at HP World,Transferencia,147742.75,0,Electronics
42327.5,3748.37,ALTA,93,132.21,Egreso,2025-02-24,Transaction at Uber,Transferencia,541.69,0,Transport
29359.53,3075.23,NULA,77,1766.46,Egreso,2025-03-30,Transaction at Starbucks,Credito,229.29,3,Food
44418.61,4528.87,BAJA,78,565.78,Egreso,2025-10-24,Transaction at Vodafone Idea,Credito,968.04,6,Bills
26062.64,7233.02,NULA,63,1338.12,Egreso,2025-04-15,Transaction at Reliance Digital,Transferencia,114392.15,0,Electronics
27437.97,7887.46,BAJA,80,1141.47,Egreso,2025-12-05,Transaction at MedPlus,Credito,1267.93,11,Healthcare
34799.41,3684.29,MEDIA,75,1279.74,Egreso,2025-09-26,Transaction at Saravana Bhavan,Transferencia,256.89,0,Food
41980.53,2584.08,BAJA,32,548.08,Egreso,2025-09-20,Transaction at JioMart,Transferencia,227.03,0,Grocery
8696.07,5019.54,NULA,66,363.03,Egreso,2025-02-09,Transaction at Hotstar,Credito,182.89,10,Entertainment
28567.24,5269.68,ALTA,61,1074.59,Egreso,2025-04-07,Transaction at TNEB,Transferencia,4129.39,0,Bills
13202.55,3249.8,BAJA,67,1208.26,Egreso,2025-03-13,Transaction at Goibibo,Transferencia,5145.97,0,Travel
21284.54,1128.35,BAJA,63,640.24,Egreso,2025-07-01,Transaction at Puma,Transferencia,3961.59,0,Clothing
13701.81,1283.75,ALTA,52,1372.3,Egreso,2025-10-28,Transaction at Aha,Debito,879.1,0,Entertainment
19195.53,5993.14,NULA,44,427.75,Egreso,2025-12-26,Transaction at Apollo Hospital,Transferencia,9301.88,0,Healthcare
29652.1,9173.11,MEDIA,6,197.95,Egreso,2025-02-02,Transaction at BigBazaar,Transferencia,1177.09,0,Grocery
32992.45,3593.64,ALTA,63,1549.72,Egreso,2025-01-30,Transaction at BigBazaar,Transferencia,2707.04,0,Grocery
24731.92,7201.28,MEDIA,26,1872.23,Egreso,2025-04-20,Transaction at Air India,Credito,23200.21,6,Travel
40217.12,4106.86,NULA,21,1892.29,Egreso,2025-05-29,Transaction at Meesho,Transferencia,4963.36,0,Online Shopping
7992.04,8566.08,ALTA,37,437.75,Egreso,2025-03-06,Transaction at Property Tax Online,Debito,5395.3,0,Bills
37398.38,2071.93,ALTA,78,1822.68,Egreso,2025-07-15,Transaction at Paradise Biryani,Debito,398.32,0,Food
18731.93,4493.74,MEDIA,62,1096.62,Egreso,2025-12-13,Transaction at DMart,Transferencia,1929.77,0,Grocery
32102.82,3821.25,BAJA,71,515.45,Egreso,2025-07-13,Transaction at MedPlus,Credito,17594.3,8,Healthcare
47076.93,7776.34,ALTA,67,137.01,Egreso,2025-10-25,Transaction at Chai Point,Debito,478.5,0,Food
15081.34,5361.18,BAJA,34,1557.46,Egreso,2025-06-28,Transaction at Nykaa,Debito,15605.72,0,Online Shopping
14993.49,1773.28,BAJA,36,368.6,Egreso,2025-07-01,Transaction at Boat Lifestyle,Transferencia,94778.38,0,Electronics
19424.55,2151.8,BAJA,89,1600.62,Egreso,2025-10-26,Transaction at Yulu Bikes,Debito,1805.67,0,Transport
48455.89,9262.61,BAJA,1,1371.92,Egreso,2025-11-07,Transaction at Pantaloons,Debito,1345.01,0,Clothing
48788.4,3937.26,MEDIA,63,1322.01,Egreso,2025-12-11,Transaction at JioMart,Transferencia,4115.73,0,Grocery
16626.27,2403.75,NULA,36,151.69,Egreso,2025-09-23,Transaction at Croma,Transferencia,111508.11,0,Electronics
44065.13,9639.48,MEDIA,70,992.35,Egreso,2025-08-31,Transaction at Fortis,Transferencia,926.03,0,Healthcare
47582.21,2837.32,NULA,63,232.59,Egreso,2025-12-12,Transaction at PharmEasy,Credito,13588.9,3,Healthcare
43615.64,3785.81,NULA,2,1788.41,Egreso,2025-12-31,Transaction at Apple Music,Transferencia,984.95,0,Entertainment
19242.94,6060.81,ALTA,77,1685.87,Egreso,2025-09-20,Transaction at 1mg,Debito,8383.71,0,Healthcare
27582.44,5248.15,NULA,77,1821.46,Egreso,2025-07-12,Transaction at Nike,Transferencia,6398.3,0,Clothing
38139.72,4720.63,ALTA,90,1907.63,Egreso,2025-10-04,Transaction at JioMart,Debito,2194.65,0,Grocery
28290.67,5126.53,MEDIA,82,973.28,Egreso,2025-03-02,Transaction at Pizza Hut,Transferencia,1026.85,0,Food
12045.47,2400.07,BAJA,26,325.2,Egreso,2025-03-01,Transaction at OnePlus,Transferencia,10205.6,0,Electronics
24974.2,7954.8,ALTA,64,912.6,Egreso,2025-02-01,Transaction at BSNL,Transferencia,1447.57,0,Bills
49784.94,8686.94,MEDIA,20,1595.49,Egreso,2025-05-15,Transaction at Myntra,Transferencia,7940.13,0,Online Shopping
22177.21,8769.91,BAJA,66,1036.82,Egreso,2025-09-19,Transaction at BigBazaar,Credito,1650.73,5,Grocery
31027.67,1263.84,MEDIA,70,266.59,Egreso,2025-08-05,Transaction at Vistara,Debito,8145.56,0,Travel
12263.56,8949.96,NULA,48,1024.65,Egreso,2025-05-02,Transaction at TNEB,Debito,2097.66,0,Bills
5763.33,4754.29,BAJA,28,1790.13,Egreso,2025-02-11,Transaction at Spencers,Transferencia,3691.33,0,Grocery
32500.33,2882.15,ALTA,98,1063.37,Egreso,2025-09-13,Transaction at Apollo Hospital,Transferencia,7570.81,0,Healthcare
49061.54,2302.44,NULA,96,738.64,Egreso,2025-03-29,Transaction at Water Board,Transferencia,3065.66,0,Bills
18402.91,1234.57,NULA,31,191.92,Egreso,2025-10-14,Transaction at Aha,Credito,545.36,1,Entertainment
8259.4,8242.99,MEDIA,77,1466.4,Egreso,2025-08-04,Transaction at IRCTC,Debito,11994.56,0,Travel
40609.88,6509.37,NULA,61,311.07,Egreso,2025-02-05,Transaction at MedPlus,Transferencia,12978.68,0,Healthcare
29950.73,2462.12,MEDIA,10,1078.25,Egreso,2025-03-16,Transaction at Zara,Transferencia,2533.35,0,Clothing
40740.81,3635.38,ALTA,17,972.79,Egreso,2025-10-15,Transaction at Snapdeal,Transferencia,7087.24,0,Online Shopping
28010.83,6828.17,ALTA,87,1808.56,Egreso,2025-10-12,Transaction at Paradise Biryani,Transferencia,271.57,0,Food
6966.52,1136.34,BAJA,81,635.5,Egreso,2025-12-07,Transaction at Vistara,Transferencia,29022.21,0,Travel
30892.84,9004.84,MEDIA,40,453.52,Egreso,2025-01-21,Transaction at Woodland,Debito,4335.83,0,Clothing
34079.1,7172.52,ALTA,5,1469.52,Egreso,2025-03-16,Transaction at Nykaa,Debito,5140.13,0,Online Shopping
31976.58,8214.79,BAJA,28,1122.37,Egreso,2025-02-11,Transaction at HP World,Debito,86466.42,0,Electronics
28982.88,1940.45,NULA,34,1211.35,Egreso,2025-07-29,Transaction at Nike,Transferencia,5381.05,0,Clothing
28428.84,6161.51,MEDIA,60,168.86,Egreso,2025-08-10,Transaction at Apple Music,Debito,179.49,0,Entertainment
6282.09,6779.12,MEDIA,46,954.23,Egreso,2025-05-31,Transaction at Water Board,Credito,1788.91,9,Bills
34494.89,5189.87,MEDIA,14,1273.78,Egreso,2025-04-10,Transaction at Starbucks,Transferencia,596.09,0,Food
26100.85,9423.77,ALTA,77,872.25,Egreso,2025-06-05,Transaction at Meru Cabs,Credito,1002.39,11,Transport
32010.03,8122.47,NULA,79,582.1,Egreso,2025-03-23,Transaction at Amazon,Transferencia,8299.29,0,Online Shopping
30726.73,3207.75,MEDIA,87,1379.53,Egreso,2025-12-07,Transaction at Sony Center,Transferencia,75591.45,0,Electronics
30403.69,1073.84,ALTA,18,581.3,Egreso,2025-06-29,Transaction at IRCTC,Credito,9441.74,2,Travel
41931.5,1556.5,MEDIA,98,969.47,Egreso,2025-12-02,Transaction at Netflix,Credito,481.45,3,Entertainment
16134.95,1593.64,MEDIA,20,1550.09,Egreso,2025-09-07,Transaction at Uber,Debito,308.35,0,Transport
42322.39,8575.28,ALTA,56,1156.01,Egreso,2025-08-26,Transaction at Adidas,Transferencia,2692.23,0,Clothing
39056.21,5103.8,ALTA,8,1799.85,Egreso,2025-03-23,Transaction at Meesho,Credito,8974.3,1,Online Shopping
47070.88,6607.32,MEDIA,11,1083.79,Egreso,2025-06-03,Transaction at Water Board,Transferencia,2124.3,0,Bills
47502.17,8327.6,ALTA,49,350.82,Egreso,2025-08-09,Transaction at Levis,Debito,2092.31,0,Clothing
47338.3,4127.74,MEDIA,72,1652.52,Egreso,2025-02-09,Transaction at Aha,Credito,878.86,6,Entertainment
31232.99,8295.18,BAJA,45,1222.8,Egreso,2025-07-10,Transaction at MakeMyTrip,Transferencia,13068.14,0,Travel
41154.16,2034.2,NULA,57,242.87,Egreso,2025-05-10,Transaction at Dominos,Credito,888.6,11,Food
36716.43,2466.23,MEDIA,30,1626.87,Egreso,2025-04-25,Transaction at Airtel,Debito,1638.95,0,Bills
7660.07,5013.74,BAJA,62,1894.39,Egreso,2025-07-03,Transaction at Uber,Transferencia,424.15,0,Transport
19172.04,3365.97,MEDIA,29,1829.25,Egreso,2025-03-29,Transaction at CloudNine,Credito,18646.48,2,Healthcare
37133.75,5558.3,BAJA,60,1724.67,Egreso,2025-01-03,Transaction at Zee5,Transferencia,827.43,0,Entertainment
39618.87,5904.79,NULA,52,1287.57,Egreso,2025-01-23,Transaction at SonyLiv,Transferencia,654.61,0,Entertainment
36231.27,5543.34,BAJA,92,249.47,Egreso,2025-01-03,Transaction at Zara,Transferencia,5898.3,0,Clothing
15732.69,8272.73,ALTA,85,1996.03,Egreso,2025-10-08,Transaction at Yulu Bikes,Credito,724.88,7,Transport
28986.32,9255.62,ALTA,24,1352.64,Egreso,2025-11-11,Transaction at US Polo,Transferencia,699.46,0,Clothing
41391.13,3971.43,NULA,4,804.73,Egreso,2025-02-05,Transaction at RedBus,Transferencia,1813.45,0,Transport
33108.54,4562.78,BAJA,21,1257.14,Egreso,2025-12-09,Transaction at OYO,Credito,26047.73,8,Travel
16939.61,2431.59,NULA,6,1460.01,Egreso,2025-07-10,Transaction at Lenskart,Debito,18836.73,0,Online Shopping
22349.89,2198.18,NULA,38,712.56,Egreso,2025-10-12,Transaction at SonyLiv,Transferencia,251.13,0,Entertainment
35506.26,6728.1,ALTA,43,841.75,Egreso,2025-05-15,Transaction at Dell Exclusive,Credito,78666.23,8,Electronics
30524.31,5754.64,NULA,85,1467.59,Egreso,2025-04-15,Transaction at Samsung Store,Transferencia,121314.21,0,Electronics
34420.14,3471.23,NULA,49,273.45,Egreso,2025-06-27,Transaction at Aster,Transferencia,14584.5,0,Healthcare
20134.63,2881.63,BAJA,60,983.4,Egreso,2025-10-17,Transaction at Samsung Store,Transferencia,44792.89,0,Electronics
33819.35,7753.82,MEDIA,90,1042.8,Egreso,2025-05-17,Transaction at Reliance Fresh,Transferencia,4769.53,0,Grocery
28070.62,5931.32,ALTA,11,558.43,Egreso,2025-03-08,Transaction at Biba,Debito,3244.67,0,Clothing
33889.31,8600.33,ALTA,2,1204.46,Egreso,2025-08-07,Transaction at Air India,Transferencia,11909.26,0,Travel
39351.35,3753.98,BAJA,32,797.71,Egreso,2025-11-04,Transaction at OYO,Transferencia,11021.8,0,Travel
17591.31,4538.37,NULA,99,724.51,Egreso,2025-02-28,Transaction at Pizza Hut,Transferencia,199.17,0,Food
6688.6,8551.25,BAJA,5,796.4,Egreso,2025-02-22,Transaction at BigBazaar,Transferencia,1035.78,0,Grocery
39735.66,2551.85,MEDIA,59,1942.17,Egreso,2025-03-13,Transaction at Netmeds,Debito,15118.17,0,Healthcare
